# This file uses centimeters as units for non-parametric coordinates.

mtllib arenaPie.mtl
g default
v -9.366744 1.958105 5.407892
v -5.407892 1.958105 9.366743
v -0.000000 0.444228 -0.000000
v -7.513139 1.958105 7.513139
v -1.995322 0.444228 3.457273
v -2.312767 0.437465 4.006124
v -2.460153 0.354141 4.262153
v -3.081383 0.444228 3.083248
v -3.199992 0.436422 3.200639
v -3.390610 0.348585 3.392902
v -4.261780 0.354138 2.460540
v -4.006017 0.437465 2.312874
v -3.456806 0.444228 1.995788
v -2.883732 0.084889 4.998755
v -3.018879 0.006021 5.233711
v -3.231068 -0.000000 5.601484
v -4.360610 -0.000000 4.372118
v -3.982247 0.006726 3.992919
v -3.824460 0.088077 3.833207
v -5.599536 -0.000000 3.232900
v -5.231931 0.006018 3.020657
v -4.997350 0.084872 2.885221
v 9.366744 1.958105 5.407892
v 5.407892 1.958105 9.366743
v 7.513139 1.958105 7.513139
v 1.995959 0.444228 3.457102
v 2.312914 0.437465 4.006084
v 2.460669 0.354143 4.262004
v 3.081383 0.444228 3.083248
v 3.199992 0.436422 3.200639
v 3.390608 0.348586 3.392899
v 4.261631 0.354140 2.461056
v 4.005977 0.437465 2.313022
v 3.456635 0.444228 1.996425
v 2.885693 0.084907 4.998168
v 3.021309 0.006024 5.233060
v 3.233638 -0.000000 5.600836
v 4.360526 -0.000000 4.372034
v 3.982248 0.006727 3.992919
v 3.824446 0.088083 3.833193
v 5.598887 -0.000000 3.235469
v 5.231281 0.006021 3.023087
v 4.996763 0.084889 2.887183
v -9.366744 1.958105 -5.407892
v -5.407892 1.958105 -9.366743
v -7.513139 1.958105 -7.513139
v -1.995959 0.444228 -3.457102
v -2.312914 0.437465 -4.006084
v -2.460669 0.354143 -4.262004
v -3.081383 0.444228 -3.083248
v -3.199992 0.436422 -3.200639
v -3.390608 0.348586 -3.392900
v -4.261631 0.354140 -2.461057
v -4.005977 0.437465 -2.313022
v -3.456635 0.444228 -1.996425
v -2.885693 0.084907 -4.998168
v -3.021309 0.006024 -5.233061
v -3.233633 -0.000000 -5.600816
v -4.360526 -0.000000 -4.372034
v -3.982248 0.006727 -3.992919
v -3.824446 0.088083 -3.833193
v -5.598887 -0.000000 -3.235469
v -5.231281 0.006021 -3.023087
v -4.996763 0.084889 -2.887183
v 9.366744 1.958105 -5.407892
v 5.407892 1.958105 -9.366743
v 7.513139 1.958105 -7.513139
v 1.995322 0.444228 -3.457273
v 2.312767 0.437465 -4.006124
v 2.460153 0.354141 -4.262153
v 3.081383 0.444228 -3.083248
v 3.199992 0.436422 -3.200639
v 3.390610 0.348585 -3.392902
v 4.261780 0.354138 -2.460540
v 4.006016 0.437465 -2.312875
v 3.456806 0.444228 -1.995788
v 2.883732 0.084889 -4.998755
v 3.018879 0.006021 -5.233711
v 3.231048 -0.000000 -5.601449
v 4.360522 -0.000000 -4.372029
v 3.982247 0.006726 -3.992919
v 3.824460 0.088077 -3.833207
v 5.599522 -0.000000 -3.232885
v 5.231931 0.006018 -3.020657
v 4.997350 0.084872 -2.885221
v -0.000000 1.958105 10.815784
v 2.750000 1.958105 10.263138
v 1.129480 0.444228 4.210179
v 1.171839 0.436422 4.371593
v 1.243033 0.348586 4.632802
v 0.000522 0.354140 4.921209
v 0.000147 0.437465 4.625788
v 0.000637 0.444228 3.991747
v 1.606062 -0.000000 5.962464
v 1.466846 0.006727 5.445187
v 1.407419 0.088083 5.228663
v 0.002555 -0.000000 6.466554
v 0.002429 0.006021 6.041965
v 0.001992 0.084889 5.770915
v 10.815784 1.958105 -0.000000
v 10.263138 1.958105 -2.750000
v 3.991747 0.444228 0.000637
v 4.625789 0.437465 0.000147
v 4.921209 0.354140 0.000522
v 4.210862 0.444228 -1.126932
v 4.371831 0.436422 -1.170954
v 4.633644 0.348585 -1.239904
v 5.770915 0.084889 0.001992
v 6.041965 0.006021 0.002429
v 6.466521 -0.000000 0.002555
v 5.966548 -0.000000 -1.590308
v 5.449093 0.006726 -1.452268
v 5.231885 0.088077 -1.395476
v -10.815784 1.958105 -0.000000
v -10.263138 1.958105 2.750000
v -3.991747 0.444228 -0.000637
v -4.625789 0.437465 -0.000148
v -4.921209 0.354140 -0.000522
v -4.210863 0.444228 1.126931
v -4.371831 0.436422 1.170954
v -4.633644 0.348585 1.239903
v -5.770915 0.084889 -0.001992
v -6.041965 0.006021 -0.002430
v -6.466521 -0.000000 -0.002555
v -5.966548 -0.000000 1.590308
v -5.449093 0.006726 1.452268
v -5.231885 0.088077 1.395476
v 0.000000 1.958105 -10.815784
v -2.750000 1.958105 -10.263138
v -1.129480 0.444228 -4.210180
v -1.171839 0.436422 -4.371594
v -1.243034 0.348586 -4.632802
v -0.000522 0.354140 -4.921209
v -0.000147 0.437465 -4.625788
v -0.000637 0.444228 -3.991747
v -1.606029 -0.000000 -5.962344
v -1.466846 0.006727 -5.445187
v -1.407419 0.088083 -5.228664
v -0.002555 -0.000000 -6.466513
v -0.002430 0.006021 -6.041965
v -0.001992 0.084889 -5.770915
v -2.750000 1.958105 10.263138
v -1.126931 0.444228 4.210862
v -1.170954 0.436422 4.371830
v -1.239902 0.348586 4.633643
v -1.590354 -0.000000 5.966671
v -1.452268 0.006726 5.449092
v -1.395471 0.088080 5.231875
v 10.263138 1.958105 2.750000
v 4.210179 0.444228 1.129480
v 4.371593 0.436422 1.171839
v 4.632803 0.348586 1.243034
v 5.962344 -0.000000 1.606015
v 5.445187 0.006726 1.466845
v 5.228673 0.088080 1.407424
v -10.263138 1.958105 -2.750000
v -4.210179 0.444228 -1.129480
v -4.371593 0.436422 -1.171839
v -4.632803 0.348586 -1.243034
v -5.962344 -0.000000 -1.606015
v -5.445187 0.006726 -1.466846
v -5.228673 0.088080 -1.407424
v 2.750000 1.958105 -10.263138
v 1.126931 0.444228 -4.210863
v 1.170954 0.436422 -4.371831
v 1.239902 0.348586 -4.633643
v 1.590322 -0.000000 -5.966548
v 1.452268 0.006726 -5.449092
v 1.395471 0.088080 -5.231875
v -6.710523 0.377357 6.725317
v -6.514732 0.022099 6.532815
v -6.094847 -0.000000 6.111491
v -7.838207 0.348835 4.525390
v -7.507750 0.017345 4.334607
v -7.109514 -0.000000 4.104718
v -4.102247 -0.000000 7.112110
v -4.331623 0.017353 7.510746
v -4.522802 0.348880 7.840758
v 6.710547 0.377374 6.725342
v 6.514636 0.022102 6.532719
v 6.094249 -0.000000 6.110891
v 7.108453 -0.000000 4.107997
v 7.506631 0.017358 4.338665
v 7.837273 0.348909 4.528913
v 4.526338 0.348908 7.839848
v 4.335682 0.017358 7.509634
v 4.105530 -0.000000 7.111052
v -6.710547 0.377374 -6.725342
v -6.514636 0.022102 -6.532719
v -6.094249 -0.000000 -6.110891
v -7.108453 -0.000000 -4.107998
v -7.506631 0.017358 -4.338665
v -7.837273 0.348909 -4.528913
v -4.526338 0.348908 -7.839848
v -4.335677 0.017358 -7.509613
v -4.105497 -0.000000 -7.110931
v 6.094315 -0.000000 -6.110956
v 6.514644 0.022099 -6.532726
v 6.710523 0.377357 -6.725317
v 7.838206 0.348835 -4.525390
v 7.507735 0.017345 -4.334592
v 7.109425 -0.000000 -4.104629
v 4.102126 -0.000000 -7.111899
v 4.331603 0.017353 -7.510711
v 4.522802 0.348880 -7.840759
v 2.469043 0.377374 9.174175
v 2.400216 0.022102 8.908320
v 2.245260 -0.000000 8.333948
v 0.003517 0.348909 9.051733
v 0.004078 0.017358 8.670306
v 0.003405 -0.000000 8.210341
v 9.179557 0.377357 -2.448825
v 8.914827 0.022099 -2.375483
v 8.339399 -0.000000 -2.222353
v 9.051696 0.348880 0.003517
v 8.670268 0.017353 0.004077
v 8.210148 -0.000000 0.003404
v -9.179557 0.377357 2.448825
v -8.914827 0.022099 2.375483
v -8.339399 -0.000000 2.222353
v -9.051696 0.348880 -0.003518
v -8.670268 0.017353 -0.004078
v -8.210148 -0.000000 -0.003405
v -2.245063 -0.000000 -8.333220
v -2.400183 0.022102 -8.908199
v -2.469044 0.377374 -9.174175
v -0.003518 0.348909 -9.051733
v -0.004078 0.017358 -8.670265
v -0.003404 -0.000000 -8.210100
v -2.448803 0.377369 9.179579
v -2.375520 0.022101 8.914943
v -2.222594 -0.000000 8.340069
v 9.174149 0.377369 2.469063
v 8.908205 0.022101 2.400178
v 8.333280 -0.000000 2.245014
v -9.174149 0.377369 -2.469063
v -8.908205 0.022101 -2.400178
v -8.333280 -0.000000 -2.245014
v 2.222401 -0.000000 -8.339339
v 2.375487 0.022101 -8.914821
v 2.448803 0.377369 -9.179579
v 6.269860 -0.000000 0.793072
v 5.795892 0.006374 0.715949
v -4.818997 0.351363 -0.619392
v -4.538138 0.436943 -0.584836
v -4.479218 0.413001 -1.200735
v -4.482510 0.351363 -1.875177
v -4.222403 0.436943 -1.763176
v -5.823624 -0.000000 -2.458519
v -5.518891 -0.000000 -1.486649
v -5.374761 0.006374 -2.287634
v -5.374074 0.026906 -1.447471
v -5.148366 0.086485 -2.186422
v -5.549692 0.086485 -0.688655
v -6.269860 -0.000000 -0.793072
v -5.795892 0.006374 -0.715950
v 1.199742 0.413001 -4.479484
v 1.762586 0.436943 -4.222561
v 1.873090 0.351363 -4.483070
v 0.584246 0.436943 -4.538296
v 0.617304 0.351363 -4.819557
v 0.706231 0.006374 -5.798496
v 1.471970 -0.000000 -5.522824
v 0.782672 -0.000000 -6.272666
v 0.680686 0.086485 -5.551828
v 1.433490 0.026906 -5.377820
v 2.178453 0.086485 -5.150503
v 2.277916 0.006374 -5.377365
v 2.448110 -0.000000 -5.826395
v -6.441281 -0.000000 6.459177
v -5.497664 0.019726 7.061389
v -4.283183 -0.000000 7.426325
v -5.163544 -0.000000 6.652972
v -6.566563 0.088396 6.584111
v -5.687443 0.363122 7.328886
v -4.371228 0.069411 7.579378
v 6.440881 -0.000000 6.458775
v 7.049294 0.019730 5.509619
v 7.422339 -0.000000 4.289698
v 6.641696 -0.000000 5.173864
v 6.566578 0.088407 6.584128
v 7.318964 0.363141 5.697475
v 7.575304 0.069430 4.378332
v -6.440881 -0.000000 -6.458775
v -7.049294 0.019730 -5.509619
v -7.422339 -0.000000 -4.289698
v -6.641696 -0.000000 -5.173864
v -6.566578 0.088407 -6.584128
v -7.318964 0.363141 -5.697475
v -7.575304 0.069430 -4.378332
v 6.566563 0.088396 -6.584111
v 7.049294 0.019721 -5.509651
v 7.576395 0.069381 -4.374234
v 7.318986 0.363092 -5.697366
v 6.440927 -0.000000 -6.458819
v 6.641664 -0.000000 -5.174159
v 7.423409 -0.000000 -4.285907
v -2.418733 0.088407 -8.978887
v -1.246823 0.019730 -8.859677
v -0.004095 0.069430 -8.749571
v -1.274676 0.363141 -9.187146
v -2.373022 -0.000000 -8.807354
v -1.159849 -0.000000 -8.338810
v -0.003817 -0.000000 -8.572783
v -7.318986 0.363092 5.697366
v -8.519709 1.958105 6.506569
v -6.642018 -0.000000 5.174515
v -6.506569 1.958105 8.519709
v 6.506569 1.958105 8.519709
v 5.687560 0.363141 7.328878
v 8.519709 1.958105 6.506569
v 5.162896 -0.000000 6.652649
v -6.506569 1.958105 -8.519709
v -5.687560 0.363141 -7.328878
v -8.519709 1.958105 -6.506569
v -5.162896 -0.000000 -6.652649
v 8.519709 1.958105 -6.506569
v 5.687443 0.363122 -7.328886
v 6.506569 1.958105 -8.519709
v 5.163189 -0.000000 -6.652615
v 1.274676 0.363141 9.187146
v 1.374999 1.958105 10.631569
v 1.159981 -0.000000 8.339295
v 3.503215 0.363141 8.590011
v 4.125000 1.958105 9.894709
v 3.180047 -0.000000 7.798009
v 10.631569 1.958105 -1.375000
v 9.190722 0.363122 -1.261027
v 9.894709 1.958105 -4.125000
v 8.593557 0.363092 -3.489745
v 8.342927 -0.000000 -1.145146
v 7.801785 -0.000000 -3.164770
v -10.631569 1.958105 1.375000
v -9.190722 0.363122 1.261027
v -9.894709 1.958105 4.125000
v -8.593557 0.363092 3.489744
v -8.342927 -0.000000 1.145146
v -7.801785 -0.000000 3.164770
v -1.375000 1.958105 -10.631569
v -3.503215 0.363141 -8.590011
v -4.125000 1.958105 -9.894709
v -3.179915 -0.000000 -7.797524
v -3.489659 0.363122 8.593618
v -4.125000 1.958105 9.894709
v -3.165091 -0.000000 7.802060
v -1.261027 0.363141 9.190747
v -1.375000 1.958105 10.631569
v -1.145275 -0.000000 8.343382
v 9.894709 1.958105 4.125000
v 8.589933 0.363141 3.503292
v 10.631569 1.958105 1.374999
v 9.187121 0.363122 1.274676
v 7.797732 -0.000000 3.179722
v 8.338841 -0.000000 1.159849
v -9.894709 1.958105 -4.125000
v -8.589933 0.363141 -3.503292
v -10.631569 1.958105 -1.375000
v -9.187121 0.363122 -1.274676
v -7.797732 -0.000000 -3.179722
v -8.338841 -0.000000 -1.159850
v 3.489659 0.363122 -8.593618
v 4.125000 1.958105 -9.894709
v 3.164962 -0.000000 -7.801574
v 1.261027 0.363141 -9.190747
v 1.375000 1.958105 -10.631569
v 1.145146 -0.000000 -8.342896
v -7.049352 0.019721 5.509710
v -7.576395 0.069381 4.374234
v -7.423468 -0.000000 4.285967
v -8.296144 0.019721 3.350042
v -8.985289 0.088396 2.394754
v -8.813965 -0.000000 2.348596
v 5.497574 0.019730 7.061334
v 4.375334 0.069430 7.578301
v 4.286915 -0.000000 7.425199
v 3.366529 0.019730 8.291787
v 2.418732 0.088407 8.978888
v 2.373154 -0.000000 8.807839
v -5.497574 0.019730 -7.061334
v -4.375334 0.069430 -7.578301
v -4.286893 -0.000000 -7.425117
v 5.497605 0.019726 -7.061330
v 4.283102 -0.000000 -7.426185
v 4.371228 0.069411 -7.579378
v 8.296144 0.019721 -3.350042
v 8.985289 0.088396 -2.394755
v 8.813965 -0.000000 -2.348596
v 3.350059 0.019726 -8.296118
v 2.348628 -0.000000 -8.813923
v 2.394740 0.088404 -8.985303
v 1.246844 0.019730 8.859757
v 0.004095 0.069430 8.749571
v 0.003818 -0.000000 8.572946
v -1.230422 0.019730 8.864173
v -2.394740 0.088404 8.985303
v -2.348756 -0.000000 8.814410
v 8.864092 0.019726 -1.230401
v 8.749547 0.069411 0.004094
v 8.572815 -0.000000 0.003817
v 8.859678 0.019726 1.246822
v 8.978870 0.088404 2.418745
v 8.807395 -0.000000 2.372990
v -8.864092 0.019726 1.230400
v -8.749547 0.069411 -0.004095
v -8.572815 -0.000000 -0.003818
v -8.859678 0.019726 -1.246823
v -8.978870 0.088404 -2.418746
v -8.807395 -0.000000 -2.372991
v -3.366507 0.019730 -8.291707
v -3.350080 0.019726 8.296199
v 8.291729 0.019730 3.366488
v -8.291729 0.019730 -3.366488
v 1.230401 0.019730 -8.864092
v -3.278749 0.413001 3.279476
v -3.637725 0.436943 2.775552
v -4.089041 0.417175 2.360809
v -3.863684 0.351361 2.945911
v -3.906385 0.444228 2.255352
v -2.323936 0.444228 1.341725
v -1.341414 0.444228 2.324247
v -2.360688 0.417175 4.089162
v -2.775120 0.436943 3.638157
v -2.944380 0.351363 3.865207
v -2.255042 0.444228 3.906696
v -3.059139 -0.000000 5.303477
v -3.510863 0.006374 4.668529
v -4.036169 -0.000000 4.046917
v -3.814209 -0.000000 5.041016
v -2.979799 0.024083 5.165824
v -3.365405 0.086485 4.467681
v -3.930355 0.026904 3.940587
v -4.461883 0.086473 3.371260
v -4.661414 0.006372 3.517976
v -5.301644 -0.000000 3.060905
v -5.033331 -0.000000 3.821833
v -5.164154 0.024071 2.981525
v 3.863678 0.351363 2.945908
v 4.088996 0.417175 2.360974
v 3.637725 0.436943 2.775552
v 3.278749 0.413001 3.279476
v 3.906271 0.444228 2.255777
v 1.341839 0.444228 2.324133
v 2.323822 0.444228 1.342150
v 2.944376 0.351365 3.865201
v 2.775120 0.436943 3.638157
v 2.360853 0.417175 4.089118
v 2.255466 0.444228 3.906582
v 3.814124 -0.000000 5.041003
v 4.036180 -0.000000 4.046928
v 3.510863 0.006375 4.668530
v 3.061609 -0.000000 5.302862
v 3.930346 0.026908 3.940578
v 3.365385 0.086496 4.467645
v 2.982109 0.024094 5.165164
v 4.461847 0.086485 3.371239
v 5.033318 -0.000000 3.821748
v 5.301030 -0.000000 3.063376
v 4.661415 0.006374 3.517977
v 5.163494 0.024083 2.983835
v -3.863678 0.351363 -2.945908
v -4.088996 0.417175 -2.360974
v -3.637725 0.436943 -2.775552
v -3.278749 0.413001 -3.279476
v -3.906271 0.444228 -2.255777
v -1.341839 0.444228 -2.324133
v -2.323822 0.444228 -1.342150
v -2.944376 0.351365 -3.865201
v -2.775120 0.436943 -3.638157
v -2.360853 0.417175 -4.089118
v -2.255466 0.444228 -3.906583
v -3.814124 -0.000000 -5.041003
v -4.036180 -0.000000 -4.046928
v -3.510863 0.006375 -4.668531
v -3.061609 -0.000000 -5.302863
v -3.930346 0.026908 -3.940578
v -3.365385 0.086496 -4.467645
v -2.982109 0.024094 -5.165164
v -4.461847 0.086485 -3.371239
v -5.033318 -0.000000 -3.821748
v -5.301030 -0.000000 -3.063376
v -4.661415 0.006374 -3.517977
v -5.163494 0.024083 -2.983835
v 3.278749 0.413001 -3.279476
v 3.637725 0.436943 -2.775552
v 4.089041 0.417175 -2.360809
v 3.863684 0.351361 -2.945911
v 3.906385 0.444228 -2.255353
v 2.323936 0.444228 -1.341725
v 1.341414 0.444228 -2.324247
v 2.360688 0.417175 -4.089162
v 2.775120 0.436943 -3.638157
v 2.944380 0.351363 -3.865207
v 2.255042 0.444228 -3.906696
v 3.059139 -0.000000 -5.303477
v 3.510863 0.006374 -4.668529
v 4.036169 -0.000000 -4.046917
v 3.814149 -0.000000 -5.040957
v 2.979799 0.024083 -5.165824
v 3.365405 0.086485 -4.467681
v 3.930355 0.026904 -3.940587
v 4.461883 0.086473 -3.371260
v 4.661414 0.006372 -3.517976
v 5.301644 -0.000000 -3.060906
v 5.033272 -0.000000 -3.821774
v 5.164154 0.024071 -2.981525
v 1.200735 0.413001 4.479218
v 0.584836 0.436943 4.538138
v 0.000165 0.417175 4.721662
v 0.619392 0.351363 4.818997
v 0.000424 0.444228 4.510819
v 0.000425 0.444228 2.683564
v 1.763176 0.436943 4.222403
v 1.875173 0.351365 4.482504
v 2.287634 0.006375 5.374762
v 1.486652 -0.000000 5.518897
v 2.458597 -0.000000 5.823710
v 2.186401 0.086496 5.148331
v 1.447467 0.026908 5.374068
v 0.688655 0.086485 5.549692
v 0.715949 0.006374 5.795892
v 0.002446 -0.000000 6.122515
v 0.793094 -0.000000 6.269936
v 0.002330 0.024083 5.963634
v 4.483076 0.351361 -1.873093
v 4.222561 0.436943 -1.762586
v 4.479484 0.413001 -1.199742
v 2.683564 0.444228 0.000425
v 4.819557 0.351363 -0.617304
v 4.538296 0.436943 -0.584247
v 4.721662 0.417175 0.000165
v 4.510819 0.444228 0.000424
v 6.272672 -0.000000 -0.782672
v 5.522817 -0.000000 -1.471966
v 5.798496 0.006374 -0.706231
v 6.122515 -0.000000 0.002446
v 5.377826 0.026904 -1.433494
v 5.551828 0.086485 -0.680686
v 5.963634 0.024083 0.002330
v 5.150538 0.086473 -2.178474
v 5.826389 -0.000000 -2.448055
v 5.377364 0.006372 -2.277915
v -4.483076 0.351361 1.873093
v -4.222561 0.436943 1.762586
v -4.479484 0.413001 1.199742
v -2.683564 0.444228 -0.000425
v -4.819557 0.351363 0.617304
v -4.538296 0.436943 0.584246
v -4.721662 0.417175 -0.000166
v -4.510819 0.444228 -0.000425
v -6.272672 -0.000000 0.782672
v -5.522817 -0.000000 1.471966
v -5.798496 0.006374 0.706231
v -6.122515 -0.000000 -0.002447
v -5.377826 0.026904 1.433494
v -5.551828 0.086485 0.680686
v -5.963634 0.024083 -0.002330
v -5.150538 0.086473 2.178474
v -5.826389 -0.000000 2.448054
v -5.377364 0.006372 2.277915
v -1.200735 0.413001 -4.479218
v -0.584836 0.436943 -4.538138
v -0.000165 0.417175 -4.721662
v -0.619392 0.351363 -4.818997
v -0.000425 0.444228 -4.510819
v -0.000425 0.444228 -2.683564
v -1.763176 0.436943 -4.222404
v -1.875174 0.351365 -4.482505
v -2.287635 0.006375 -5.374762
v -1.486653 -0.000000 -5.518898
v -2.458575 -0.000000 -5.823630
v -2.186402 0.086496 -5.148331
v -1.447468 0.026908 -5.374069
v -0.688655 0.086485 -5.549692
v -0.715950 0.006374 -5.795893
v -0.002447 -0.000000 -6.122515
v -0.793072 -0.000000 -6.269855
v -0.002330 0.024083 -5.963634
v -1.199742 0.413001 4.479484
v -1.762586 0.436943 4.222561
v -1.873090 0.351363 4.483070
v -0.584246 0.436943 4.538296
v -0.617304 0.351363 4.819557
v -0.706231 0.006374 5.798496
v -1.471970 -0.000000 5.522824
v -0.782693 -0.000000 6.272748
v -0.680686 0.086485 5.551827
v -1.433490 0.026906 5.377820
v -2.178453 0.086485 5.150503
v -2.277916 0.006374 5.377365
v -2.448131 -0.000000 5.826476
v 4.818997 0.351363 0.619392
v 4.538138 0.436943 0.584836
v 4.479218 0.413001 1.200735
v 4.482510 0.351363 1.875177
v 4.222403 0.436943 1.763176
v 5.823624 -0.000000 2.458519
v 5.518891 -0.000000 1.486648
v 5.374761 0.006374 2.287634
v 5.374074 0.026906 1.447471
v 5.148366 0.086485 2.186422
v 5.549692 0.086485 0.688655
v -3.718714 0.415088 2.840262
v -3.529576 0.444228 2.684887
v -2.839777 0.415088 3.719199
v -2.683644 0.444228 3.530820
v -3.558152 -0.000000 4.731108
v -3.465204 0.025494 4.607716
v -4.723917 -0.000000 3.565300
v -4.600916 0.025486 3.472041
v 3.718714 0.415088 2.840261
v 3.529577 0.444228 2.684887
v 2.839777 0.415088 3.719199
v 2.683643 0.444228 3.530820
v 3.558168 -0.000000 4.731135
v 3.465190 0.025502 4.607692
v 4.723944 -0.000000 3.565316
v 4.600893 0.025494 3.472027
v -3.718714 0.415088 -2.840261
v -3.529577 0.444228 -2.684887
v -2.839777 0.415088 -3.719199
v -2.683643 0.444228 -3.530820
v -3.558169 -0.000000 -4.731136
v -3.465191 0.025502 -4.607692
v -4.723944 -0.000000 -3.565316
v -4.600893 0.025494 -3.472027
v 3.718714 0.415088 -2.840262
v 3.529576 0.444228 -2.684887
v 2.839777 0.415088 -3.719199
v 2.683644 0.444228 -3.530820
v 3.558152 -0.000000 -4.731108
v 3.465204 0.025494 -4.607716
v 4.723917 -0.000000 -3.565300
v 4.600916 0.025486 -3.472041
v 0.600381 0.415088 4.640632
v 0.560392 0.444228 4.399146
v 1.801032 0.415088 4.318918
v 1.715958 0.444228 4.089513
v 2.318199 -0.000000 5.447032
v 2.257783 0.025502 5.304789
v 0.725682 -0.000000 5.873713
v 0.706417 0.025494 5.720503
v 4.319096 0.415088 -1.800371
v 4.089969 0.444228 -1.714259
v 4.640809 0.415088 -0.599720
v 4.399602 0.444228 -0.558694
v 5.876336 -0.000000 -0.715897
v 5.723001 0.025494 -0.697097
v 5.449599 -0.000000 -2.308382
v 5.307334 0.025486 -2.248490
v -4.319096 0.415088 1.800370
v -4.089969 0.444228 1.714259
v -4.640809 0.415088 0.599719
v -4.399602 0.444228 0.558693
v -5.876336 -0.000000 0.715896
v -5.723001 0.025494 0.697097
v -5.449599 -0.000000 2.308382
v -5.307334 0.025486 2.248490
v -0.600381 0.415088 -4.640632
v -0.560392 0.444228 -4.399147
v -1.801032 0.415088 -4.318919
v -1.715958 0.444228 -4.089514
v -2.318200 -0.000000 -5.447032
v -2.257783 0.025502 -5.304789
v -0.725682 -0.000000 -5.873714
v -0.706418 0.025494 -5.720504
v -1.800370 0.415088 4.319096
v -1.714259 0.444228 4.089969
v -0.599720 0.415088 4.640809
v -0.558693 0.444228 4.399602
v -0.715897 -0.000000 5.876336
v -0.697097 0.025494 5.723001
v -2.308398 -0.000000 5.449627
v -2.248476 0.025494 5.307310
v 4.640632 0.415088 0.600381
v 4.399146 0.444228 0.560392
v 4.318918 0.415088 1.801032
v 4.089514 0.444228 1.715958
v 5.447004 -0.000000 2.318183
v 5.304812 0.025494 2.257797
v 5.873714 -0.000000 0.725682
v 5.720503 0.025494 0.706417
v -4.640632 0.415088 -0.600381
v -4.399146 0.444228 -0.560392
v -4.318918 0.415088 -1.801032
v -4.089514 0.444228 -1.715958
v -5.447004 -0.000000 -2.318184
v -5.304812 0.025494 -2.257797
v -5.873714 -0.000000 -0.725682
v -5.720503 0.025494 -0.706418
v 1.800370 0.415088 -4.319096
v 1.714259 0.444228 -4.089969
v 0.599720 0.415088 -4.640809
v 0.558693 0.444228 -4.399602
v 0.715896 -0.000000 -5.876336
v 0.697097 0.025494 -5.723001
v 2.308398 -0.000000 -5.449627
v 2.248476 0.025494 -5.307310
v -5.435871 -0.000000 6.981921
v -5.543444 0.078906 7.122102
v 6.969872 -0.000000 5.447283
v 7.110363 0.078919 5.555256
v -6.969872 -0.000000 -5.447283
v -7.110363 0.078919 -5.555256
v 7.110378 0.078886 -5.555183
v 6.969854 -0.000000 -5.447482
v -1.255811 0.078919 -8.935383
v -1.232550 -0.000000 -8.759727
v -7.110378 0.078886 5.555183
v -6.970090 -0.000000 5.447721
v -8.366118 0.078886 3.380176
v -8.202585 -0.000000 3.312329
v 5.543522 0.078919 7.122097
v 5.435435 -0.000000 6.981701
v 3.396155 0.078919 8.361879
v 3.328700 -0.000000 8.198400
v -5.543522 0.078919 -7.122097
v -5.435435 -0.000000 -6.981701
v 5.435634 -0.000000 -6.981682
v 5.543444 0.078906 -7.122102
v 8.366118 0.078886 -3.380176
v 8.202585 -0.000000 -3.312329
v 3.312455 -0.000000 -8.202440
v 3.380120 0.078906 -8.366159
v 1.255811 0.078919 8.935383
v 1.232638 -0.000000 8.760050
v -1.239712 0.078919 8.939659
v -1.216642 -0.000000 8.764434
v 8.939642 0.078906 -1.239713
v 8.764132 -0.000000 -1.216556
v 8.935367 0.078906 1.255811
v 8.759748 -0.000000 1.232550
v -8.939642 0.078906 1.239712
v -8.764132 -0.000000 1.216556
v -8.935367 0.078906 -1.255811
v -8.759748 -0.000000 -1.232550
v -3.396156 0.078919 -8.361879
v -3.328613 -0.000000 -8.198076
v -3.312541 -0.000000 8.202765
v -3.380120 0.078906 8.366159
v 8.198219 -0.000000 3.328486
v 8.361828 0.078919 3.396207
v -8.198219 -0.000000 -3.328487
v -8.361828 0.078919 -3.396207
v 1.239712 0.078919 -8.939659
v 1.216556 -0.000000 -8.764110
vt 0.321456 0.378139
vt 0.321506 0.378155
vt 0.743621 0.621457
vt 0.276514 0.496695
vt 0.578436 0.621592
vt 0.552146 0.621637
vt 0.539286 0.621632
vt 0.569371 0.574861
vt 0.562689 0.573112
vt 0.551216 0.569999
vt 0.566557 0.519382
vt 0.577696 0.525801
vt 0.600480 0.538931
vt 0.501907 0.621603
vt 0.490015 0.621595
vt 0.508564 0.485897
vt 0.493669 0.554353
vt 0.514817 0.560025
vt 0.524395 0.562641
vt 0.508518 0.485936
vt 0.523887 0.494793
vt 0.534184 0.500727
vt 0.321430 0.378183
vt 0.321481 0.378191
vt 0.276499 0.496669
vt 0.600525 0.538998
vt 0.577755 0.525877
vt 0.566611 0.519454
vt 0.569371 0.574943
vt 0.562715 0.573129
vt 0.551219 0.570108
vt 0.539300 0.621564
vt 0.552159 0.621538
vt 0.578445 0.621541
vt 0.534216 0.500786
vt 0.523905 0.494844
vt 0.508529 0.485983
vt 0.493538 0.554978
vt 0.514695 0.560605
vt 0.524302 0.563113
vt 0.508483 0.486031
vt 0.490034 0.621681
vt 0.501926 0.621653
vt 0.321430 0.378183
vt 0.321481 0.378191
vt 0.276498 0.496670
vt 0.600525 0.538998
vt 0.577756 0.525876
vt 0.566611 0.519454
vt 0.569383 0.574946
vt 0.562715 0.573128
vt 0.551219 0.570107
vt 0.539301 0.621563
vt 0.552159 0.621538
vt 0.578445 0.621540
vt 0.534216 0.500785
vt 0.523905 0.494844
vt 0.508530 0.485983
vt 0.493538 0.554977
vt 0.514695 0.560604
vt 0.524302 0.563112
vt 0.508483 0.486030
vt 0.490034 0.621680
vt 0.501926 0.621653
vt 0.321457 0.378139
vt 0.321507 0.378155
vt 0.276514 0.496695
vt 0.578436 0.621592
vt 0.552146 0.621637
vt 0.539286 0.621632
vt 0.569376 0.574862
vt 0.562689 0.573113
vt 0.551217 0.570000
vt 0.566557 0.519384
vt 0.577696 0.525803
vt 0.600480 0.538933
vt 0.501908 0.621603
vt 0.490015 0.621595
vt 0.508566 0.485899
vt 0.493675 0.554356
vt 0.514817 0.560026
vt 0.524395 0.562642
vt 0.508519 0.485938
vt 0.523887 0.494794
vt 0.534184 0.500728
vt 0.321513 0.378176
vt 0.276509 0.496699
vt 0.569411 0.574890
vt 0.562729 0.573144
vt 0.551258 0.570030
vt 0.566606 0.519460
vt 0.577739 0.525893
vt 0.600526 0.538997
vt 0.493710 0.554381
vt 0.514860 0.560055
vt 0.524438 0.562671
vt 0.508589 0.485930
vt 0.523959 0.494794
vt 0.534253 0.500747
vt 0.321425 0.378151
vt 0.276504 0.496657
vt 0.600478 0.538930
vt 0.577712 0.525783
vt 0.566562 0.519375
vt 0.569344 0.574908
vt 0.562675 0.573090
vt 0.551178 0.570069
vt 0.534146 0.500764
vt 0.523833 0.494841
vt 0.508458 0.485987
vt 0.493498 0.554942
vt 0.514652 0.560568
vt 0.524259 0.563075
vt 0.321425 0.378151
vt 0.276504 0.496657
vt 0.600479 0.538930
vt 0.577712 0.525783
vt 0.566562 0.519375
vt 0.569343 0.574907
vt 0.562675 0.573089
vt 0.551178 0.570068
vt 0.534147 0.500764
vt 0.523834 0.494841
vt 0.508458 0.485987
vt 0.493497 0.554941
vt 0.514652 0.560567
vt 0.524259 0.563074
vt 0.321512 0.378176
vt 0.276509 0.496699
vt 0.569416 0.574892
vt 0.562729 0.573143
vt 0.551258 0.570030
vt 0.566606 0.519460
vt 0.577740 0.525893
vt 0.600526 0.538997
vt 0.493715 0.554382
vt 0.514860 0.560055
vt 0.524438 0.562671
vt 0.508590 0.485931
vt 0.523959 0.494794
vt 0.534253 0.500747
vt 0.276520 0.496694
vt 0.569384 0.574900
vt 0.562709 0.573154
vt 0.551237 0.570041
vt 0.493690 0.554394
vt 0.514838 0.560068
vt 0.524416 0.562683
vt 0.276493 0.496660
vt 0.569363 0.574894
vt 0.562695 0.573076
vt 0.551199 0.570055
vt 0.493518 0.554926
vt 0.514674 0.560552
vt 0.524280 0.563060
vt 0.276494 0.496660
vt 0.569363 0.574894
vt 0.562695 0.573076
vt 0.551199 0.570055
vt 0.493518 0.554926
vt 0.514674 0.560552
vt 0.524281 0.563060
vt 0.276519 0.496694
vt 0.569396 0.574903
vt 0.562709 0.573154
vt 0.551237 0.570041
vt 0.493695 0.554395
vt 0.514838 0.560068
vt 0.524416 0.562684
vt 0.354872 0.517180
vt 0.373477 0.522066
vt 0.397211 0.528447
vt 0.409774 0.429033
vt 0.428769 0.439979
vt 0.399752 0.621721
vt 0.399719 0.621626
vt 0.380210 0.621612
vt 0.409845 0.428942
vt 0.354662 0.517989
vt 0.373239 0.523034
vt 0.397024 0.529345
vt 0.399755 0.621795
vt 0.380235 0.621840
vt 0.409685 0.429161
vt 0.409757 0.429063
vt 0.428752 0.440010
vt 0.399721 0.621710
vt 0.354662 0.517989
vt 0.373239 0.523033
vt 0.397024 0.529344
vt 0.399754 0.621795
vt 0.380235 0.621840
vt 0.409684 0.429161
vt 0.409756 0.429063
vt 0.428753 0.440010
vt 0.399726 0.621708
vt 0.397240 0.528455
vt 0.373483 0.522068
vt 0.354872 0.517180
vt 0.409774 0.429034
vt 0.428770 0.439980
vt 0.399757 0.621723
vt 0.399729 0.621626
vt 0.380211 0.621612
vt 0.409845 0.428943
vt 0.354892 0.517195
vt 0.373506 0.522084
vt 0.397246 0.528468
vt 0.409860 0.428970
vt 0.428860 0.439909
vt 0.399734 0.621618
vt 0.354642 0.517966
vt 0.373211 0.523008
vt 0.396990 0.529316
vt 0.409670 0.429124
vt 0.428661 0.440078
vt 0.399740 0.621806
vt 0.354642 0.517966
vt 0.373211 0.523007
vt 0.396990 0.529315
vt 0.409670 0.429124
vt 0.428661 0.440078
vt 0.399740 0.621806
vt 0.397275 0.528475
vt 0.373511 0.522085
vt 0.354892 0.517195
vt 0.409860 0.428970
vt 0.428861 0.439910
vt 0.399743 0.621617
vt 0.354886 0.517199
vt 0.373495 0.522092
vt 0.397230 0.528479
vt 0.354648 0.517960
vt 0.373222 0.522998
vt 0.397006 0.529302
vt 0.354648 0.517960
vt 0.373222 0.522998
vt 0.397006 0.529302
vt 0.397259 0.528486
vt 0.373499 0.522093
vt 0.354886 0.517199
vt 0.551386 0.596742
vt 0.561572 0.598413
vt 0.564675 0.547005
vt 0.574349 0.550591
vt 0.514795 0.524325
vt 0.520871 0.526908
vt 0.496939 0.591158
vt 0.503485 0.591967
vt 0.564702 0.547001
vt 0.574364 0.550631
vt 0.551418 0.596759
vt 0.561591 0.598474
vt 0.496870 0.591549
vt 0.503427 0.592339
vt 0.514719 0.524693
vt 0.520800 0.527257
vt 0.564702 0.547000
vt 0.574364 0.550630
vt 0.551418 0.596758
vt 0.561591 0.598473
vt 0.496870 0.591548
vt 0.503427 0.592338
vt 0.514719 0.524692
vt 0.520800 0.527257
vt 0.551386 0.596743
vt 0.561572 0.598414
vt 0.564675 0.547006
vt 0.574350 0.550592
vt 0.514796 0.524326
vt 0.520871 0.526909
vt 0.496939 0.591159
vt 0.503486 0.591968
vt 0.551423 0.596781
vt 0.561608 0.598453
vt 0.564720 0.547028
vt 0.574393 0.550613
vt 0.514839 0.524344
vt 0.520917 0.526929
vt 0.496974 0.591195
vt 0.503524 0.592005
vt 0.564657 0.546972
vt 0.574320 0.550601
vt 0.551381 0.596712
vt 0.561554 0.598427
vt 0.496835 0.591504
vt 0.503389 0.592294
vt 0.514676 0.524666
vt 0.520754 0.527229
vt 0.564657 0.546970
vt 0.574320 0.550600
vt 0.551381 0.596710
vt 0.561554 0.598426
vt 0.496835 0.591503
vt 0.503389 0.592293
vt 0.514676 0.524665
vt 0.520754 0.527228
vt 0.551423 0.596781
vt 0.561608 0.598453
vt 0.564720 0.547028
vt 0.574393 0.550613
vt 0.514839 0.524344
vt 0.520917 0.526929
vt 0.496974 0.591195
vt 0.503524 0.592004
vt 0.551403 0.596788
vt 0.561588 0.598459
vt 0.564699 0.547044
vt 0.574373 0.550629
vt 0.514819 0.524363
vt 0.520894 0.526946
vt 0.496954 0.591204
vt 0.503504 0.592013
vt 0.564678 0.546953
vt 0.574340 0.550583
vt 0.551401 0.596702
vt 0.561574 0.598418
vt 0.496854 0.591493
vt 0.503409 0.592282
vt 0.514696 0.524645
vt 0.520777 0.527209
vt 0.564678 0.546953
vt 0.574341 0.550582
vt 0.551401 0.596702
vt 0.561574 0.598418
vt 0.496854 0.591492
vt 0.503409 0.592282
vt 0.514696 0.524645
vt 0.520777 0.527209
vt 0.551403 0.596788
vt 0.561588 0.598459
vt 0.564699 0.547044
vt 0.574373 0.550629
vt 0.514819 0.524363
vt 0.520894 0.526946
vt 0.496954 0.591204
vt 0.503504 0.592013
vt 0.401933 0.482616
vt 0.393637 0.479243
vt 0.401792 0.483226
vt 0.393470 0.479864
vt 0.401792 0.483226
vt 0.393470 0.479864
vt 0.369499 0.569575
vt 0.378382 0.570798
vt 0.369521 0.569593
vt 0.378411 0.570829
vt 0.369499 0.569575
vt 0.378369 0.570794
vt 0.393444 0.479839
vt 0.401753 0.483208
vt 0.369353 0.570205
vt 0.378246 0.571433
vt 0.393664 0.479260
vt 0.401972 0.482626
vt 0.369353 0.570204
vt 0.378246 0.571433
vt 0.401945 0.482620
vt 0.393637 0.479244
vt 0.393444 0.479840
vt 0.401753 0.483208
vt 0.378398 0.570836
vt 0.369511 0.569600
vt 0.369521 0.569593
vt 0.378398 0.570825
vt 0.393655 0.479269
vt 0.401953 0.482643
vt 0.369332 0.570178
vt 0.378217 0.571394
vt 0.393452 0.479828
vt 0.401772 0.483188
vt 0.369332 0.570178
vt 0.378217 0.571394
vt 0.393452 0.479828
vt 0.401772 0.483188
vt 0.393664 0.479260
vt 0.401985 0.482629
vt 0.378385 0.570833
vt 0.369511 0.569600
vt 0.378230 0.571384
vt 0.369342 0.570169
vt 0.378230 0.571384
vt 0.369342 0.570169
vt 0.393655 0.479269
vt 0.401965 0.482647
vt 0.558079 0.571879
vt 0.555777 0.597403
vt 0.574136 0.523750
vt 0.543500 0.595892
vt 0.581864 0.528203
vt 0.647381 0.565959
vt 0.632570 0.621548
vt 0.548037 0.621639
vt 0.568811 0.548624
vt 0.557432 0.543753
vt 0.556953 0.621621
vt 0.486599 0.621597
vt 0.517836 0.525614
vt 0.511737 0.559200
vt 0.499320 0.518524
vt 0.493423 0.621596
vt 0.527812 0.530049
vt 0.517894 0.560860
vt 0.511054 0.592760
vt 0.500215 0.591559
vt 0.520930 0.493089
vt 0.480638 0.588445
vt 0.526837 0.496493
vt 0.557443 0.543807
vt 0.548051 0.621542
vt 0.568838 0.548617
vt 0.558105 0.571899
vt 0.556966 0.621546
vt 0.647421 0.566023
vt 0.632569 0.621497
vt 0.543518 0.595967
vt 0.555810 0.597418
vt 0.574196 0.523825
vt 0.581917 0.528275
vt 0.480565 0.588863
vt 0.511613 0.559784
vt 0.500150 0.591947
vt 0.520944 0.493137
vt 0.517779 0.561415
vt 0.511011 0.593077
vt 0.526861 0.496547
vt 0.527757 0.530344
vt 0.499239 0.518917
vt 0.486619 0.621684
vt 0.517760 0.525980
vt 0.493442 0.621674
vt 0.557443 0.543806
vt 0.548051 0.621542
vt 0.568838 0.548616
vt 0.558105 0.571899
vt 0.556966 0.621546
vt 0.647422 0.566023
vt 0.632569 0.621497
vt 0.543518 0.595966
vt 0.555810 0.597417
vt 0.574196 0.523825
vt 0.581918 0.528275
vt 0.480565 0.588862
vt 0.511613 0.559783
vt 0.500150 0.591946
vt 0.520944 0.493137
vt 0.517779 0.561414
vt 0.511011 0.593076
vt 0.526861 0.496547
vt 0.527757 0.530343
vt 0.499239 0.518916
vt 0.486619 0.621684
vt 0.517760 0.525979
vt 0.493442 0.621674
vt 0.558079 0.571880
vt 0.555777 0.597404
vt 0.574136 0.523751
vt 0.543500 0.595893
vt 0.581864 0.528205
vt 0.647381 0.565961
vt 0.632570 0.621548
vt 0.548037 0.621640
vt 0.568811 0.548625
vt 0.557433 0.543753
vt 0.556953 0.621621
vt 0.486599 0.621597
vt 0.517836 0.525615
vt 0.511737 0.559201
vt 0.499323 0.518525
vt 0.493423 0.621596
vt 0.527813 0.530050
vt 0.517894 0.560861
vt 0.511054 0.592761
vt 0.500215 0.591560
vt 0.520930 0.493090
vt 0.480642 0.588447
vt 0.526838 0.496494
vt 0.558120 0.571910
vt 0.555814 0.597443
vt 0.574180 0.523841
vt 0.543538 0.595931
vt 0.581910 0.528283
vt 0.647421 0.566021
vt 0.568855 0.548646
vt 0.557477 0.543775
vt 0.517880 0.525634
vt 0.511779 0.559229
vt 0.499363 0.518541
vt 0.527859 0.530071
vt 0.517937 0.560890
vt 0.511093 0.592798
vt 0.500252 0.591596
vt 0.521000 0.493088
vt 0.480672 0.588482
vt 0.526909 0.496499
vt 0.557398 0.543777
vt 0.568794 0.548588
vt 0.558064 0.571861
vt 0.647382 0.565960
vt 0.543481 0.595920
vt 0.555773 0.597371
vt 0.574151 0.523732
vt 0.581871 0.528194
vt 0.480531 0.588818
vt 0.511571 0.559747
vt 0.500113 0.591902
vt 0.520874 0.493137
vt 0.517736 0.561378
vt 0.510973 0.593031
vt 0.526788 0.496540
vt 0.527710 0.530315
vt 0.499196 0.518892
vt 0.517716 0.525952
vt 0.557398 0.543776
vt 0.568794 0.548586
vt 0.558064 0.571860
vt 0.647382 0.565960
vt 0.543481 0.595919
vt 0.555773 0.597369
vt 0.574151 0.523732
vt 0.581871 0.528194
vt 0.480531 0.588817
vt 0.511571 0.559746
vt 0.500113 0.591901
vt 0.520874 0.493136
vt 0.517736 0.561377
vt 0.510973 0.593030
vt 0.526789 0.496539
vt 0.527710 0.530314
vt 0.499196 0.518891
vt 0.517716 0.525951
vt 0.558120 0.571910
vt 0.555814 0.597443
vt 0.574180 0.523841
vt 0.543538 0.595931
vt 0.581910 0.528283
vt 0.647421 0.566021
vt 0.568855 0.548646
vt 0.557478 0.543775
vt 0.517881 0.525634
vt 0.511779 0.559229
vt 0.499366 0.518542
vt 0.527859 0.530071
vt 0.517938 0.560890
vt 0.511093 0.592798
vt 0.500252 0.591596
vt 0.521000 0.493088
vt 0.480676 0.588483
vt 0.526909 0.496499
vt 0.558099 0.571921
vt 0.555794 0.597449
vt 0.543518 0.595938
vt 0.568834 0.548662
vt 0.557456 0.543791
vt 0.517859 0.525652
vt 0.511758 0.559242
vt 0.499343 0.518560
vt 0.527836 0.530087
vt 0.517916 0.560903
vt 0.511073 0.592806
vt 0.500232 0.591605
vt 0.480654 0.588491
vt 0.557419 0.543758
vt 0.568814 0.548569
vt 0.558084 0.571847
vt 0.543500 0.595911
vt 0.555792 0.597361
vt 0.480549 0.588806
vt 0.511592 0.559731
vt 0.500133 0.591891
vt 0.517758 0.561362
vt 0.510992 0.593020
vt 0.527733 0.530296
vt 0.499216 0.518870
vt 0.517737 0.525931
vt 0.557420 0.543758
vt 0.568815 0.548569
vt 0.558084 0.571847
vt 0.543501 0.595910
vt 0.555793 0.597361
vt 0.480549 0.588806
vt 0.511592 0.559731
vt 0.500133 0.591890
vt 0.517758 0.561362
vt 0.510992 0.593020
vt 0.527734 0.530295
vt 0.499217 0.518870
vt 0.517737 0.525931
vt 0.558100 0.571921
vt 0.555794 0.597449
vt 0.543518 0.595938
vt 0.568834 0.548662
vt 0.557456 0.543791
vt 0.517859 0.525652
vt 0.511758 0.559243
vt 0.499346 0.518561
vt 0.527836 0.530088
vt 0.517916 0.560903
vt 0.511073 0.592806
vt 0.500232 0.591605
vt 0.480657 0.588492
vt 0.378001 0.523281
vt 0.397723 0.480904
vt 0.384616 0.621621
vt 0.418330 0.488755
vt 0.369120 0.520910
vt 0.378828 0.472769
vt 0.375895 0.621611
vt 0.377783 0.524240
vt 0.397562 0.481529
vt 0.384648 0.621825
vt 0.418214 0.489319
vt 0.368878 0.521861
vt 0.378675 0.473305
vt 0.375918 0.621849
vt 0.377783 0.524240
vt 0.397562 0.481529
vt 0.384648 0.621825
vt 0.418214 0.489318
vt 0.368878 0.521860
vt 0.378675 0.473304
vt 0.375918 0.621849
vt 0.369120 0.520911
vt 0.373873 0.570167
vt 0.425032 0.437826
vt 0.353410 0.567892
vt 0.378020 0.523287
vt 0.395651 0.573700
vt 0.432588 0.442181
vt 0.369145 0.520927
vt 0.373898 0.570190
vt 0.425123 0.437750
vt 0.353426 0.567901
vt 0.378051 0.523305
vt 0.395684 0.573736
vt 0.432678 0.442124
vt 0.353410 0.567891
vt 0.262320 0.558972
vt 0.395632 0.573694
vt 0.295280 0.435625
vt 0.262317 0.558938
vt 0.353283 0.568425
vt 0.295233 0.435632
vt 0.395531 0.574294
vt 0.262316 0.558938
vt 0.353282 0.568425
vt 0.295233 0.435632
vt 0.395531 0.574294
vt 0.262320 0.558971
vt 0.378828 0.472770
vt 0.295281 0.435625
vt 0.418349 0.488761
vt 0.353426 0.567902
vt 0.262312 0.558948
vt 0.395665 0.573731
vt 0.378846 0.472789
vt 0.295266 0.435652
vt 0.418375 0.488763
vt 0.262324 0.558952
vt 0.353267 0.568407
vt 0.295248 0.435596
vt 0.378657 0.473278
vt 0.395498 0.574249
vt 0.418170 0.489303
vt 0.262324 0.558953
vt 0.353267 0.568407
vt 0.295248 0.435596
vt 0.378657 0.473277
vt 0.395498 0.574249
vt 0.418170 0.489302
vt 0.262312 0.558948
vt 0.378846 0.472789
vt 0.295266 0.435652
vt 0.418394 0.488768
vt 0.353419 0.567908
vt 0.262317 0.558954
vt 0.395650 0.573739
vt 0.378844 0.472792
vt 0.295289 0.435636
vt 0.418351 0.488784
vt 0.262320 0.558945
vt 0.353274 0.568398
vt 0.295225 0.435610
vt 0.378659 0.473271
vt 0.395513 0.574239
vt 0.418193 0.489279
vt 0.262319 0.558945
vt 0.353274 0.568398
vt 0.295225 0.435610
vt 0.378659 0.473271
vt 0.395513 0.574239
vt 0.418193 0.489279
vt 0.353419 0.567908
vt 0.262317 0.558954
vt 0.395669 0.573744
vt 0.378844 0.472792
vt 0.295288 0.435636
vt 0.418370 0.488790
vt 0.373870 0.570166
vt 0.425032 0.437826
vt 0.432585 0.442177
vt 0.397530 0.481507
vt 0.368852 0.521835
vt 0.377752 0.524213
vt 0.373729 0.570809
vt 0.425011 0.437853
vt 0.432577 0.442215
vt 0.397755 0.480917
vt 0.369145 0.520927
vt 0.378032 0.523300
vt 0.373729 0.570808
vt 0.425010 0.437853
vt 0.432580 0.442215
vt 0.397726 0.480905
vt 0.384622 0.621621
vt 0.375895 0.621611
vt 0.397531 0.481507
vt 0.368853 0.521835
vt 0.377752 0.524213
vt 0.373887 0.570198
vt 0.378038 0.523315
vt 0.369136 0.520934
vt 0.373895 0.570190
vt 0.425124 0.437750
vt 0.432673 0.442120
vt 0.397742 0.480930
vt 0.369136 0.520934
vt 0.378019 0.523309
vt 0.373704 0.570777
vt 0.424918 0.437927
vt 0.432489 0.442270
vt 0.397543 0.481492
vt 0.368862 0.521827
vt 0.377766 0.524201
vt 0.373704 0.570776
vt 0.424919 0.437927
vt 0.432489 0.442270
vt 0.397544 0.481492
vt 0.368862 0.521827
vt 0.377766 0.524202
vt 0.397758 0.480918
vt 0.373884 0.570197
vt 0.373716 0.570767
vt 0.373716 0.570767
vt 0.397745 0.480931
vt 0.472290 0.621598
vt 0.445759 0.449681
vt 0.358293 0.621628
vt 0.256374 0.621809
vt 0.472276 0.621708
vt 0.445586 0.449797
vt 0.358304 0.621862
vt 0.256406 0.621846
vt 0.472276 0.621708
vt 0.445586 0.449797
vt 0.358303 0.621862
vt 0.256406 0.621845
vt 0.472288 0.621598
vt 0.445751 0.449676
vt 0.358293 0.621629
vt 0.256374 0.621809
vt 0.445736 0.449651
vt 0.472272 0.621603
vt 0.256379 0.621824
vt 0.358287 0.621639
vt 0.472293 0.621661
vt 0.445672 0.449721
vt 0.358325 0.621758
vt 0.256393 0.621845
vt 0.445608 0.449839
vt 0.472293 0.621700
vt 0.472273 0.621653
vt 0.445674 0.449761
vt 0.256401 0.621828
vt 0.358309 0.621849
vt 0.358272 0.621740
vt 0.256387 0.621818
vt 0.445608 0.449839
vt 0.472293 0.621701
vt 0.472272 0.621654
vt 0.445669 0.449759
vt 0.256401 0.621828
vt 0.358310 0.621849
vt 0.358272 0.621741
vt 0.256388 0.621818
vt 0.445728 0.449645
vt 0.472271 0.621603
vt 0.256379 0.621825
vt 0.358288 0.621639
vt 0.472292 0.621661
vt 0.445668 0.449716
vt 0.358326 0.621758
vt 0.256393 0.621846
vt 0.384635 0.621612
vt 0.380222 0.621603
vt 0.375904 0.621601
vt 0.384636 0.621836
vt 0.380225 0.621852
vt 0.375909 0.621860
vt 0.384635 0.621836
vt 0.380225 0.621852
vt 0.375909 0.621861
vt 0.384629 0.621612
vt 0.380220 0.621603
vt 0.375904 0.621601
vt 0.384656 0.621736
vt 0.380249 0.621740
vt 0.375936 0.621743
vt 0.425106 0.437722
vt 0.428842 0.439881
vt 0.432658 0.442094
vt 0.424936 0.437965
vt 0.428680 0.440117
vt 0.432509 0.442310
vt 0.384614 0.621720
vt 0.380197 0.621723
vt 0.375878 0.621727
vt 0.424936 0.437966
vt 0.428680 0.440118
vt 0.432510 0.442310
vt 0.384611 0.621721
vt 0.380197 0.621724
vt 0.375878 0.621727
vt 0.425106 0.437721
vt 0.428841 0.439879
vt 0.432652 0.442090
vt 0.384653 0.621735
vt 0.380249 0.621739
vt 0.375936 0.621743
vt 0.493441 0.621592
vt 0.490033 0.621590
vt 0.501926 0.621599
vt 0.486617 0.621592
vt 0.539305 0.621630
vt 0.632584 0.621550
vt 0.743607 0.621431
vt 0.743594 0.621405
vt 0.743599 0.621409
vt 0.743612 0.621447
vt 0.743626 0.621463
vt 0.743621 0.621457
vt 0.743607 0.621430
vt 0.743594 0.621404
vt 0.743599 0.621409
vt 0.743613 0.621446
vt 0.743626 0.621464
vt 0.578454 0.621591
vt 0.556973 0.621620
vt 0.552165 0.621635
vt 0.548056 0.621638
vt 0.501908 0.621659
vt 0.539281 0.621568
vt 0.493424 0.621680
vt 0.490016 0.621687
vt 0.486601 0.621691
vt 0.556947 0.621549
vt 0.578427 0.621543
vt 0.552140 0.621542
vt 0.548032 0.621546
vt 0.632555 0.621497
vt 0.501908 0.621660
vt 0.539281 0.621569
vt 0.493424 0.621681
vt 0.490016 0.621688
vt 0.486601 0.621691
vt 0.556947 0.621550
vt 0.578427 0.621544
vt 0.552140 0.621543
vt 0.548032 0.621547
vt 0.632555 0.621498
vt 0.493441 0.621592
vt 0.490033 0.621590
vt 0.501926 0.621599
vt 0.486617 0.621592
vt 0.539305 0.621630
vt 0.556972 0.621620
vt 0.552165 0.621635
vt 0.578453 0.621592
vt 0.548056 0.621638
vt 0.632584 0.621550
vt 0.493436 0.621643
vt 0.490031 0.621646
vt 0.501915 0.621636
vt 0.486618 0.621649
vt 0.534228 0.500714
vt 0.566580 0.519426
vt 0.539278 0.621605
vt 0.526884 0.496466
vt 0.523934 0.494761
vt 0.520975 0.493055
vt 0.581884 0.528250
vt 0.600501 0.538965
vt 0.577713 0.525860
vt 0.574154 0.523808
vt 0.632563 0.621525
vt 0.578431 0.621571
vt 0.647399 0.565991
vt 0.556945 0.621589
vt 0.552135 0.621594
vt 0.548025 0.621597
vt 0.526814 0.496583
vt 0.523859 0.494884
vt 0.534172 0.500807
vt 0.520899 0.493179
vt 0.501918 0.621630
vt 0.539308 0.621602
vt 0.566588 0.519419
vt 0.493429 0.621637
vt 0.490019 0.621639
vt 0.486601 0.621642
vt 0.556974 0.621588
vt 0.578450 0.621572
vt 0.552171 0.621592
vt 0.548062 0.621595
vt 0.632576 0.621530
vt 0.647403 0.566000
vt 0.600503 0.538973
vt 0.581897 0.528237
vt 0.577738 0.525827
vt 0.574178 0.523776
vt 0.526814 0.496583
vt 0.523859 0.494885
vt 0.534172 0.500808
vt 0.520899 0.493180
vt 0.501918 0.621631
vt 0.539308 0.621603
vt 0.566588 0.519420
vt 0.493429 0.621638
vt 0.490018 0.621640
vt 0.486601 0.621643
vt 0.556974 0.621589
vt 0.578450 0.621573
vt 0.552171 0.621593
vt 0.548062 0.621596
vt 0.632576 0.621532
vt 0.647403 0.566001
vt 0.600503 0.538974
vt 0.581897 0.528238
vt 0.577738 0.525828
vt 0.574177 0.523777
vt 0.493436 0.621643
vt 0.490031 0.621646
vt 0.501915 0.621636
vt 0.486618 0.621649
vt 0.526884 0.496465
vt 0.534227 0.500713
vt 0.523933 0.494760
vt 0.520975 0.493055
vt 0.539278 0.621604
vt 0.566580 0.519425
vt 0.556945 0.621589
vt 0.552134 0.621593
vt 0.578430 0.621570
vt 0.548025 0.621596
vt 0.581884 0.528249
vt 0.600501 0.538964
vt 0.577713 0.525859
vt 0.574154 0.523807
vt 0.632562 0.621524
vt 0.647399 0.565990
vn -0.258384 0.930796 0.258567
vn -0.213404 0.953365 0.213436
vn -0.215824 0.955574 0.200744
vn -0.236113 0.938412 0.252256
vn -0.081383 0.993354 0.081390
vn -0.089803 0.992435 0.083719
vn -0.112445 0.991535 0.064920
vn -0.245489 0.958982 0.141733
vn -0.274463 0.948451 0.158461
vn -0.002458 0.999994 0.002457
vn -0.008270 0.999933 0.008085
vn 0.000000 1.000000 -0.000000
vn -0.010928 0.999920 0.006309
vn -0.000000 1.000000 -0.000000
vn -0.000000 1.000000 -0.000000
vn -0.000000 1.000000 0.000000
vn 0.000000 1.000000 -0.000000
vn -0.158203 0.948482 0.274508
vn -0.141648 0.959011 0.245424
vn -0.200794 0.955569 0.215802
vn -0.252488 0.938332 0.236183
vn -0.064933 0.991529 0.112491
vn -0.083720 0.992436 0.089791
vn -0.006306 0.999920 0.010937
vn -0.008086 0.999933 0.008276
vn 0.000000 1.000000 -0.000000
vn -0.004450 0.999960 0.007738
vn -0.009512 0.999926 0.007551
vn -0.000000 1.000000 -0.000000
vn -0.068373 0.990542 0.118963
vn -0.129003 0.986430 0.101560
vn -0.128304 0.983412 0.128215
vn -0.010823 0.999883 0.010820
vn 0.000000 1.000000 -0.000000
vn -0.140167 0.959635 0.243832
vn -0.245156 0.949278 0.196901
vn -0.157659 0.948747 0.273902
vn -0.255349 0.939051 0.230173
vn -0.259137 0.930458 0.259029
vn -0.235754 0.942830 0.235566
vn -0.273761 0.948722 0.158056
vn -0.230107 0.939099 0.255233
vn -0.007563 0.999926 0.009509
vn 0.000000 1.000000 0.000000
vn -0.101639 0.986437 0.128889
vn -0.118903 0.990530 0.068649
vn -0.007741 0.999960 0.004469
vn 0.000000 1.000000 -0.000000
vn -0.196907 0.949359 0.244837
vn -0.243640 0.959611 0.140665
vn 0.258386 0.930795 0.258569
vn 0.235995 0.938420 0.252337
vn 0.215776 0.955585 0.200744
vn 0.213404 0.953365 0.213436
vn 0.274262 0.948482 0.158630
vn 0.245383 0.959011 0.141719
vn 0.112479 0.991529 0.064954
vn 0.089808 0.992433 0.083737
vn 0.081383 0.993354 0.081390
vn 0.008272 0.999933 0.008089
vn 0.002459 0.999994 0.002459
vn 0.010930 0.999920 0.006318
vn -0.000000 1.000000 -0.000000
vn 0.000000 1.000000 0.000000
vn 0.000000 1.000000 -0.000000
vn -0.000000 1.000000 -0.000000
vn 0.158371 0.948511 0.274308
vn 0.252571 0.938340 0.236065
vn 0.200795 0.955579 0.215755
vn 0.141635 0.959040 0.245319
vn 0.083737 0.992434 0.089796
vn 0.064966 0.991523 0.112525
vn 0.008090 0.999933 0.008278
vn 0.006315 0.999920 0.010938
vn -0.000000 1.000000 -0.000000
vn 0.000000 1.000000 -0.000000
vn 0.009531 0.999926 0.007549
vn 0.004457 0.999960 0.007720
vn -0.000000 1.000000 -0.000000
vn 0.010828 0.999883 0.010824
vn 0.128297 0.983414 0.128208
vn 0.129146 0.986421 0.101466
vn 0.068563 0.990554 0.118754
vn 0.245361 0.949270 0.196686
vn 0.140583 0.959659 0.243497
vn 0.235746 0.942834 0.235558
vn 0.259138 0.930458 0.259030
vn 0.255472 0.939059 0.230007
vn 0.157980 0.948772 0.273630
vn 0.229942 0.939107 0.255354
vn 0.273488 0.948747 0.158376
vn -0.000000 1.000000 0.000000
vn 0.007561 0.999926 0.009528
vn -0.000000 1.000000 -0.000000
vn 0.007724 0.999960 0.004477
vn 0.118694 0.990542 0.068838
vn 0.101546 0.986428 0.129031
vn 0.196693 0.949351 0.245039
vn 0.243303 0.959635 0.141081
vn -0.258386 0.930795 -0.258569
vn -0.235995 0.938420 -0.252337
vn -0.215776 0.955585 -0.200745
vn -0.213404 0.953365 -0.213436
vn -0.274262 0.948482 -0.158630
vn -0.245383 0.959011 -0.141720
vn -0.112479 0.991529 -0.064954
vn -0.089808 0.992433 -0.083737
vn -0.081383 0.993354 -0.081390
vn -0.008272 0.999933 -0.008089
vn -0.002459 0.999994 -0.002459
vn -0.010930 0.999920 -0.006318
vn 0.000000 1.000000 0.000000
vn -0.000000 1.000000 -0.000000
vn -0.000000 1.000000 -0.000000
vn 0.000000 1.000000 0.000000
vn -0.158372 0.948511 -0.274308
vn -0.252571 0.938340 -0.236065
vn -0.200795 0.955579 -0.215754
vn -0.141635 0.959040 -0.245318
vn -0.083737 0.992434 -0.089796
vn -0.064967 0.991523 -0.112525
vn -0.008090 0.999933 -0.008278
vn -0.006315 0.999920 -0.010938
vn 0.000000 1.000000 0.000000
vn -0.000000 1.000000 0.000000
vn -0.009531 0.999926 -0.007549
vn -0.004457 0.999960 -0.007720
vn 0.000000 1.000000 0.000000
vn -0.010828 0.999883 -0.010824
vn -0.128297 0.983414 -0.128208
vn -0.129146 0.986421 -0.101466
vn -0.068563 0.990554 -0.118754
vn -0.245361 0.949270 -0.196686
vn -0.140583 0.959659 -0.243497
vn -0.235746 0.942834 -0.235558
vn -0.259138 0.930458 -0.259030
vn -0.255472 0.939059 -0.230007
vn -0.157981 0.948772 -0.273630
vn -0.229942 0.939107 -0.255354
vn -0.273488 0.948747 -0.158376
vn 0.000000 1.000000 -0.000000
vn -0.007561 0.999926 -0.009528
vn 0.000000 1.000000 0.000000
vn -0.007724 0.999960 -0.004477
vn -0.118694 0.990542 -0.068838
vn -0.101545 0.986428 -0.129031
vn -0.196693 0.949351 -0.245039
vn -0.243304 0.959635 -0.141081
vn 0.258384 0.930796 -0.258567
vn 0.213403 0.953365 -0.213436
vn 0.215824 0.955574 -0.200744
vn 0.236113 0.938412 -0.252256
vn 0.081383 0.993354 -0.081390
vn 0.089803 0.992435 -0.083719
vn 0.112445 0.991535 -0.064920
vn 0.245489 0.958982 -0.141733
vn 0.274463 0.948451 -0.158462
vn 0.002458 0.999994 -0.002457
vn 0.008270 0.999933 -0.008085
vn -0.000000 1.000000 0.000000
vn 0.010928 0.999920 -0.006309
vn 0.000000 1.000000 0.000000
vn 0.000000 1.000000 -0.000000
vn -0.000000 1.000000 0.000000
vn 0.158203 0.948482 -0.274508
vn 0.141648 0.959011 -0.245424
vn 0.200794 0.955569 -0.215802
vn 0.252488 0.938332 -0.236183
vn 0.064933 0.991529 -0.112491
vn 0.083720 0.992436 -0.089791
vn 0.006306 0.999920 -0.010937
vn 0.008086 0.999933 -0.008276
vn -0.000000 1.000000 0.000000
vn 0.004450 0.999960 -0.007739
vn 0.009514 0.999926 -0.007552
vn 0.000000 1.000000 0.000000
vn 0.068373 0.990542 -0.118963
vn 0.129003 0.986430 -0.101560
vn 0.128304 0.983412 -0.128215
vn 0.010825 0.999883 -0.010822
vn -0.000000 1.000000 0.000000
vn 0.140167 0.959635 -0.243832
vn 0.245156 0.949278 -0.196901
vn 0.157659 0.948747 -0.273902
vn 0.255349 0.939051 -0.230173
vn 0.259137 0.930458 -0.259029
vn 0.235754 0.942830 -0.235566
vn 0.273761 0.948722 -0.158056
vn 0.230107 0.939099 -0.255233
vn 0.007564 0.999926 -0.009511
vn -0.000000 1.000000 -0.000000
vn 0.101639 0.986437 -0.128889
vn 0.118903 0.990530 -0.068649
vn 0.007742 0.999960 -0.004470
vn -0.000000 1.000000 0.000000
vn 0.196907 0.949359 -0.244837
vn 0.243640 0.959611 -0.140666
vn 0.094734 0.930795 0.353053
vn 0.078139 0.953365 0.291531
vn 0.065962 0.955585 0.287240
vn 0.100533 0.938420 0.330547
vn 0.029794 0.993354 0.111175
vn 0.027614 0.992433 0.119644
vn 0.000012 0.991529 0.129886
vn 0.000041 0.959011 0.283367
vn 0.000247 0.948482 0.316832
vn 0.000900 0.999994 0.003359
vn 0.002869 0.999933 0.011208
vn -0.000000 1.000000 0.000000
vn 0.000007 0.999920 0.012624
vn 0.000000 1.000000 0.000000
vn 0.086451 0.955579 0.281771
vn 0.078153 0.938340 0.336765
vn 0.035897 0.992434 0.117417
vn 0.003124 0.999933 0.011145
vn 0.001772 0.999926 0.012027
vn -0.000000 1.000000 -0.000000
vn 0.023299 0.986421 0.162577
vn 0.046883 0.983414 0.175213
vn 0.003959 0.999883 0.014786
vn -0.000000 1.000000 -0.000000
vn 0.047654 0.949269 0.310832
vn 0.071456 0.939059 0.336249
vn 0.094758 0.930458 0.353935
vn 0.086126 0.942834 0.321941
vn 0.000414 0.948747 0.316035
vn 0.106172 0.939107 0.326812
vn 0.004470 0.999926 0.011310
vn 0.000000 1.000000 -0.000000
vn 0.060971 0.986428 0.152457
vn 0.000268 0.990542 0.137212
vn 0.000015 0.999960 0.008926
vn -0.000000 1.000000 -0.000000
vn 0.113863 0.949351 0.292860
vn 0.000528 0.959635 0.281248
vn 0.353118 0.930796 -0.094484
vn 0.336516 0.938412 -0.078352
vn 0.281761 0.955574 -0.086537
vn 0.291542 0.953365 -0.078095
vn 0.117404 0.992435 -0.035912
vn 0.111177 0.993354 -0.029785
vn 0.011137 0.999933 -0.003120
vn 0.003357 0.999994 -0.000900
vn 0.000000 1.000000 0.000000
vn -0.000000 1.000000 -0.000000
vn 0.316832 0.948482 0.000247
vn 0.330784 0.938332 -0.100570
vn 0.287287 0.955568 -0.065992
vn 0.283367 0.959011 0.000041
vn 0.119621 0.992436 -0.027608
vn 0.129887 0.991529 0.000012
vn 0.011210 0.999933 -0.002865
vn 0.012625 0.999920 0.000007
vn -0.000000 1.000000 -0.000000
vn -0.000000 1.000000 -0.000000
vn 0.011297 0.999926 -0.004463
vn 0.008927 0.999960 0.000015
vn -0.000000 1.000000 0.000000
vn 0.014785 0.999883 -0.003964
vn 0.175189 0.983412 -0.047007
vn 0.152454 0.986430 -0.060939
vn 0.137211 0.990542 0.000268
vn 0.293099 0.949278 -0.113861
vn 0.281248 0.959635 0.000528
vn 0.321883 0.942830 -0.086386
vn 0.353894 0.930458 -0.094904
vn 0.327010 0.939051 -0.106052
vn 0.316036 0.948747 0.000414
vn 0.336092 0.939099 -0.071662
vn -0.000000 1.000000 0.000000
vn 0.012019 0.999926 -0.001795
vn 0.162441 0.986437 -0.023577
vn 0.310489 0.949359 -0.048108
vn -0.353118 0.930796 0.094484
vn -0.336517 0.938412 0.078352
vn -0.281761 0.955574 0.086537
vn -0.291543 0.953365 0.078095
vn -0.117404 0.992435 0.035912
vn -0.111177 0.993354 0.029785
vn -0.011137 0.999933 0.003120
vn -0.003357 0.999994 0.000900
vn -0.000000 1.000000 -0.000000
vn 0.000000 1.000000 0.000000
vn -0.316832 0.948482 -0.000247
vn -0.330784 0.938332 0.100570
vn -0.287287 0.955569 0.065992
vn -0.283368 0.959011 -0.000041
vn -0.119621 0.992436 0.027608
vn -0.129887 0.991529 -0.000012
vn -0.011210 0.999933 0.002865
vn -0.012625 0.999920 -0.000007
vn 0.000000 1.000000 0.000000
vn 0.000000 1.000000 0.000000
vn -0.011297 0.999926 0.004463
vn -0.008927 0.999960 -0.000015
vn 0.000000 1.000000 -0.000000
vn -0.014785 0.999883 0.003964
vn -0.175190 0.983412 0.047007
vn -0.152454 0.986430 0.060939
vn -0.137211 0.990542 -0.000268
vn -0.293100 0.949278 0.113861
vn -0.281247 0.959635 -0.000528
vn -0.321883 0.942830 0.086386
vn -0.353894 0.930458 0.094904
vn -0.327010 0.939051 0.106052
vn -0.316036 0.948747 -0.000414
vn -0.336092 0.939099 0.071662
vn 0.000000 1.000000 -0.000000
vn -0.012019 0.999926 0.001795
vn -0.162441 0.986437 0.023577
vn -0.310489 0.949359 0.048108
vn -0.094734 0.930795 -0.353054
vn -0.078139 0.953365 -0.291531
vn -0.065962 0.955585 -0.287239
vn -0.100533 0.938420 -0.330547
vn -0.029794 0.993354 -0.111174
vn -0.027614 0.992433 -0.119644
vn -0.000012 0.991529 -0.129887
vn -0.000041 0.959011 -0.283367
vn -0.000247 0.948482 -0.316832
vn -0.000900 0.999994 -0.003359
vn -0.002869 0.999933 -0.011208
vn 0.000000 1.000000 0.000000
vn -0.000007 0.999920 -0.012624
vn -0.000000 1.000000 -0.000000
vn -0.086451 0.955579 -0.281771
vn -0.078153 0.938340 -0.336765
vn -0.035897 0.992434 -0.117417
vn -0.003124 0.999933 -0.011145
vn -0.001772 0.999926 -0.012029
vn 0.000000 1.000000 0.000000
vn -0.023299 0.986421 -0.162577
vn -0.046883 0.983414 -0.175213
vn -0.003960 0.999883 -0.014789
vn 0.000000 1.000000 0.000000
vn -0.047654 0.949269 -0.310832
vn -0.071456 0.939059 -0.336249
vn -0.094758 0.930458 -0.353935
vn -0.086126 0.942834 -0.321941
vn -0.000414 0.948747 -0.316036
vn -0.106172 0.939107 -0.326812
vn -0.004471 0.999926 -0.011312
vn -0.000000 1.000000 0.000000
vn -0.060971 0.986428 -0.152456
vn -0.000268 0.990542 -0.137211
vn -0.000015 0.999960 -0.008927
vn 0.000000 1.000000 0.000000
vn -0.113863 0.949351 -0.292861
vn -0.000528 0.959635 -0.281248
vn -0.094486 0.930795 0.353119
vn -0.078095 0.953365 0.291543
vn -0.086495 0.955585 0.281738
vn -0.078209 0.938420 0.336528
vn -0.029785 0.993354 0.111177
vn -0.035908 0.992433 0.117422
vn -0.000900 0.999994 0.003358
vn -0.003119 0.999933 0.011141
vn -0.065992 0.955569 0.287287
vn -0.100570 0.938332 0.330785
vn -0.027608 0.992436 0.119621
vn -0.002864 0.999933 0.011210
vn -0.004462 0.999926 0.011296
vn -0.000000 1.000000 -0.000000
vn -0.060939 0.986430 0.152453
vn -0.047002 0.983413 0.175186
vn -0.003963 0.999883 0.014784
vn 0.000000 1.000000 -0.000000
vn -0.113861 0.949278 0.293098
vn -0.106053 0.939051 0.327010
vn -0.094907 0.930458 0.353894
vn -0.086384 0.942832 0.321878
vn -0.071459 0.939107 0.336114
vn -0.001784 0.999926 0.012030
vn 0.000000 1.000000 -0.000000
vn -0.023426 0.986427 0.162518
vn -0.047823 0.949351 0.310558
vn 0.353053 0.930795 0.094732
vn 0.330547 0.938420 0.100533
vn 0.287239 0.955585 0.065962
vn 0.291531 0.953364 0.078139
vn 0.119644 0.992433 0.027614
vn 0.111174 0.993354 0.029794
vn 0.011208 0.999933 0.002869
vn 0.003358 0.999994 0.000899
vn 0.336753 0.938332 0.078296
vn 0.281794 0.955568 0.086493
vn 0.117399 0.992436 0.035901
vn 0.011141 0.999933 0.003124
vn -0.000000 1.000000 -0.000000
vn 0.012016 0.999926 0.001784
vn -0.000000 1.000000 -0.000000
vn 0.014787 0.999883 0.003960
vn 0.175217 0.983413 0.046888
vn 0.162498 0.986430 0.023452
vn 0.310761 0.949278 0.047943
vn 0.321946 0.942832 0.086128
vn 0.353934 0.930458 0.094756
vn 0.336225 0.939052 0.071660
vn 0.326812 0.939107 0.106172
vn -0.000000 1.000000 0.000000
vn 0.011312 0.999926 0.004471
vn 0.152458 0.986427 0.060972
vn 0.292862 0.949351 0.113863
vn -0.353053 0.930795 -0.094732
vn -0.330547 0.938420 -0.100533
vn -0.287240 0.955585 -0.065962
vn -0.291531 0.953365 -0.078139
vn -0.119644 0.992433 -0.027614
vn -0.111174 0.993354 -0.029794
vn -0.011208 0.999933 -0.002869
vn -0.003358 0.999994 -0.000899
vn -0.336753 0.938332 -0.078296
vn -0.281794 0.955568 -0.086493
vn -0.117399 0.992436 -0.035901
vn -0.011141 0.999933 -0.003124
vn 0.000000 1.000000 0.000000
vn -0.012016 0.999926 -0.001784
vn 0.000000 1.000000 0.000000
vn -0.014787 0.999883 -0.003960
vn -0.175217 0.983413 -0.046888
vn -0.162498 0.986430 -0.023452
vn -0.310761 0.949278 -0.047943
vn -0.321946 0.942832 -0.086128
vn -0.353934 0.930458 -0.094756
vn -0.336225 0.939051 -0.071660
vn -0.326813 0.939107 -0.106172
vn 0.000000 1.000000 -0.000000
vn -0.011312 0.999926 -0.004471
vn -0.152457 0.986428 -0.060972
vn -0.292861 0.949351 -0.113863
vn 0.094486 0.930795 -0.353119
vn 0.078095 0.953365 -0.291543
vn 0.086495 0.955585 -0.281738
vn 0.078209 0.938420 -0.336528
vn 0.029785 0.993354 -0.111177
vn 0.035908 0.992433 -0.117422
vn 0.000900 0.999994 -0.003358
vn 0.003119 0.999933 -0.011141
vn 0.065992 0.955569 -0.287287
vn 0.100570 0.938332 -0.330785
vn 0.027608 0.992436 -0.119621
vn 0.002864 0.999933 -0.011210
vn 0.004463 0.999926 -0.011298
vn 0.000000 1.000000 0.000000
vn 0.060939 0.986430 -0.152453
vn 0.047002 0.983413 -0.175186
vn 0.003964 0.999883 -0.014787
vn -0.000000 1.000000 0.000000
vn 0.113861 0.949278 -0.293098
vn 0.106053 0.939051 -0.327010
vn 0.094907 0.930458 -0.353894
vn 0.086384 0.942832 -0.321878
vn 0.071459 0.939107 -0.336114
vn 0.001784 0.999926 -0.012032
vn -0.000000 1.000000 0.000000
vn 0.023426 0.986427 -0.162518
vn 0.047823 0.949351 -0.310558
vn 0.000000 1.000000 -0.000000
vn 0.035979 0.998705 -0.035979
vn 0.016942 0.999142 -0.037782
vn 0.000000 1.000000 -0.000000
vn 0.326504 0.886852 -0.326940
vn 0.176167 0.906121 -0.384590
vn 0.186679 0.927261 -0.324557
vn 0.016760 0.999435 -0.029151
vn 0.000000 1.000000 -0.000000
vn 0.534963 0.653340 -0.535689
vn 0.317049 0.686297 -0.654581
vn 0.549216 0.629665 -0.549439
vn 0.409689 0.672096 -0.616800
vn 0.353394 0.706332 -0.613357
vn 0.343585 0.724877 -0.597079
vn -0.000000 1.000000 -0.000000
vn -0.035934 0.998708 -0.035933
vn -0.037648 0.999146 -0.017043
vn -0.000000 1.000000 -0.000000
vn -0.325871 0.887325 -0.326286
vn -0.382921 0.906657 -0.177043
vn -0.323546 0.927449 -0.187502
vn -0.029081 0.999435 -0.016861
vn -0.000000 1.000000 -0.000000
vn -0.534891 0.653473 -0.535597
vn -0.652663 0.687374 -0.318666
vn -0.549224 0.629659 -0.549438
vn -0.616001 0.672463 -0.410287
vn -0.612728 0.706331 -0.354486
vn -0.596024 0.724952 -0.345253
vn 0.000000 1.000000 0.000000
vn 0.035934 0.998708 0.035933
vn 0.037648 0.999146 0.017043
vn 0.000000 1.000000 0.000000
vn 0.325871 0.887325 0.326286
vn 0.382921 0.906657 0.177043
vn 0.323546 0.927449 0.187502
vn 0.029081 0.999435 0.016861
vn 0.000000 1.000000 0.000000
vn 0.534891 0.653473 0.535597
vn 0.652663 0.687374 0.318666
vn 0.549224 0.629659 0.549438
vn 0.616001 0.672463 0.410287
vn 0.612728 0.706331 0.354486
vn 0.596024 0.724953 0.345253
vn -0.549217 0.629665 0.549439
vn -0.534902 0.653439 0.535628
vn -0.652697 0.687446 0.318442
vn -0.616032 0.672560 0.410082
vn -0.325951 0.887259 0.326385
vn -0.383035 0.906622 0.176975
vn -0.323985 0.927386 0.187053
vn -0.596172 0.725331 0.344200
vn -0.612780 0.706635 0.353789
vn -0.035936 0.998708 0.035936
vn -0.037671 0.999145 0.017043
vn -0.000000 1.000000 0.000000
vn -0.000000 1.000000 0.000000
vn -0.000000 1.000000 0.000000
vn -0.029167 0.999433 0.016840
vn 0.201215 0.629659 0.750361
vn 0.196395 0.653474 0.731027
vn -0.050359 0.687376 0.724554
vn 0.047319 0.672463 0.738616
vn 0.119637 0.887325 0.445355
vn -0.038137 0.906657 0.420142
vn 0.000609 0.927448 0.373951
vn 0.000986 0.724953 0.688797
vn 0.000630 0.706332 0.707881
vn 0.013152 0.998708 0.049087
vn -0.004064 0.999146 0.041126
vn 0.000000 1.000000 0.000000
vn -0.000000 1.000000 0.000000
vn 0.000000 1.000000 0.000000
vn 0.000061 0.999435 0.033616
vn 0.616032 0.672560 -0.410082
vn 0.606658 0.674319 -0.421023
vn 0.549388 0.629916 -0.548979
vn 0.612780 0.706635 -0.353789
vn 0.611653 0.707937 -0.353138
vn 0.000000 1.000000 -0.000000
vn 0.000000 1.000000 -0.000000
vn 0.421169 0.673637 -0.607313
vn 0.352873 0.707658 -0.612128
vn -0.353424 0.707366 -0.612148
vn -0.421370 0.673535 -0.607287
vn -0.409907 0.671993 -0.616767
vn -0.354095 0.706021 -0.613311
vn -0.549397 0.629909 -0.548980
vn -0.606630 0.674226 -0.421212
vn -0.611662 0.707656 -0.353683
vn -0.000000 1.000000 -0.000000
vn -0.000000 1.000000 -0.000000
vn 0.353424 0.707366 0.612148
vn 0.421370 0.673535 0.607287
vn 0.409907 0.671993 0.616767
vn 0.354095 0.706021 0.613311
vn 0.549397 0.629909 0.548980
vn 0.606630 0.674226 0.421212
vn 0.611662 0.707656 0.353683
vn 0.000000 1.000000 0.000000
vn 0.000000 1.000000 0.000000
vn -0.606658 0.674319 0.421023
vn -0.549388 0.629916 0.548979
vn -0.611653 0.707937 0.353138
vn -0.353394 0.706332 0.613358
vn -0.409689 0.672095 0.616800
vn -0.421170 0.673637 0.607313
vn -0.352873 0.707658 0.612128
vn -0.000000 1.000000 0.000000
vn -0.000000 1.000000 0.000000
vn -0.201215 0.629659 -0.750361
vn -0.047319 0.672463 -0.738616
vn -0.061466 0.674226 -0.735963
vn -0.200732 0.629908 -0.750282
vn -0.000630 0.706332 -0.707881
vn -0.000467 0.707657 -0.706556
vn -0.000000 1.000000 -0.000000
vn 0.000000 1.000000 -0.000000
vn -0.000000 1.000000 -0.000000
vn -0.315241 0.673535 -0.668561
vn -0.329183 0.671993 -0.663373
vn -0.000000 1.000000 -0.000000
vn -0.706555 0.707658 -0.000467
vn -0.736533 0.673637 0.061087
vn -0.739009 0.672096 0.046401
vn -0.707880 0.706332 -0.000630
vn -0.750124 0.629916 0.201294
vn -0.750436 0.629665 0.200916
vn -0.667946 0.674319 0.314869
vn -0.663157 0.672560 0.328459
vn -0.000000 1.000000 -0.000000
vn -0.000000 1.000000 0.000000
vn -0.000000 1.000000 -0.000000
vn -0.000000 1.000000 0.000000
vn 0.706555 0.707658 0.000467
vn 0.736534 0.673637 -0.061087
vn 0.739009 0.672096 -0.046401
vn 0.707880 0.706332 0.000630
vn 0.750124 0.629916 -0.201294
vn 0.750437 0.629665 -0.200916
vn 0.667946 0.674319 -0.314869
vn 0.663157 0.672560 -0.328459
vn 0.000000 1.000000 0.000000
vn 0.000000 1.000000 -0.000000
vn 0.000000 1.000000 0.000000
vn 0.000000 1.000000 -0.000000
vn 0.061466 0.674226 0.735963
vn 0.200732 0.629908 0.750281
vn 0.000467 0.707657 0.706556
vn 0.315241 0.673535 0.668561
vn 0.329183 0.671993 0.663373
vn 0.000000 1.000000 0.000000
vn 0.200914 0.629664 -0.750438
vn 0.328327 0.672465 -0.663319
vn 0.314749 0.674229 -0.668094
vn 0.201295 0.629915 -0.750125
vn 0.000000 1.000000 -0.000000
vn 0.000000 1.000000 -0.000000
vn 0.061087 0.673635 -0.736535
vn 0.046401 0.672095 -0.739010
vn -0.000000 1.000000 -0.000000
vn -0.663202 0.672094 -0.329320
vn -0.668402 0.673635 -0.315364
vn -0.750275 0.629915 -0.200736
vn -0.750355 0.629664 -0.201222
vn -0.735960 0.674229 -0.061467
vn -0.738615 0.672465 -0.047320
vn -0.000000 1.000000 -0.000000
vn -0.000000 1.000000 -0.000000
vn -0.000000 1.000000 0.000000
vn 0.663202 0.672094 0.329320
vn 0.668402 0.673635 0.315364
vn 0.750275 0.629915 0.200736
vn 0.750356 0.629664 0.201222
vn 0.735960 0.674229 0.061467
vn 0.738615 0.672465 0.047320
vn 0.000000 1.000000 0.000000
vn 0.000000 1.000000 0.000000
vn 0.000000 1.000000 -0.000000
vn -0.200914 0.629664 0.750438
vn -0.328327 0.672465 0.663319
vn -0.314748 0.674229 0.668094
vn -0.201295 0.629915 0.750126
vn -0.000000 1.000000 0.000000
vn -0.000000 1.000000 0.000000
vn -0.061087 0.673635 0.736535
vn -0.046401 0.672095 0.739010
vn 0.000000 1.000000 0.000000
vn 0.652766 0.687367 -0.318471
vn 0.383586 0.906344 -0.177209
vn 0.324184 0.927297 -0.187152
vn 0.596202 0.725300 -0.344215
vn 0.037702 0.999144 -0.017052
vn 0.029175 0.999433 -0.016841
vn 0.602130 0.687442 -0.406033
vn 0.344817 0.906604 -0.243251
vn 0.445635 0.887259 -0.119089
vn 0.731317 0.653441 -0.195424
vn 0.033596 0.999145 -0.024102
vn 0.049089 0.998708 -0.013153
vn -0.317242 0.686343 -0.654439
vn -0.175968 0.906483 -0.383828
vn -0.186964 0.927467 -0.323804
vn -0.344595 0.724582 -0.596854
vn -0.016930 0.999145 -0.037718
vn -0.016774 0.999437 -0.029048
vn -0.408183 0.686268 -0.602015
vn -0.244764 0.906221 -0.344752
vn -0.119839 0.886919 -0.446108
vn -0.196417 0.653375 -0.731110
vn -0.024223 0.999144 -0.033543
vn -0.013168 0.998705 -0.049146
vn 0.317240 0.686348 0.654435
vn 0.175949 0.906500 0.383796
vn 0.186840 0.927557 0.323617
vn 0.344577 0.724614 0.596826
vn 0.016929 0.999145 0.037718
vn 0.016768 0.999438 0.029043
vn -0.016932 0.999144 0.037750
vn -0.175917 0.906418 0.384004
vn -0.186457 0.927441 0.324170
vn -0.016752 0.999435 0.029139
vn -0.317018 0.686381 0.654508
vn -0.343551 0.724941 0.597020
vn -0.602126 0.687447 0.406031
vn -0.344784 0.906621 0.243232
vn -0.445634 0.887259 0.119088
vn -0.731317 0.653441 0.195424
vn -0.033595 0.999145 0.024103
vn -0.049089 0.998708 0.013153
vn -0.024080 0.999146 0.033581
vn -0.243121 0.906637 0.344820
vn -0.119092 0.887282 0.445587
vn -0.013158 0.998708 0.049089
vn -0.405896 0.687358 0.602318
vn -0.195420 0.653450 0.731310
vn 0.050368 0.687292 -0.724633
vn 0.038210 0.906362 -0.420771
vn -0.000610 0.927268 -0.374397
vn -0.000986 0.724889 -0.688865
vn 0.004071 0.999144 -0.041158
vn -0.000061 0.999434 -0.033630
vn -0.052719 0.686313 -0.725393
vn -0.039727 0.906138 -0.421111
vn 0.119294 0.886875 -0.446343
vn 0.195442 0.653351 -0.731393
vn -0.004219 0.999142 -0.041195
vn 0.013174 0.998705 -0.049148
vn -0.725328 0.686383 -0.052709
vn -0.420518 0.906417 -0.039654
vn -0.373968 0.927442 -0.000609
vn -0.688809 0.724942 -0.000986
vn -0.041159 0.999144 -0.004212
vn -0.033611 0.999435 -0.000061
vn -0.724571 0.687358 0.050357
vn -0.420181 0.906638 0.038139
vn -0.445436 0.887282 -0.119657
vn -0.731043 0.653449 -0.196417
vn -0.041122 0.999146 0.004063
vn -0.049091 0.998708 -0.013149
vn 0.725328 0.686383 0.052709
vn 0.420516 0.906418 0.039654
vn 0.373966 0.927442 0.000609
vn 0.688809 0.724942 0.000986
vn 0.041159 0.999144 0.004212
vn 0.033611 0.999435 0.000061
vn 0.724571 0.687358 -0.050357
vn 0.420181 0.906638 -0.038139
vn 0.445434 0.887283 0.119657
vn 0.731043 0.653449 0.196417
vn 0.041123 0.999146 -0.004063
vn 0.049091 0.998708 0.013149
vn 0.408138 0.686348 0.601955
vn 0.244402 0.906500 0.344275
vn 0.024200 0.999145 0.033520
vn 0.024102 0.999144 -0.033606
vn 0.243500 0.906342 -0.345330
vn 0.405944 0.687274 -0.602383
vn -0.033542 0.999144 -0.024229
vn -0.344321 0.906435 -0.244579
vn -0.601787 0.686397 -0.408304
vn 0.033542 0.999144 0.024229
vn 0.344320 0.906436 0.244578
vn 0.601787 0.686397 0.408304
vn 0.052709 0.686398 0.725314
vn 0.039651 0.906435 0.420479
vn 0.004212 0.999144 0.041163
s 1
g eggDish_obj
usemtl aiStandardSurface1SG
f 10/10/1 414/386/2 602/242/3 417/389/4
f 414/386/2 9/9/5 415/387/6 602/242/3
f 602/242/3 415/387/6 12/952/7 416/954/8
f 417/389/4 602/242/3 416/954/8 11/949/9
f 9/9/5 8/8/10 603/243/11 415/387/6
f 603/243/11 8/8/10 13/953/12 418/951/13
f 415/387/6 603/243/11 418/951/13 12/952/7
f 3/842/14 419/959/15 8/8/10 420/960/16
f 419/959/15 13/953/12 8/8/10
f 420/960/16 8/8/10 5/956/17
f 7/950/18 421/958/19 604/244/20 423/395/21
f 421/958/19 6/957/22 422/394/23 604/244/20
f 604/244/20 422/394/23 9/9/5 414/386/2
f 423/395/21 604/244/20 414/386/2 10/10/1
f 6/957/22 424/955/24 605/245/25 422/394/23
f 424/955/24 5/956/17 8/8/10 605/245/25
f 422/394/23 605/245/25 8/8/10 9/9/5
f 16/16/26 425/948/27 606/246/28 428/400/29
f 425/948/27 15/947/30 426/398/31 606/246/28
f 606/246/28 426/398/31 18/18/32 427/399/33
f 428/400/29 606/246/28 427/399/33 17/17/34
f 15/947/30 429/945/35 607/247/36 426/398/31
f 429/945/35 14/946/37 430/402/38 607/247/36
f 607/247/36 430/402/38 19/19/39 431/403/40
f 426/398/31 607/247/36 431/403/40 18/18/32
f 22/943/41 432/404/42 417/389/4 11/949/9
f 432/404/42 19/19/39 10/10/1 417/389/4
f 423/395/21 10/10/1 19/19/39 430/402/38
f 423/395/21 430/402/38 14/946/37 7/950/18
f 17/17/34 427/399/33 608/248/43 435/407/44
f 427/399/33 18/18/32 433/405/45 608/248/43
f 608/248/43 433/405/45 21/942/46 434/944/47
f 435/407/44 608/248/43 434/944/47 20/790/48
f 18/18/32 431/403/40 609/249/49 433/405/45
f 431/403/40 19/19/39 432/404/42 609/249/49
f 609/249/49 432/404/42 22/943/41 436/941/50
f 433/405/45 609/249/49 436/941/50 21/942/46
f 31/31/51 437/409/52 610/250/53 440/412/54
f 437/409/52 32/927/55 438/940/56 610/250/53
f 610/250/53 438/940/56 33/939/57 439/411/58
f 440/412/54 610/250/53 439/411/58 30/30/59
f 30/30/59 439/411/58 611/251/60 29/29/61
f 439/411/58 33/939/57 441/938/62 611/251/60
f 611/251/60 441/938/62 34/937/63 29/29/61
f 3/839/14 442/935/64 29/29/61 443/936/65
f 442/935/64 26/932/66 29/29/61
f 443/936/65 29/29/61 34/937/63
f 28/926/67 444/416/68 612/252/69 446/934/70
f 444/416/68 31/31/51 440/412/54 612/252/69
f 612/252/69 440/412/54 30/30/59 445/417/71
f 446/934/70 612/252/69 445/417/71 27/933/72
f 27/933/72 445/417/71 613/253/73 447/931/74
f 445/417/71 30/30/59 29/29/61 613/253/73
f 447/931/74 613/253/73 29/29/61 26/932/66
f 37/780/75 448/420/76 614/254/77 451/930/78
f 448/420/76 38/38/79 449/421/80 614/254/77
f 614/254/77 449/421/80 39/39/81 450/422/82
f 451/930/78 614/254/77 450/422/82 36/929/83
f 36/929/83 450/422/82 615/255/84 454/928/85
f 450/422/82 39/39/81 452/424/86 615/255/84
f 615/255/84 452/424/86 40/40/87 453/425/88
f 454/928/85 615/255/84 453/425/88 35/925/89
f 455/427/90 43/923/91 32/927/55 437/409/52
f 455/427/90 437/409/52 31/31/51 40/40/87
f 40/40/87 31/31/51 444/416/68 453/425/88
f 444/416/68 28/926/67 35/925/89 453/425/88
f 38/38/79 456/428/92 616/256/93 449/421/80
f 456/428/92 41/41/94 457/924/95 616/256/93
f 616/256/93 457/924/95 42/922/96 458/430/97
f 449/421/80 616/256/93 458/430/97 39/39/81
f 39/39/81 458/430/97 617/257/98 452/424/86
f 458/430/97 42/922/96 459/921/99 617/257/98
f 617/257/98 459/921/99 43/923/91 455/427/90
f 452/424/86 617/257/98 455/427/90 40/40/87
f 52/52/100 460/432/101 618/258/102 463/435/103
f 460/432/101 53/907/104 461/920/105 618/258/102
f 618/258/102 461/920/105 54/919/106 462/434/107
f 463/435/103 618/258/102 462/434/107 51/51/108
f 51/51/108 462/434/107 619/259/109 50/50/110
f 462/434/107 54/919/106 464/918/111 619/259/109
f 619/259/109 464/918/111 55/917/112 50/50/110
f 3/845/14 465/915/113 50/50/110 466/916/114
f 465/915/113 47/912/115 50/50/110
f 466/916/114 50/50/110 55/917/112
f 49/906/116 467/439/117 620/260/118 469/914/119
f 467/439/117 52/52/100 463/435/103 620/260/118
f 620/260/118 463/435/103 51/51/108 468/440/120
f 469/914/119 620/260/118 468/440/120 48/913/121
f 48/913/121 468/440/120 621/261/122 470/911/123
f 468/440/120 51/51/108 50/50/110 621/261/122
f 470/911/123 621/261/122 50/50/110 47/912/115
f 58/772/124 471/443/125 622/262/126 474/910/127
f 471/443/125 59/59/128 472/444/129 622/262/126
f 622/262/126 472/444/129 60/60/130 473/445/131
f 474/910/127 622/262/126 473/445/131 57/909/132
f 57/909/132 473/445/131 623/263/133 477/908/134
f 473/445/131 60/60/130 475/447/135 623/263/133
f 623/263/133 475/447/135 61/61/136 476/448/137
f 477/908/134 623/263/133 476/448/137 56/905/138
f 478/450/139 64/903/140 53/907/104 460/432/101
f 478/450/139 460/432/101 52/52/100 61/61/136
f 61/61/136 52/52/100 467/439/117 476/448/137
f 467/439/117 49/906/116 56/905/138 476/448/137
f 59/59/128 479/451/141 624/264/142 472/444/129
f 479/451/141 62/62/143 480/904/144 624/264/142
f 624/264/142 480/904/144 63/902/145 481/453/146
f 472/444/129 624/264/142 481/453/146 60/60/130
f 60/60/130 481/453/146 625/265/147 475/447/135
f 481/453/146 63/902/145 482/901/148 625/265/147
f 625/265/147 482/901/148 64/903/140 478/450/139
f 475/447/135 625/265/147 478/450/139 61/61/136
f 73/73/149 483/455/150 626/266/151 486/458/152
f 483/455/150 72/72/153 484/456/154 626/266/151
f 626/266/151 484/456/154 75/899/155 485/900/156
f 486/458/152 626/266/151 485/900/156 74/887/157
f 72/72/153 71/71/158 627/267/159 484/456/154
f 627/267/159 71/71/158 76/896/160 487/898/161
f 484/456/154 627/267/159 487/898/161 75/899/155
f 3/836/14 488/895/162 71/71/158 489/897/163
f 488/895/162 76/896/160 71/71/158
f 489/897/163 71/71/158 68/892/164
f 70/886/165 490/894/166 628/268/167 492/464/168
f 490/894/166 69/893/169 491/463/170 628/268/167
f 628/268/167 491/463/170 72/72/153 483/455/150
f 492/464/168 628/268/167 483/455/150 73/73/149
f 69/893/169 493/891/171 629/269/172 491/463/170
f 493/891/171 68/892/164 71/71/158 629/269/172
f 491/463/170 629/269/172 71/71/158 72/72/153
f 79/79/173 494/890/174 630/270/175 497/469/176
f 494/890/174 78/889/177 495/467/178 630/270/175
f 630/270/175 495/467/178 81/81/179 496/468/180
f 497/469/176 630/270/175 496/468/180 80/80/181
f 78/889/177 498/888/182 631/271/183 495/467/178
f 498/888/182 77/885/184 499/471/185 631/271/183
f 631/271/183 499/471/185 82/82/186 500/472/187
f 495/467/178 631/271/183 500/472/187 81/81/179
f 85/883/188 501/473/189 486/458/152 74/887/157
f 501/473/189 82/82/186 73/73/149 486/458/152
f 492/464/168 73/73/149 82/82/186 499/471/185
f 492/464/168 499/471/185 77/885/184 70/886/165
f 80/80/181 496/468/180 632/272/190 504/476/191
f 496/468/180 81/81/179 502/474/192 632/272/190
f 632/272/190 502/474/192 84/882/193 503/884/194
f 504/476/191 632/272/190 503/884/194 83/766/195
f 81/81/179 500/472/187 633/273/196 502/474/192
f 500/472/187 82/82/186 501/473/189 633/273/196
f 633/273/196 501/473/189 85/883/188 505/881/197
f 502/474/192 633/273/196 505/881/197 84/882/193
f 90/90/198 506/478/199 634/274/200 509/481/201
f 506/478/199 89/89/202 507/479/203 634/274/200
f 634/274/200 507/479/203 92/877/204 508/879/205
f 509/481/201 634/274/200 508/879/205 91/875/206
f 89/89/202 88/88/207 635/275/208 507/479/203
f 635/275/208 88/88/207 93/878/209 510/876/210
f 507/479/203 635/275/208 510/876/210 92/877/204
f 3/840/14 511/880/211 88/88/207 442/414/64
f 511/880/211 93/878/209 88/88/207
f 442/414/64 88/88/207 26/26/66
f 28/28/67 446/418/70 636/276/212 513/485/213
f 446/418/70 27/27/72 512/484/214 636/276/212
f 636/276/212 512/484/214 89/89/202 506/478/199
f 513/485/213 636/276/212 506/478/199 90/90/198
f 27/27/72 447/419/74 637/277/215 512/484/214
f 447/419/74 26/26/66 88/88/207 637/277/215
f 512/484/214 637/277/215 88/88/207 89/89/202
f 37/37/75 451/423/78 638/278/216 516/488/217
f 451/423/78 36/36/83 514/486/218 638/278/216
f 638/278/216 514/486/218 95/95/219 515/487/220
f 516/488/217 638/278/216 515/487/220 94/94/221
f 36/36/83 454/426/85 639/279/222 514/486/218
f 454/426/85 35/35/89 517/489/223 639/279/222
f 639/279/222 517/489/223 96/96/224 518/490/225
f 514/486/218 639/279/222 518/490/225 95/95/219
f 99/873/226 519/491/227 509/481/201 91/875/206
f 519/491/227 96/96/224 90/90/198 509/481/201
f 513/485/213 90/90/198 96/96/224 517/489/223
f 513/485/213 517/489/223 35/35/89 28/28/67
f 94/94/221 515/487/220 640/280/228 522/494/229
f 515/487/220 95/95/219 520/492/230 640/280/228
f 640/280/228 520/492/230 98/872/231 521/874/232
f 522/494/229 640/280/228 521/874/232 97/758/233
f 95/95/219 518/490/225 641/281/234 520/492/230
f 518/490/225 96/96/224 519/491/227 641/281/234
f 641/281/234 519/491/227 99/873/226 523/871/235
f 520/492/230 641/281/234 523/871/235 98/872/231
f 107/107/236 524/496/237 642/282/238 526/498/239
f 524/496/237 74/74/157 485/457/156 642/282/238
f 642/282/238 485/457/156 75/75/155 525/497/240
f 526/498/239 642/282/238 525/497/240 106/106/241
f 106/106/241 525/497/240 643/283/242 105/105/243
f 525/497/240 75/75/155 487/459/161 643/283/242
f 643/283/242 487/459/161 76/76/160 105/105/243
f 3/837/14 527/870/244 105/105/243 488/460/162
f 527/870/244 102/867/245 105/105/243
f 488/460/162 105/105/243 76/76/160
f 104/862/246 528/500/247 644/284/248 530/869/249
f 528/500/247 107/107/236 526/498/239 644/284/248
f 644/284/248 526/498/239 106/106/241 529/501/250
f 530/869/249 644/284/248 529/501/250 103/868/251
f 103/868/251 529/501/250 645/285/252 531/866/253
f 529/501/250 106/106/241 105/105/243 645/285/252
f 531/866/253 645/285/252 105/105/243 102/867/245
f 110/754/254 532/504/255 646/286/256 535/865/257
f 532/504/255 111/111/258 533/505/259 646/286/256
f 646/286/256 533/505/259 112/112/260 534/506/261
f 535/865/257 646/286/256 534/506/261 109/864/262
f 109/864/262 534/506/261 647/287/263 538/863/264
f 534/506/261 112/112/260 536/508/265 647/287/263
f 647/287/263 536/508/265 113/113/266 537/509/267
f 538/863/264 647/287/263 537/509/267 108/861/268
f 539/511/269 85/85/188 74/74/157 524/496/237
f 539/511/269 524/496/237 107/107/236 113/113/266
f 113/113/266 107/107/236 528/500/247 537/509/267
f 528/500/247 104/862/246 108/861/268 537/509/267
f 111/111/258 540/512/270 648/288/271 533/505/259
f 540/512/270 83/83/195 503/475/194 648/288/271
f 648/288/271 503/475/194 84/84/193 541/513/272
f 533/505/259 648/288/271 541/513/272 112/112/260
f 112/112/260 541/513/272 649/289/273 536/508/265
f 541/513/272 84/84/193 505/477/197 649/289/273
f 649/289/273 505/477/197 85/85/188 539/511/269
f 536/508/265 649/289/273 539/511/269 113/113/266
f 121/121/274 542/514/275 650/290/276 544/516/277
f 542/514/275 11/11/9 416/388/8 650/290/276
f 650/290/276 416/388/8 12/12/7 543/515/278
f 544/516/277 650/290/276 543/515/278 120/120/279
f 120/120/279 543/515/278 651/291/280 119/119/281
f 543/515/278 12/12/7 418/390/13 651/291/280
f 651/291/280 418/390/13 13/13/12 119/119/281
f 3/843/14 545/860/282 119/119/281 419/391/15
f 545/860/282 116/857/283 119/119/281
f 419/391/15 119/119/281 13/13/12
f 118/852/284 546/518/285 652/292/286 548/859/287
f 546/518/285 121/121/274 544/516/277 652/292/286
f 652/292/286 544/516/277 120/120/279 547/519/288
f 548/859/287 652/292/286 547/519/288 117/858/289
f 117/858/289 547/519/288 653/293/290 549/856/291
f 547/519/288 120/120/279 119/119/281 653/293/290
f 549/856/291 653/293/290 119/119/281 116/857/283
f 124/750/292 550/522/293 654/294/294 553/855/295
f 550/522/293 125/125/296 551/523/297 654/294/294
f 654/294/294 551/523/297 126/126/298 552/524/299
f 553/855/295 654/294/294 552/524/299 123/854/300
f 123/854/300 552/524/299 655/295/301 556/853/302
f 552/524/299 126/126/298 554/526/303 655/295/301
f 655/295/301 554/526/303 127/127/304 555/527/305
f 556/853/302 655/295/301 555/527/305 122/851/306
f 557/529/307 22/22/41 11/11/9 542/514/275
f 557/529/307 542/514/275 121/121/274 127/127/304
f 127/127/304 121/121/274 546/518/285 555/527/305
f 546/518/285 118/852/284 122/851/306 555/527/305
f 125/125/296 558/530/308 656/296/309 551/523/297
f 558/530/308 20/20/48 434/406/47 656/296/309
f 656/296/309 434/406/47 21/21/46 559/531/310
f 551/523/297 656/296/309 559/531/310 126/126/298
f 126/126/298 559/531/310 657/297/311 554/526/303
f 559/531/310 21/21/46 436/408/50 657/297/311
f 657/297/311 436/408/50 22/22/41 557/529/307
f 554/526/303 657/297/311 557/529/307 127/127/304
f 132/132/312 560/532/313 658/298/314 563/535/315
f 560/532/313 131/131/316 561/533/317 658/298/314
f 658/298/314 561/533/317 134/849/318 562/850/319
f 563/535/315 658/298/314 562/850/319 133/834/320
f 131/131/316 130/130/321 659/299/322 561/533/317
f 659/299/322 130/130/321 135/847/323 564/848/324
f 561/533/317 659/299/322 564/848/324 134/849/318
f 3/846/14 565/835/325 130/130/321 465/437/113
f 565/835/325 135/847/323 130/130/321
f 465/437/113 130/130/321 47/47/115
f 49/49/116 469/441/119 660/300/326 567/539/327
f 469/441/119 48/48/121 566/538/328 660/300/326
f 660/300/326 566/538/328 131/131/316 560/532/313
f 567/539/327 660/300/326 560/532/313 132/132/312
f 48/48/121 470/442/123 661/301/329 566/538/328
f 470/442/123 47/47/115 130/130/321 661/301/329
f 566/538/328 661/301/329 130/130/321 131/131/316
f 58/58/124 474/446/127 662/302/330 570/542/331
f 474/446/127 57/57/132 568/540/332 662/302/330
f 662/302/330 568/540/332 137/137/333 569/541/334
f 570/542/331 662/302/330 569/541/334 136/136/335
f 57/57/132 477/449/134 663/303/336 568/540/332
f 477/449/134 56/56/138 571/543/337 663/303/336
f 663/303/336 571/543/337 138/138/338 572/544/339
f 568/540/332 663/303/336 572/544/339 137/137/333
f 141/832/340 573/545/341 563/535/315 133/834/320
f 573/545/341 138/138/338 132/132/312 563/535/315
f 567/539/327 132/132/312 138/138/338 571/543/337
f 567/539/327 571/543/337 56/56/138 49/49/116
f 136/136/335 569/541/334 664/304/342 576/548/343
f 569/541/334 137/137/333 574/546/344 664/304/342
f 664/304/342 574/546/344 140/831/345 575/833/346
f 576/548/343 664/304/342 575/833/346 139/746/347
f 137/137/333 572/544/339 665/305/348 574/546/344
f 572/544/339 138/138/338 573/545/341 665/305/348
f 665/305/348 573/545/341 141/832/340 577/830/349
f 574/546/344 665/305/348 577/830/349 140/831/345
f 145/145/350 578/550/351 666/306/352 580/552/353
f 578/550/351 144/144/354 579/551/355 666/306/352
f 666/306/352 579/551/355 6/6/22 421/393/19
f 580/552/353 666/306/352 421/393/19 7/7/18
f 144/144/354 143/143/356 667/307/357 579/551/355
f 667/307/357 143/143/356 5/5/17 424/396/24
f 579/551/355 667/307/357 424/396/24 6/6/22
f 3/841/14 420/392/16 143/143/356 511/483/211
f 420/392/16 5/5/17 143/143/356
f 511/483/211 143/143/356 93/93/209
f 91/91/206 508/480/205 668/308/358 582/554/359
f 508/480/205 92/92/204 581/553/360 668/308/358
f 668/308/358 581/553/360 144/144/354 578/550/351
f 582/554/359 668/308/358 578/550/351 145/145/350
f 92/92/204 510/482/210 669/309/361 581/553/360
f 510/482/210 93/93/209 143/143/356 669/309/361
f 581/553/360 669/309/361 143/143/356 144/144/354
f 97/97/233 521/493/232 670/310/362 585/557/363
f 521/493/232 98/98/231 583/555/364 670/310/362
f 670/310/362 583/555/364 147/147/365 584/556/366
f 585/557/363 670/310/362 584/556/366 146/146/367
f 98/98/231 523/495/235 671/311/368 583/555/364
f 523/495/235 99/99/226 586/558/369 671/311/368
f 671/311/368 586/558/369 148/148/370 587/559/371
f 583/555/364 671/311/368 587/559/371 147/147/365
f 7/7/18 14/14/37 588/560/372 580/552/353
f 588/560/372 148/148/370 145/145/350 580/552/353
f 582/554/359 145/145/350 148/148/370 586/558/369
f 582/554/359 586/558/369 99/99/226 91/91/206
f 146/146/367 584/556/366 672/312/373 590/562/374
f 584/556/366 147/147/365 589/561/375 672/312/373
f 672/312/373 589/561/375 15/15/30 425/397/27
f 590/562/374 672/312/373 425/397/27 16/787/26
f 147/147/365 587/559/371 673/313/376 589/561/375
f 587/559/371 148/148/370 588/560/372 673/313/376
f 673/313/376 588/560/372 14/14/37 429/401/35
f 589/561/375 673/313/376 429/401/35 15/15/30
f 152/152/377 591/563/378 674/314/379 593/565/380
f 591/563/378 104/104/246 530/502/249 674/314/379
f 674/314/379 530/502/249 103/103/251 592/564/381
f 593/565/380 674/314/379 592/564/381 151/151/382
f 151/151/382 592/564/381 675/315/383 150/150/384
f 592/564/381 103/103/251 531/503/253 675/315/383
f 675/315/383 531/503/253 102/102/245 150/150/384
f 3/838/14 443/415/65 150/150/384 527/499/244
f 443/415/65 34/34/63 150/150/384
f 527/499/244 150/150/384 102/102/245
f 32/32/55 594/566/385 676/316/386 438/410/56
f 594/566/385 152/152/377 593/565/380 676/316/386
f 676/316/386 593/565/380 151/151/382 595/567/387
f 438/410/56 676/316/386 595/567/387 33/33/57
f 33/33/57 595/567/387 677/317/388 441/413/62
f 595/567/387 151/151/382 150/150/384 677/317/388
f 441/413/62 677/317/388 150/150/384 34/34/63
f 41/779/94 596/568/389 678/318/390 457/429/95
f 596/568/389 153/153/391 597/569/392 678/318/390
f 678/318/390 597/569/392 154/154/393 598/570/394
f 457/429/95 678/318/390 598/570/394 42/42/96
f 42/42/96 598/570/394 679/319/395 459/431/99
f 598/570/394 154/154/393 599/571/396 679/319/395
f 679/319/395 599/571/396 155/155/397 600/572/398
f 459/431/99 679/319/395 600/572/398 43/43/91
f 601/573/399 108/108/268 104/104/246 591/563/378
f 601/573/399 591/563/378 152/152/377 155/155/397
f 155/155/397 152/152/377 594/566/385 600/572/398
f 594/566/385 32/32/55 43/43/91 600/572/398
f 153/153/391 242/574/400 680/320/401 597/569/392
f 242/574/400 110/110/254 535/507/257 680/320/401
f 680/320/401 535/507/257 109/109/262 243/575/402
f 597/569/392 680/320/401 243/575/402 154/154/393
f 154/154/393 243/575/402 681/321/403 599/571/396
f 243/575/402 109/109/262 538/510/264 681/321/403
f 681/321/403 538/510/264 108/108/268 601/573/399
f 599/571/396 681/321/403 601/573/399 155/155/397
f 159/159/404 244/576/405 682/322/406 246/578/407
f 244/576/405 118/118/284 548/520/287 682/322/406
f 682/322/406 548/520/287 117/117/289 245/577/408
f 246/578/407 682/322/406 245/577/408 158/158/409
f 158/158/409 245/577/408 683/323/410 157/157/411
f 245/577/408 117/117/289 549/521/291 683/323/410
f 683/323/410 549/521/291 116/116/283 157/157/411
f 3/844/14 466/438/114 157/157/411 545/517/282
f 466/438/114 55/55/112 157/157/411
f 545/517/282 157/157/411 116/116/283
f 53/53/104 247/579/412 684/324/413 461/433/105
f 247/579/412 159/159/404 246/578/407 684/324/413
f 684/324/413 246/578/407 158/158/409 248/580/414
f 461/433/105 684/324/413 248/580/414 54/54/106
f 54/54/106 248/580/414 685/325/415 464/436/111
f 248/580/414 158/158/409 157/157/411 685/325/415
f 464/436/111 685/325/415 157/157/411 55/55/112
f 62/771/143 249/581/416 686/326/417 480/452/144
f 249/581/416 160/160/418 250/582/419 686/326/417
f 686/326/417 250/582/419 161/161/420 251/583/421
f 480/452/144 686/326/417 251/583/421 63/63/145
f 63/63/145 251/583/421 687/327/422 482/454/148
f 251/583/421 161/161/420 252/584/423 687/327/422
f 687/327/422 252/584/423 162/162/424 253/585/425
f 482/454/148 687/327/422 253/585/425 64/64/140
f 254/586/426 122/122/306 118/118/284 244/576/405
f 254/586/426 244/576/405 159/159/404 162/162/424
f 162/162/424 159/159/404 247/579/412 253/585/425
f 247/579/412 53/53/104 64/64/140 253/585/425
f 160/160/418 255/587/427 688/328/428 250/582/419
f 255/587/427 124/124/292 553/525/295 688/328/428
f 688/328/428 553/525/295 123/123/300 256/588/429
f 250/582/419 688/328/428 256/588/429 161/161/420
f 161/161/420 256/588/429 689/329/430 252/584/423
f 256/588/429 123/123/300 556/528/302 689/329/430
f 689/329/430 556/528/302 122/122/306 254/586/426
f 252/584/423 689/329/430 254/586/426 162/162/424
f 166/166/431 257/589/432 690/330/433 259/591/434
f 257/589/432 165/165/435 258/590/436 690/330/433
f 690/330/433 258/590/436 69/69/169 490/462/166
f 259/591/434 690/330/433 490/462/166 70/70/165
f 165/165/435 164/164/437 691/331/438 258/590/436
f 691/331/438 164/164/437 68/68/164 493/465/171
f 258/590/436 691/331/438 493/465/171 69/69/169
f 3/3/14 489/461/163 164/164/437 565/537/325
f 489/461/163 68/68/164 164/164/437
f 565/537/325 164/164/437 135/135/323
f 133/133/320 562/534/319 692/332/439 261/593/440
f 562/534/319 134/134/318 260/592/441 692/332/439
f 692/332/439 260/592/441 165/165/435 257/589/432
f 261/593/440 692/332/439 257/589/432 166/166/431
f 134/134/318 564/536/324 693/333/442 260/592/441
f 564/536/324 135/135/323 164/164/437 693/333/442
f 260/592/441 693/333/442 164/164/437 165/165/435
f 139/139/347 575/547/346 694/334/443 264/596/444
f 575/547/346 140/140/345 262/594/445 694/334/443
f 694/334/443 262/594/445 168/168/446 263/595/447
f 264/596/444 694/334/443 263/595/447 167/167/448
f 140/140/345 577/549/349 695/335/449 262/594/445
f 577/549/349 141/141/340 265/597/450 695/335/449
f 695/335/449 265/597/450 169/169/451 266/598/452
f 262/594/445 695/335/449 266/598/452 168/168/446
f 70/70/165 77/77/184 267/599/453 259/591/434
f 267/599/453 169/169/451 166/166/431 259/591/434
f 261/593/440 166/166/431 169/169/451 265/597/450
f 261/593/440 265/597/450 141/141/340 133/133/320
f 167/167/448 263/595/447 696/336/454 269/601/455
f 263/595/447 168/168/446 268/600/456 696/336/454
f 696/336/454 268/600/456 78/78/177 494/466/174
f 269/601/455 696/336/454 494/466/174 79/763/173
f 168/168/446 266/598/452 697/337/457 268/600/456
f 266/598/452 169/169/451 267/599/453 697/337/457
f 697/337/457 267/599/453 77/77/184 498/470/182
f 268/600/456 697/337/457 498/470/182 78/78/177
f 172/172/458 270/602/459 698/338/460 273/605/461
f 270/602/459 171/171/462 271/603/463 698/338/460
f 698/338/460 271/603/463 177/825/464 272/826/465
f 273/605/461 698/338/460 272/826/465 176/786/466
f 171/171/462 274/606/467 699/339/468 271/603/463
f 274/606/467 170/170/469 275/607/470 699/339/468
f 699/339/468 275/607/470 178/178/471 276/824/472
f 271/603/463 699/339/468 276/824/472 177/825/464
f 181/181/473 277/609/474 700/340/475 280/612/476
f 277/609/474 180/180/477 278/610/478 700/340/475
f 700/340/475 278/610/478 183/819/479 279/820/480
f 280/612/476 700/340/475 279/820/480 182/778/481
f 180/180/477 281/613/482 701/341/483 278/610/478
f 281/613/482 179/179/484 282/614/485 701/341/483
f 701/341/483 282/614/485 184/184/486 283/818/487
f 278/610/478 701/341/483 283/818/487 183/819/479
f 190/190/488 284/616/489 702/342/490 287/619/491
f 284/616/489 189/189/492 285/617/493 702/342/490
f 702/342/490 285/617/493 192/813/494 286/814/495
f 287/619/491 702/342/490 286/814/495 191/770/496
f 189/189/492 288/620/497 703/343/498 285/617/493
f 288/620/497 188/188/499 289/621/500 703/343/498
f 703/343/498 289/621/500 193/193/501 290/812/502
f 285/617/493 703/343/498 290/812/502 192/813/494
f 199/199/503 291/623/504 704/344/505 294/626/506
f 291/623/504 198/198/507 292/624/508 704/344/505
f 704/344/505 292/624/508 201/807/509 293/808/510
f 294/626/506 704/344/505 293/808/510 200/768/511
f 198/198/507 295/627/512 705/345/513 292/624/508
f 295/627/512 197/197/514 296/628/515 705/345/513
f 705/345/513 296/628/515 202/202/516 297/806/517
f 292/624/508 705/345/513 297/806/517 201/807/509
f 226/226/518 298/630/519 706/346/520 301/633/521
f 298/630/519 225/225/522 299/631/523 706/346/520
f 706/346/520 299/631/523 228/795/524 300/796/525
f 301/633/521 706/346/520 300/796/525 227/748/526
f 225/225/522 302/634/527 707/347/528 299/631/523
f 302/634/527 224/224/529 303/635/530 707/347/528
f 707/347/528 303/635/530 229/229/531 304/794/532
f 299/631/523 707/347/528 304/794/532 228/795/524
f 170/170/469 305/637/533 306/638/534 4/4/535
f 305/637/533 173/792/536 1/793/537 306/638/534
f 175/175/538 307/639/539 435/407/44 20/790/48
f 307/639/539 172/172/458 17/17/34 435/407/44
f 178/178/471 275/607/470 308/640/540 2/2/541
f 275/607/470 170/170/469 4/4/535 308/640/540
f 17/17/34 172/172/458 273/605/461 428/400/29
f 273/605/461 176/786/466 16/16/26 428/400/29
f 24/785/542 309/641/543 310/642/544 185/784/545
f 309/641/543 25/25/546 179/179/484 310/642/544
f 179/179/484 25/25/546 311/643/547 282/614/485
f 311/643/547 23/23/548 184/184/486 282/614/485
f 312/644/549 181/181/473 38/38/79 448/420/76
f 312/644/549 448/420/76 37/780/75 187/187/550
f 41/41/94 456/428/92 280/612/476 182/778/481
f 456/428/92 38/38/79 181/181/473 280/612/476
f 45/777/551 313/645/552 314/646/553 194/776/554
f 313/645/552 46/46/555 188/188/499 314/646/553
f 188/188/499 46/46/555 315/647/556 289/621/500
f 315/647/556 44/44/557 193/193/501 289/621/500
f 316/648/558 190/190/488 59/59/128 471/443/125
f 316/648/558 471/443/125 58/772/124 196/196/559
f 62/62/143 479/451/141 287/619/491 191/770/496
f 479/451/141 59/59/128 190/190/488 287/619/491
f 199/199/503 294/626/506 317/649/560 67/67/561
f 294/626/506 200/768/511 65/769/562 317/649/560
f 202/202/516 296/628/515 504/476/191 83/766/195
f 296/628/515 197/197/514 80/80/181 504/476/191
f 205/205/563 318/650/564 319/651/565 66/66/566
f 318/650/564 199/199/503 67/67/561 319/651/565
f 80/80/181 197/197/514 320/652/567 497/469/176
f 320/652/567 203/762/568 79/79/173 497/469/176
f 206/206/569 321/653/570 322/654/571 87/87/572
f 321/653/570 209/760/573 86/761/574 322/654/571
f 211/211/575 323/655/576 522/494/229 97/758/233
f 323/655/576 208/208/577 94/94/221 522/494/229
f 325/657/578 24/24/542 185/185/545 324/656/579
f 325/657/578 324/656/579 206/206/569 87/87/572
f 94/94/221 208/208/577 326/658/580 516/488/217
f 326/658/580 187/781/550 37/37/75 516/488/217
f 100/757/581 327/659/582 328/660/583 215/756/584
f 327/659/582 101/101/585 212/212/586 328/660/583
f 212/212/586 101/101/585 329/661/587 330/662/588
f 329/661/587 65/65/562 200/200/511 330/662/588
f 331/663/589 214/214/590 111/111/258 532/504/255
f 331/663/589 532/504/255 110/754/254 217/217/591
f 332/664/592 202/767/516 83/83/195 540/512/270
f 332/664/592 540/512/270 111/111/258 214/214/590
f 114/753/593 333/665/594 334/666/595 221/752/596
f 333/665/594 115/115/597 218/218/598 334/666/595
f 218/218/598 115/115/597 335/667/599 336/668/600
f 335/667/599 1/1/537 173/173/536 336/668/600
f 337/669/601 220/220/602 125/125/296 550/522/293
f 337/669/601 550/522/293 124/750/292 223/223/603
f 338/670/604 175/791/538 20/20/48 558/530/308
f 338/670/604 558/530/308 125/125/296 220/220/602
f 226/226/518 301/633/521 339/671/605 129/129/606
f 301/633/521 227/748/526 128/749/607 339/671/605
f 229/229/531 303/635/530 576/548/343 139/746/347
f 303/635/530 224/224/529 136/136/335 576/548/343
f 341/673/608 45/45/551 194/194/554 340/672/609
f 341/673/608 340/672/609 226/226/518 129/129/606
f 136/136/335 224/224/529 342/674/610 570/542/331
f 342/674/610 196/773/559 58/58/124 570/542/331
f 230/230/611 343/675/612 344/676/613 142/142/614
f 343/675/612 178/789/471 2/788/541 344/676/613
f 590/562/374 16/787/26 176/176/466 345/677/615
f 590/562/374 345/677/615 232/232/616 146/146/367
f 347/679/617 86/86/574 209/209/573 346/678/618
f 347/679/617 346/678/618 230/230/611 142/142/614
f 146/146/367 232/232/616 348/680/619 585/557/363
f 348/680/619 211/759/575 97/97/233 585/557/363
f 350/682/620 184/783/486 23/782/548 349/681/621
f 350/682/620 349/681/621 149/149/622 233/233/623
f 233/233/623 149/149/622 351/683/624 352/684/625
f 351/683/624 100/100/581 215/215/584 352/684/625
f 353/685/626 235/235/627 153/153/391 596/568/389
f 353/685/626 596/568/389 41/779/94 182/182/481
f 354/686/628 217/755/591 110/110/254 242/574/400
f 354/686/628 242/574/400 153/153/391 235/235/627
f 356/688/629 193/775/501 44/774/557 355/687/630
f 356/688/629 355/687/630 156/156/631 236/236/632
f 236/236/632 156/156/631 357/689/633 358/690/634
f 357/689/633 114/114/593 221/221/596 358/690/634
f 359/691/635 238/238/636 160/160/418 249/581/416
f 359/691/635 249/581/416 62/771/143 191/191/496
f 360/692/637 223/751/603 124/124/292 255/587/427
f 360/692/637 255/587/427 160/160/418 238/238/636
f 241/241/638 361/693/639 362/694/640 163/163/641
f 361/693/639 205/765/563 66/764/566 362/694/640
f 269/601/455 79/763/173 203/203/568 363/695/642
f 269/601/455 363/695/642 239/239/643 167/167/448
f 365/697/644 128/128/607 227/227/526 364/696/645
f 365/697/644 364/696/645 241/241/638 163/163/641
f 167/167/448 239/239/643 366/698/646 264/596/444
f 366/698/646 229/747/531 139/139/347 264/596/444
f 170/170/469 274/606/467 708/348/647 305/637/533
f 274/606/467 171/171/462 367/699/648 708/348/647
f 708/348/647 367/699/648 174/828/649 368/829/650
f 305/637/533 708/348/647 368/829/650 173/792/536
f 171/171/462 270/602/459 709/349/651 367/699/648
f 270/602/459 172/172/458 307/639/539 709/349/651
f 709/349/651 307/639/539 175/175/538 369/827/652
f 367/699/648 709/349/651 369/827/652 174/828/649
f 173/173/536 368/700/650 710/350/653 336/668/600
f 368/700/650 174/174/649 370/702/654 710/350/653
f 710/350/653 370/702/654 219/219/655 371/703/656
f 336/668/600 710/350/653 371/703/656 218/218/598
f 174/174/649 369/701/652 711/351/657 370/702/654
f 369/701/652 175/791/538 338/670/604 711/351/657
f 711/351/657 338/670/604 220/220/602 372/704/658
f 370/702/654 711/351/657 372/704/658 219/219/655
f 179/179/484 281/613/482 712/352/659 310/642/544
f 281/613/482 180/180/477 373/705/660 712/352/659
f 712/352/659 373/705/660 186/822/661 374/823/662
f 310/642/544 712/352/659 374/823/662 185/784/545
f 180/180/477 277/609/474 713/353/663 373/705/660
f 277/609/474 181/181/473 312/644/549 713/353/663
f 713/353/663 312/644/549 187/187/550 375/821/664
f 373/705/660 713/353/663 375/821/664 186/822/661
f 185/185/545 374/706/662 714/354/665 324/656/579
f 374/706/662 186/186/661 376/708/666 714/354/665
f 714/354/665 376/708/666 207/207/667 377/709/668
f 324/656/579 714/354/665 377/709/668 206/206/569
f 186/186/661 375/707/664 715/355/669 376/708/666
f 375/707/664 187/781/550 326/658/580 715/355/669
f 715/355/669 326/658/580 208/208/577 378/710/670
f 376/708/666 715/355/669 378/710/670 207/207/667
f 188/188/499 288/620/497 716/356/671 314/646/553
f 288/620/497 189/189/492 379/711/672 716/356/671
f 716/356/671 379/711/672 195/816/673 380/817/674
f 314/646/553 716/356/671 380/817/674 194/776/554
f 189/189/492 284/616/489 717/357/675 379/711/672
f 284/616/489 190/190/488 316/648/558 717/357/675
f 717/357/675 316/648/558 196/196/559 381/815/676
f 379/711/672 717/357/675 381/815/676 195/816/673
f 197/197/514 295/627/512 718/358/677 320/652/567
f 295/627/512 198/198/507 382/714/678 718/358/677
f 718/358/677 382/714/678 204/810/679 383/811/680
f 320/652/567 718/358/677 383/811/680 203/762/568
f 198/198/507 291/623/504 719/359/681 382/714/678
f 291/623/504 199/199/503 318/650/564 719/359/681
f 719/359/681 318/650/564 205/205/563 384/809/682
f 382/714/678 719/359/681 384/809/682 204/810/679
f 200/200/511 293/625/510 720/360/683 330/662/588
f 293/625/510 201/201/509 385/717/684 720/360/683
f 720/360/683 385/717/684 213/213/685 386/718/686
f 330/662/588 720/360/683 386/718/686 212/212/586
f 201/201/509 297/629/517 721/361/687 385/717/684
f 297/629/517 202/767/516 332/664/592 721/361/687
f 721/361/687 332/664/592 214/214/590 387/719/688
f 385/717/684 721/361/687 387/719/688 213/213/685
f 203/203/568 383/715/680 722/362/689 363/695/642
f 383/715/680 204/204/679 388/720/690 722/362/689
f 722/362/689 388/720/690 240/240/691 389/721/692
f 363/695/642 722/362/689 389/721/692 239/239/643
f 204/204/679 384/716/682 723/363/693 388/720/690
f 384/716/682 205/765/563 361/693/639 723/363/693
f 723/363/693 361/693/639 241/241/638 390/722/694
f 388/720/690 723/363/693 390/722/694 240/240/691
f 206/206/569 377/709/668 724/364/695 321/653/570
f 377/709/668 207/207/667 391/723/696 724/364/695
f 724/364/695 391/723/696 210/804/697 392/805/698
f 321/653/570 724/364/695 392/805/698 209/760/573
f 207/207/667 378/710/670 725/365/699 391/723/696
f 378/710/670 208/208/577 323/655/576 725/365/699
f 725/365/699 323/655/576 211/211/575 393/803/700
f 391/723/696 725/365/699 393/803/700 210/804/697
f 209/209/573 392/724/698 726/366/701 346/678/618
f 392/724/698 210/210/697 394/726/702 726/366/701
f 726/366/701 394/726/702 231/231/703 395/727/704
f 346/678/618 726/366/701 395/727/704 230/230/611
f 210/210/697 393/725/700 727/367/705 394/726/702
f 393/725/700 211/759/575 348/680/619 727/367/705
f 727/367/705 348/680/619 232/232/616 396/728/706
f 394/726/702 727/367/705 396/728/706 231/231/703
f 212/212/586 386/718/686 728/368/707 328/660/583
f 386/718/686 213/213/685 397/729/708 728/368/707
f 728/368/707 397/729/708 216/801/709 398/802/710
f 328/660/583 728/368/707 398/802/710 215/756/584
f 213/213/685 387/719/688 729/369/711 397/729/708
f 387/719/688 214/214/590 331/663/589 729/369/711
f 729/369/711 331/663/589 217/217/591 399/800/712
f 397/729/708 729/369/711 399/800/712 216/801/709
f 215/215/584 398/730/710 730/370/713 352/684/625
f 398/730/710 216/216/709 400/732/714 730/370/713
f 730/370/713 400/732/714 234/234/715 401/733/716
f 352/684/625 730/370/713 401/733/716 233/233/623
f 216/216/709 399/731/712 731/371/717 400/732/714
f 399/731/712 217/755/591 354/686/628 731/371/717
f 731/371/717 354/686/628 235/235/627 402/734/718
f 400/732/714 731/371/717 402/734/718 234/234/715
f 218/218/598 371/703/656 732/372/719 334/666/595
f 371/703/656 219/219/655 403/735/720 732/372/719
f 732/372/719 403/735/720 222/798/721 404/799/722
f 334/666/595 732/372/719 404/799/722 221/752/596
f 219/219/655 372/704/658 733/373/723 403/735/720
f 372/704/658 220/220/602 337/669/601 733/373/723
f 733/373/723 337/669/601 223/223/603 405/797/724
f 403/735/720 733/373/723 405/797/724 222/798/721
f 221/221/596 404/736/722 734/374/725 358/690/634
f 404/736/722 222/222/721 406/738/726 734/374/725
f 734/374/725 406/738/726 237/237/727 407/739/728
f 358/690/634 734/374/725 407/739/728 236/236/632
f 222/222/721 405/737/724 735/375/729 406/738/726
f 405/737/724 223/751/603 360/692/637 735/375/729
f 735/375/729 360/692/637 238/238/636 408/740/730
f 406/738/726 735/375/729 408/740/730 237/237/727
f 194/194/554 380/712/674 736/376/731 340/672/609
f 380/712/674 195/195/673 409/741/732 736/376/731
f 736/376/731 409/741/732 225/225/522 298/630/519
f 340/672/609 736/376/731 298/630/519 226/226/518
f 195/195/673 381/713/676 737/377/733 409/741/732
f 381/713/676 196/773/559 342/674/610 737/377/733
f 737/377/733 342/674/610 224/224/529 302/634/527
f 409/741/732 737/377/733 302/634/527 225/225/522
f 176/176/466 272/604/465 738/378/734 345/677/615
f 272/604/465 177/177/464 410/742/735 738/378/734
f 738/378/734 410/742/735 231/231/703 396/728/706
f 345/677/615 738/378/734 396/728/706 232/232/616
f 177/177/464 276/608/472 739/379/736 410/742/735
f 276/608/472 178/789/471 343/675/612 739/379/736
f 739/379/736 343/675/612 230/230/611 395/727/704
f 410/742/735 739/379/736 395/727/704 231/231/703
f 182/182/481 279/611/480 740/380/737 353/685/626
f 279/611/480 183/183/479 411/743/738 740/380/737
f 740/380/737 411/743/738 234/234/715 402/734/718
f 353/685/626 740/380/737 402/734/718 235/235/627
f 183/183/479 283/615/487 741/381/739 411/743/738
f 283/615/487 184/783/486 350/682/620 741/381/739
f 741/381/739 350/682/620 233/233/623 401/733/716
f 411/743/738 741/381/739 401/733/716 234/234/715
f 191/191/496 286/618/495 742/382/740 359/691/635
f 286/618/495 192/192/494 412/744/741 742/382/740
f 742/382/740 412/744/741 237/237/727 408/740/730
f 359/691/635 742/382/740 408/740/730 238/238/636
f 192/192/494 290/622/502 743/383/742 412/744/741
f 290/622/502 193/775/501 356/688/629 743/383/742
f 743/383/742 356/688/629 236/236/632 407/739/728
f 412/744/741 743/383/742 407/739/728 237/237/727
f 227/227/526 300/632/525 744/384/743 364/696/645
f 300/632/525 228/228/524 413/745/744 744/384/743
f 744/384/743 413/745/744 240/240/691 390/722/694
f 364/696/645 744/384/743 390/722/694 241/241/638
f 228/228/524 304/636/532 745/385/745 413/745/744
f 304/636/532 229/747/531 366/698/646 745/385/745
f 745/385/745 366/698/646 239/239/643 389/721/692
f 413/745/744 745/385/745 389/721/692 240/240/691
