# This file uses centimeters as units for non-parametric coordinates.

mtllib arena003.mtl
g default
v -9.366744 1.958105 5.407892
v -5.407892 1.958105 9.366743
v -0.000000 0.490149 -0.000000
v -7.513139 1.958105 7.513139
v -1.578054 0.490149 2.734275
v -1.829113 0.482086 3.168350
v -1.945678 0.382755 3.370838
v -2.436993 0.490148 2.438470
v -2.530798 0.480842 2.531311
v -2.681555 0.376133 2.683367
v -3.370540 0.382752 1.945983
v -3.168264 0.482086 1.829198
v -2.733907 0.490149 1.578421
v -2.280675 0.061782 3.953399
v -2.387561 -0.032237 4.139219
v -3.231068 -0.000000 5.601484
v -4.360610 -0.000000 4.372118
v -3.149466 -0.031396 3.157906
v -3.024676 0.065583 3.031594
v -5.599536 -0.000000 3.232900
v -4.137811 -0.032240 2.388967
v -3.952288 0.061761 2.281853
v 9.366744 1.958105 5.407892
v 5.407892 1.958105 9.366743
v 7.513139 1.958105 7.513139
v 1.578558 0.490149 2.734141
v 1.829230 0.482086 3.168318
v 1.946085 0.382759 3.370719
v 2.436993 0.490148 2.438470
v 2.530798 0.480842 2.531311
v 2.681552 0.376134 2.683365
v 3.370424 0.382755 1.946392
v 3.168233 0.482086 1.829315
v 2.733773 0.490149 1.578925
v 2.282228 0.061803 3.952935
v 2.389482 -0.032233 4.138704
v 3.233638 -0.000000 5.600836
v 4.360526 -0.000000 4.372034
v 3.149467 -0.031395 3.157907
v 3.024663 0.065590 3.031582
v 5.598887 -0.000000 3.235469
v 4.137298 -0.032237 2.390888
v 3.951822 0.061782 2.283405
v -9.366744 1.958105 -5.407892
v -5.407892 1.958105 -9.366743
v -7.513139 1.958105 -7.513139
v -1.578558 0.490149 -2.734142
v -1.829230 0.482086 -3.168318
v -1.946086 0.382759 -3.370719
v -2.436993 0.490148 -2.438470
v -2.530798 0.480842 -2.531311
v -2.681552 0.376134 -2.683365
v -3.370424 0.382755 -1.946392
v -3.168233 0.482086 -1.829316
v -2.733773 0.490149 -1.578926
v -2.282228 0.061803 -3.952935
v -2.389482 -0.032233 -4.138706
v -3.233633 -0.000000 -5.600816
v -4.360526 -0.000000 -4.372034
v -3.149467 -0.031395 -3.157907
v -3.024663 0.065590 -3.031582
v -5.598887 -0.000000 -3.235469
v -4.137298 -0.032237 -2.390889
v -3.951822 0.061782 -2.283406
v 9.366744 1.958105 -5.407892
v 5.407892 1.958105 -9.366743
v 7.513139 1.958105 -7.513139
v 1.578054 0.490149 -2.734275
v 1.829113 0.482086 -3.168350
v 1.945678 0.382755 -3.370838
v 2.436993 0.490148 -2.438470
v 2.530798 0.480842 -2.531311
v 2.681555 0.376133 -2.683368
v 3.370540 0.382752 -1.945983
v 3.168264 0.482086 -1.829198
v 2.733907 0.490149 -1.578422
v 2.280675 0.061782 -3.953399
v 2.387561 -0.032237 -4.139219
v 3.231048 -0.000000 -5.601449
v 4.360522 -0.000000 -4.372029
v 3.149466 -0.031396 -3.157907
v 3.024676 0.065583 -3.031594
v 5.599522 -0.000000 -3.232885
v 4.137811 -0.032240 -2.388967
v 3.952288 0.061761 -2.281853
v -0.000000 1.958105 10.815784
v 2.750000 1.958105 10.263138
v 0.893279 0.490148 3.329732
v 0.926780 0.480842 3.457392
v 0.983086 0.376134 3.663976
v 0.000413 0.382755 3.892070
v 0.000116 0.482086 3.658428
v 0.000504 0.490149 3.156979
v 1.606062 -0.000000 5.962464
v 1.160093 -0.031395 4.306470
v 1.113095 0.065590 4.135228
v 0.002555 -0.000000 6.466554
v 0.001921 -0.032237 4.778448
v 0.001576 0.061782 4.564081
v 10.815784 1.958105 -0.000000
v 10.263138 1.958105 -2.750000
v 3.156979 0.490149 0.000504
v 3.658428 0.482086 0.000116
v 3.892070 0.382755 0.000412
v 3.330272 0.490148 -0.891264
v 3.457578 0.480842 -0.926080
v 3.664641 0.376133 -0.980610
v 4.564081 0.061782 0.001575
v 4.778448 -0.032237 0.001921
v 6.466521 -0.000000 0.002555
v 5.966548 -0.000000 -1.590308
v 4.309559 -0.031396 -1.148565
v 4.137776 0.065583 -1.103649
v -10.815784 1.958105 -0.000000
v -10.263138 1.958105 2.750000
v -3.156979 0.490149 -0.000504
v -3.658428 0.482086 -0.000117
v -3.892070 0.382755 -0.000413
v -3.330273 0.490148 0.891263
v -3.457578 0.480842 0.926080
v -3.664641 0.376133 0.980610
v -4.564081 0.061782 -0.001576
v -4.778448 -0.032237 -0.001922
v -6.466521 -0.000000 -0.002555
v -5.966548 -0.000000 1.590308
v -4.309559 -0.031396 1.148564
v -4.137776 0.065583 1.103649
v 0.000000 1.958105 -10.815784
v -2.750000 1.958105 -10.263138
v -0.893279 0.490148 -3.329732
v -0.926781 0.480842 -3.457392
v -0.983086 0.376134 -3.663976
v -0.000413 0.382755 -3.892070
v -0.000117 0.482086 -3.658428
v -0.000504 0.490149 -3.156978
v -1.606029 -0.000000 -5.962344
v -1.160094 -0.031395 -4.306471
v -1.113095 0.065590 -4.135228
v -0.002555 -0.000000 -6.466513
v -0.001922 -0.032237 -4.778448
v -0.001576 0.061782 -4.564082
v -2.750000 1.958105 10.263138
v -0.891264 0.490148 3.330272
v -0.926080 0.480842 3.457577
v -0.980610 0.376134 3.664640
v -1.590354 -0.000000 5.966671
v -1.148565 -0.031395 4.309559
v -1.103645 0.065586 4.137768
v 10.263138 1.958105 2.750000
v 3.329732 0.490148 0.893279
v 3.457392 0.480842 0.926780
v 3.663976 0.376134 0.983087
v 5.962344 -0.000000 1.606015
v 4.306470 -0.031395 1.160093
v 4.135236 0.065586 1.113099
v -10.263138 1.958105 -2.750000
v -3.329732 0.490148 -0.893279
v -3.457392 0.480842 -0.926781
v -3.663976 0.376134 -0.983087
v -5.962344 -0.000000 -1.606015
v -4.306470 -0.031395 -1.160094
v -4.135236 0.065586 -1.113099
v 2.750000 1.958105 -10.263138
v 0.891264 0.490148 -3.330273
v 0.926080 0.480842 -3.457578
v 0.980610 0.376134 -3.664639
v 1.590322 -0.000000 -5.966548
v 1.148565 -0.031395 -4.309559
v 1.103645 0.065586 -4.137767
v -6.710523 0.377357 6.725317
v -6.514732 0.022099 6.532815
v -6.094847 -0.000000 6.111491
v -7.838207 0.348835 4.525390
v -7.507750 0.017345 4.334607
v -7.109514 -0.000000 4.104718
v -4.102247 -0.000000 7.112110
v -4.331623 0.017353 7.510746
v -4.522802 0.348880 7.840758
v 6.710547 0.377374 6.725342
v 6.514636 0.022102 6.532719
v 6.094249 -0.000000 6.110891
v 7.108453 -0.000000 4.107997
v 7.506631 0.017358 4.338665
v 7.837273 0.348909 4.528913
v 4.526338 0.348908 7.839848
v 4.335682 0.017358 7.509634
v 4.105530 -0.000000 7.111052
v -6.710547 0.377374 -6.725342
v -6.514636 0.022102 -6.532719
v -6.094249 -0.000000 -6.110891
v -7.108453 -0.000000 -4.107998
v -7.506631 0.017358 -4.338665
v -7.837273 0.348909 -4.528913
v -4.526338 0.348908 -7.839848
v -4.335677 0.017358 -7.509613
v -4.105497 -0.000000 -7.110931
v 6.094315 -0.000000 -6.110956
v 6.514644 0.022099 -6.532726
v 6.710523 0.377357 -6.725317
v 7.838206 0.348835 -4.525390
v 7.507735 0.017345 -4.334592
v 7.109425 -0.000000 -4.104629
v 4.102126 -0.000000 -7.111899
v 4.331603 0.017353 -7.510711
v 4.522802 0.348880 -7.840759
v 2.469043 0.377374 9.174175
v 2.400216 0.022102 8.908320
v 2.245260 -0.000000 8.333948
v 0.003517 0.348909 9.051733
v 0.004078 0.017358 8.670306
v 0.003405 -0.000000 8.210341
v 9.179557 0.377357 -2.448825
v 8.914827 0.022099 -2.375483
v 8.339399 -0.000000 -2.222353
v 9.051696 0.348880 0.003517
v 8.670268 0.017353 0.004077
v 8.210148 -0.000000 0.003404
v -9.179557 0.377357 2.448825
v -8.914827 0.022099 2.375483
v -8.339399 -0.000000 2.222353
v -9.051696 0.348880 -0.003518
v -8.670268 0.017353 -0.004078
v -8.210148 -0.000000 -0.003405
v -2.245063 -0.000000 -8.333220
v -2.400183 0.022102 -8.908199
v -2.469044 0.377374 -9.174175
v -0.003518 0.348909 -9.051733
v -0.004078 0.017358 -8.670265
v -0.003404 -0.000000 -8.210100
v -2.448803 0.377369 9.179579
v -2.375520 0.022101 8.914943
v -2.222594 -0.000000 8.340069
v 9.174149 0.377369 2.469063
v 8.908205 0.022101 2.400178
v 8.333280 -0.000000 2.245014
v -9.174149 0.377369 -2.469063
v -8.908205 0.022101 -2.400178
v -8.333280 -0.000000 -2.245014
v 2.222401 -0.000000 -8.339339
v 2.375487 0.022101 -8.914821
v 2.448803 0.377369 -9.179579
v 6.269860 -0.000000 0.793072
v 4.583835 -0.031816 0.566227
v -3.811232 0.379444 -0.489863
v -3.589107 0.481464 -0.462533
v -3.542509 0.452923 -0.949633
v -3.545111 0.379444 -1.483034
v -3.339400 0.481464 -1.394455
v -5.823624 -0.000000 -2.458519
v -4.364761 -0.067376 -1.175756
v -4.250773 -0.031816 -1.809236
v -4.250230 -0.007340 -1.144771
v -4.071722 0.063684 -1.729190
v -4.389123 0.063684 -0.544641
v -6.269860 -0.000000 -0.793072
v -4.583835 -0.031816 -0.566228
v 0.948848 0.452923 -3.542720
v 1.393988 0.481464 -3.339525
v 1.481383 0.379444 -3.545555
v 0.462067 0.481464 -3.589232
v 0.488212 0.379444 -3.811674
v 0.558542 -0.031816 -4.585895
v 1.164147 -0.067376 -4.367873
v 0.782672 -0.000000 -6.272666
v 0.538339 0.063684 -4.390812
v 1.133714 -0.007340 -4.253191
v 1.722888 0.063684 -4.073411
v 1.801550 -0.031816 -4.252833
v 2.448110 -0.000000 -5.826395
v -6.441281 -0.000000 6.459177
v -5.497664 0.019726 7.061389
v -4.283183 -0.000000 7.426325
v -5.163544 -0.000000 6.652972
v -6.566563 0.088396 6.584111
v -5.687443 0.363122 7.328886
v -4.371228 0.069411 7.579378
v 6.440881 -0.000000 6.458775
v 7.049294 0.019730 5.509619
v 7.422339 -0.000000 4.289698
v 6.641696 -0.000000 5.173864
v 6.566578 0.088407 6.584128
v 7.318964 0.363141 5.697475
v 7.575304 0.069430 4.378332
v -6.440881 -0.000000 -6.458775
v -7.049294 0.019730 -5.509619
v -7.422339 -0.000000 -4.289698
v -6.641696 -0.000000 -5.173864
v -6.566578 0.088407 -6.584128
v -7.318964 0.363141 -5.697475
v -7.575304 0.069430 -4.378332
v 6.566563 0.088396 -6.584111
v 7.049294 0.019721 -5.509651
v 7.576395 0.069381 -4.374234
v 7.318986 0.363092 -5.697366
v 6.440927 -0.000000 -6.458819
v 6.641664 -0.000000 -5.174159
v 7.423409 -0.000000 -4.285907
v -2.418733 0.088407 -8.978887
v -1.246823 0.019730 -8.859677
v -0.004095 0.069430 -8.749571
v -1.274676 0.363141 -9.187146
v -2.373022 -0.000000 -8.807354
v -1.159849 -0.000000 -8.338810
v -0.003817 -0.000000 -8.572783
v -7.318986 0.363092 5.697366
v -8.519709 1.958105 6.506569
v -6.642018 -0.000000 5.174515
v -6.506569 1.958105 8.519709
v 6.506569 1.958105 8.519709
v 5.687560 0.363141 7.328878
v 8.519709 1.958105 6.506569
v 5.162896 -0.000000 6.652649
v -6.506569 1.958105 -8.519709
v -5.687560 0.363141 -7.328878
v -8.519709 1.958105 -6.506569
v -5.162896 -0.000000 -6.652649
v 8.519709 1.958105 -6.506569
v 5.687443 0.363122 -7.328886
v 6.506569 1.958105 -8.519709
v 5.163189 -0.000000 -6.652615
v 1.274676 0.363141 9.187146
v 1.374999 1.958105 10.631569
v 1.159981 -0.000000 8.339295
v 3.503215 0.363141 8.590011
v 4.125000 1.958105 9.894709
v 3.180047 -0.000000 7.798009
v 10.631569 1.958105 -1.375000
v 9.190722 0.363122 -1.261027
v 9.894709 1.958105 -4.125000
v 8.593557 0.363092 -3.489745
v 8.342927 -0.000000 -1.145146
v 7.801785 -0.000000 -3.164770
v -10.631569 1.958105 1.375000
v -9.190722 0.363122 1.261027
v -9.894709 1.958105 4.125000
v -8.593557 0.363092 3.489744
v -8.342927 -0.000000 1.145146
v -7.801785 -0.000000 3.164770
v -1.375000 1.958105 -10.631569
v -3.503215 0.363141 -8.590011
v -4.125000 1.958105 -9.894709
v -3.179915 -0.000000 -7.797524
v -3.489659 0.363122 8.593618
v -4.125000 1.958105 9.894709
v -3.165091 -0.000000 7.802060
v -1.261027 0.363141 9.190747
v -1.375000 1.958105 10.631569
v -1.145275 -0.000000 8.343382
v 9.894709 1.958105 4.125000
v 8.589933 0.363141 3.503292
v 10.631569 1.958105 1.374999
v 9.187121 0.363122 1.274676
v 7.797732 -0.000000 3.179722
v 8.338841 -0.000000 1.159849
v -9.894709 1.958105 -4.125000
v -8.589933 0.363141 -3.503292
v -10.631569 1.958105 -1.375000
v -9.187121 0.363122 -1.274676
v -7.797732 -0.000000 -3.179722
v -8.338841 -0.000000 -1.159850
v 3.489659 0.363122 -8.593618
v 4.125000 1.958105 -9.894709
v 3.164962 -0.000000 -7.801574
v 1.261027 0.363141 -9.190747
v 1.375000 1.958105 -10.631569
v 1.145146 -0.000000 -8.342896
v -7.049352 0.019721 5.509710
v -7.576395 0.069381 4.374234
v -7.423468 -0.000000 4.285967
v -8.296144 0.019721 3.350042
v -8.985289 0.088396 2.394754
v -8.813965 -0.000000 2.348596
v 5.497574 0.019730 7.061334
v 4.375334 0.069430 7.578301
v 4.286915 -0.000000 7.425199
v 3.366529 0.019730 8.291787
v 2.418732 0.088407 8.978888
v 2.373154 -0.000000 8.807839
v -5.497574 0.019730 -7.061334
v -4.375334 0.069430 -7.578301
v -4.286893 -0.000000 -7.425117
v 5.497605 0.019726 -7.061330
v 4.283102 -0.000000 -7.426185
v 4.371228 0.069411 -7.579378
v 8.296144 0.019721 -3.350042
v 8.985289 0.088396 -2.394755
v 8.813965 -0.000000 -2.348596
v 3.350059 0.019726 -8.296118
v 2.348628 -0.000000 -8.813923
v 2.394740 0.088404 -8.985303
v 1.246844 0.019730 8.859757
v 0.004095 0.069430 8.749571
v 0.003818 -0.000000 8.572946
v -1.230422 0.019730 8.864173
v -2.394740 0.088404 8.985303
v -2.348756 -0.000000 8.814410
v 8.864092 0.019726 -1.230401
v 8.749547 0.069411 0.004094
v 8.572815 -0.000000 0.003817
v 8.859678 0.019726 1.246822
v 8.978870 0.088404 2.418745
v 8.807395 -0.000000 2.372990
v -8.864092 0.019726 1.230400
v -8.749547 0.069411 -0.004095
v -8.572815 -0.000000 -0.003818
v -8.859678 0.019726 -1.246823
v -8.978870 0.088404 -2.418746
v -8.807395 -0.000000 -2.372991
v -3.366507 0.019730 -8.291707
v -3.350080 0.019726 8.296199
v 8.291729 0.019730 3.366488
v -8.291729 0.019730 -3.366488
v 1.230401 0.019730 -8.864092
v -2.593085 0.452923 2.593660
v -2.876992 0.481464 2.195119
v -3.233928 0.457899 1.867108
v -3.055698 0.379442 2.329852
v -3.089469 0.490148 1.783706
v -1.837946 0.490149 1.061139
v -1.060893 0.490149 1.838192
v -1.867013 0.457899 3.234023
v -2.194778 0.481464 2.877333
v -2.328641 0.379444 3.056902
v -1.783461 0.490148 3.089715
v -2.419402 -0.067376 4.194397
v -2.776660 -0.031816 3.692231
v -3.192112 -0.067376 3.200612
v -3.814209 -0.000000 5.041016
v -2.356654 -0.010705 4.085530
v -2.661622 0.063684 3.533383
v -3.108425 -0.007342 3.116518
v -3.528800 0.063670 2.666251
v -3.686603 -0.031818 2.782285
v -4.192948 -0.067376 2.420798
v -5.033331 -0.000000 3.821833
v -4.084209 -0.010719 2.358019
v 3.055693 0.379444 2.329849
v 3.233891 0.457899 1.867240
v 2.876992 0.481464 2.195119
v 2.593085 0.452923 2.593660
v 3.089379 0.490148 1.784041
v 1.061229 0.490149 1.838103
v 1.837857 0.490149 1.061475
v 2.328639 0.379447 3.056898
v 2.194778 0.481464 2.877333
v 1.867143 0.457899 3.233988
v 1.783796 0.490148 3.089624
v 3.814124 -0.000000 5.041003
v 3.192119 -0.067376 3.200620
v 2.776660 -0.031814 3.692232
v 2.421356 -0.067376 4.193910
v 3.108418 -0.007337 3.116511
v 2.661603 0.063698 3.533358
v 2.358480 -0.010691 4.085006
v 3.528771 0.063684 2.666234
v 5.033318 -0.000000 3.821748
v 4.192461 -0.067376 2.422752
v 3.686604 -0.031816 2.782285
v 4.083686 -0.010705 2.359845
v -3.055693 0.379444 -2.329849
v -3.233891 0.457899 -1.867240
v -2.876992 0.481464 -2.195119
v -2.593085 0.452923 -2.593660
v -3.089379 0.490148 -1.784042
v -1.061229 0.490149 -1.838104
v -1.837857 0.490149 -1.061475
v -2.328639 0.379447 -3.056898
v -2.194778 0.481464 -2.877333
v -1.867143 0.457899 -3.233988
v -1.783796 0.490148 -3.089625
v -3.814124 -0.000000 -5.041003
v -3.192119 -0.067376 -3.200620
v -2.776660 -0.031814 -3.692232
v -2.421356 -0.067376 -4.193911
v -3.108418 -0.007337 -3.116511
v -2.661603 0.063698 -3.533358
v -2.358480 -0.010691 -4.085007
v -3.528771 0.063684 -2.666234
v -5.033318 -0.000000 -3.821748
v -4.192461 -0.067376 -2.422752
v -3.686604 -0.031816 -2.782285
v -4.083686 -0.010705 -2.359845
v 2.593085 0.452923 -2.593660
v 2.876992 0.481464 -2.195119
v 3.233928 0.457899 -1.867109
v 3.055698 0.379442 -2.329853
v 3.089469 0.490148 -1.783706
v 1.837946 0.490149 -1.061139
v 1.060893 0.490149 -1.838193
v 1.867013 0.457899 -3.234023
v 2.194778 0.481464 -2.877333
v 2.328641 0.379444 -3.056902
v 1.783461 0.490148 -3.089715
v 2.419402 -0.067376 -4.194397
v 2.776660 -0.031816 -3.692231
v 3.192112 -0.067376 -3.200612
v 3.814149 -0.000000 -5.040957
v 2.356654 -0.010705 -4.085530
v 2.661622 0.063684 -3.533383
v 3.108425 -0.007342 -3.116518
v 3.528800 0.063670 -2.666251
v 3.686603 -0.031818 -2.782285
v 4.192948 -0.067376 -2.420798
v 5.033272 -0.000000 -3.821774
v 4.084209 -0.010719 -2.358018
v 0.949633 0.452923 3.542508
v 0.462533 0.481464 3.589106
v 0.000131 0.457899 3.734251
v 0.489862 0.379444 3.811232
v 0.000336 0.490148 3.567501
v 0.000336 0.490149 2.122368
v 1.394455 0.481464 3.339400
v 1.483032 0.379447 3.545107
v 1.809236 -0.031814 4.250774
v 1.175759 -0.067376 4.364767
v 2.458597 -0.000000 5.823710
v 1.729174 0.063698 4.071694
v 1.144768 -0.007337 4.250226
v 0.544641 0.063684 4.389123
v 0.566228 -0.031816 4.583835
v 0.001935 -0.067376 4.842154
v 0.793094 -0.000000 6.269936
v 0.001843 -0.010705 4.716501
v 3.545559 0.379442 -1.481386
v 3.339525 0.481464 -1.393988
v 3.542720 0.452923 -0.948848
v 2.122367 0.490149 0.000336
v 3.811674 0.379444 -0.488212
v 3.589233 0.481464 -0.462067
v 3.734252 0.457899 0.000131
v 3.567501 0.490148 0.000336
v 6.272672 -0.000000 -0.782672
v 4.367868 -0.067376 -1.164144
v 4.585895 -0.031816 -0.558542
v 4.842155 -0.067376 0.001935
v 4.253197 -0.007342 -1.133717
v 4.390812 0.063684 -0.538339
v 4.716501 -0.010705 0.001843
v 4.073442 0.063670 -1.722904
v 5.826389 -0.000000 -2.448055
v 4.252831 -0.031818 -1.801550
v -3.545559 0.379442 1.481385
v -3.339525 0.481464 1.393988
v -3.542720 0.452923 0.948848
v -2.122367 0.490149 -0.000336
v -3.811674 0.379444 0.488211
v -3.589233 0.481464 0.462066
v -3.734252 0.457899 -0.000131
v -3.567501 0.490148 -0.000336
v -6.272672 -0.000000 0.782672
v -4.367868 -0.067376 1.164144
v -4.585895 -0.031816 0.558542
v -4.842155 -0.067376 -0.001935
v -4.253197 -0.007342 1.133717
v -4.390812 0.063684 0.538338
v -4.716501 -0.010705 -0.001843
v -4.073442 0.063670 1.722904
v -5.826389 -0.000000 2.448054
v -4.252831 -0.031818 1.801550
v -0.949633 0.452923 -3.542509
v -0.462533 0.481464 -3.589107
v -0.000131 0.457899 -3.734252
v -0.489863 0.379444 -3.811232
v -0.000336 0.490148 -3.567502
v -0.000336 0.490149 -2.122367
v -1.394455 0.481464 -3.339400
v -1.483032 0.379447 -3.545108
v -1.809237 -0.031814 -4.250774
v -1.175759 -0.067376 -4.364768
v -2.458575 -0.000000 -5.823630
v -1.729175 0.063698 -4.071694
v -1.144769 -0.007337 -4.250226
v -0.544641 0.063684 -4.389123
v -0.566228 -0.031816 -4.583836
v -0.001935 -0.067376 -4.842155
v -0.793072 -0.000000 -6.269855
v -0.001843 -0.010705 -4.716501
v -0.948848 0.452923 3.542720
v -1.393988 0.481464 3.339525
v -1.481383 0.379444 3.545555
v -0.462067 0.481464 3.589233
v -0.488212 0.379444 3.811674
v -0.558542 -0.031816 4.585895
v -1.164147 -0.067376 4.367873
v -0.782693 -0.000000 6.272748
v -0.538339 0.063684 4.390811
v -1.133714 -0.007340 4.253191
v -1.722888 0.063684 4.073411
v -1.801550 -0.031816 4.252832
v -2.448131 -0.000000 5.826476
v 3.811232 0.379444 0.489862
v 3.589107 0.481464 0.462533
v 3.542509 0.452923 0.949633
v 3.545111 0.379444 1.483033
v 3.339400 0.481464 1.394454
v 5.823624 -0.000000 2.458519
v 4.364761 -0.067376 1.175756
v 4.250773 -0.031816 1.809236
v 4.250230 -0.007340 1.144771
v 4.071722 0.063684 1.729189
v 4.389123 0.063684 0.544641
v -2.941044 0.455411 2.246296
v -2.791460 0.490149 2.123415
v -2.245914 0.455411 2.941427
v -2.122431 0.490149 2.792444
v -2.814060 -0.067376 3.741722
v -2.740549 -0.009022 3.644135
v -3.736036 -0.067376 2.819712
v -3.638756 -0.009032 2.745955
v 2.941044 0.455411 2.246296
v 2.791460 0.490149 2.123414
v 2.245914 0.455411 2.941428
v 2.122431 0.490149 2.792444
v 2.814072 -0.067376 3.741745
v 2.740538 -0.009013 3.644116
v 3.736057 -0.067376 2.819726
v 3.638738 -0.009022 2.745946
v -2.941044 0.455411 -2.246297
v -2.791460 0.490149 -2.123414
v -2.245914 0.455411 -2.941428
v -2.122431 0.490149 -2.792444
v -2.814072 -0.067376 -3.741745
v -2.740538 -0.009013 -3.644116
v -3.736057 -0.067376 -2.819726
v -3.638738 -0.009022 -2.745946
v 2.941044 0.455411 -2.246297
v 2.791460 0.490149 -2.123414
v 2.245914 0.455411 -2.941428
v 2.122431 0.490149 -2.792444
v 2.814060 -0.067376 -3.741723
v 2.740549 -0.009022 -3.644135
v 3.736036 -0.067376 -2.819712
v 3.638756 -0.009032 -2.745955
v 0.474827 0.455411 3.670167
v 0.443201 0.490149 3.479182
v 1.424394 0.455411 3.415732
v 1.357111 0.490149 3.234301
v 1.833409 -0.067376 4.307931
v 1.785627 -0.009013 4.195432
v 0.573925 -0.067376 4.645382
v 0.558689 -0.009022 4.524210
v 3.415873 0.455411 -1.423871
v 3.234660 0.490149 -1.355767
v 3.670307 0.455411 -0.474304
v 3.479543 0.490149 -0.441858
v 4.647458 -0.067376 -0.566186
v 4.526187 -0.009022 -0.551318
v 4.309960 -0.067376 -1.825645
v 4.197446 -0.009032 -1.778279
v -3.415873 0.455411 1.423870
v -3.234660 0.490149 1.355767
v -3.670307 0.455411 0.474304
v -3.479543 0.490149 0.441857
v -4.647458 -0.067376 0.566185
v -4.526187 -0.009022 0.551317
v -4.309960 -0.067376 1.825645
v -4.197446 -0.009032 1.778279
v -0.474828 0.455411 -3.670167
v -0.443201 0.490149 -3.479182
v -1.424395 0.455411 -3.415732
v -1.357111 0.490149 -3.234302
v -1.833409 -0.067376 -4.307931
v -1.785628 -0.009013 -4.195433
v -0.573925 -0.067376 -4.645383
v -0.558689 -0.009022 -4.524211
v -1.423870 0.455411 3.415873
v -1.355767 0.490149 3.234660
v -0.474304 0.455411 3.670307
v -0.441858 0.490149 3.479543
v -0.566186 -0.067376 4.647457
v -0.551318 -0.009022 4.526187
v -1.825658 -0.067376 4.309982
v -1.778267 -0.009022 4.197427
v 3.670167 0.455411 0.474827
v 3.479182 0.490149 0.443201
v 3.415732 0.455411 1.424394
v 3.234302 0.490149 1.357111
v 4.307908 -0.067376 1.833397
v 4.195454 -0.009022 1.785638
v 4.645382 -0.067376 0.573925
v 4.524211 -0.009022 0.558689
v -3.670167 0.455411 -0.474828
v -3.479182 0.490149 -0.443201
v -3.415732 0.455411 -1.424395
v -3.234302 0.490149 -1.357111
v -4.307908 -0.067376 -1.833397
v -4.195454 -0.009022 -1.785639
v -4.645382 -0.067376 -0.573925
v -4.524211 -0.009022 -0.558689
v 1.423870 0.455411 -3.415872
v 1.355767 0.490149 -3.234660
v 0.474304 0.455411 -3.670307
v 0.441858 0.490149 -3.479544
v 0.566186 -0.067376 -4.647458
v 0.551318 -0.009022 -4.526187
v 1.825658 -0.067376 -4.309983
v 1.778267 -0.009022 -4.197427
v -5.435871 -0.000000 6.981921
v -5.543444 0.078906 7.122102
v 6.969872 -0.000000 5.447283
v 7.110363 0.078919 5.555256
v -6.969872 -0.000000 -5.447283
v -7.110363 0.078919 -5.555256
v 7.110378 0.078886 -5.555183
v 6.969854 -0.000000 -5.447482
v -1.255811 0.078919 -8.935383
v -1.232550 -0.000000 -8.759727
v -7.110378 0.078886 5.555183
v -6.970090 -0.000000 5.447721
v -8.366118 0.078886 3.380176
v -8.202585 -0.000000 3.312329
v 5.543522 0.078919 7.122097
v 5.435435 -0.000000 6.981701
v 3.396155 0.078919 8.361879
v 3.328700 -0.000000 8.198400
v -5.543522 0.078919 -7.122097
v -5.435435 -0.000000 -6.981701
v 5.435634 -0.000000 -6.981682
v 5.543444 0.078906 -7.122102
v 8.366118 0.078886 -3.380176
v 8.202585 -0.000000 -3.312329
v 3.312455 -0.000000 -8.202440
v 3.380120 0.078906 -8.366159
v 1.255811 0.078919 8.935383
v 1.232638 -0.000000 8.760050
v -1.239712 0.078919 8.939659
v -1.216642 -0.000000 8.764434
v 8.939642 0.078906 -1.239713
v 8.764132 -0.000000 -1.216556
v 8.935367 0.078906 1.255811
v 8.759748 -0.000000 1.232550
v -8.939642 0.078906 1.239712
v -8.764132 -0.000000 1.216556
v -8.935367 0.078906 -1.255811
v -8.759748 -0.000000 -1.232550
v -3.396156 0.078919 -8.361879
v -3.328613 -0.000000 -8.198076
v -3.312541 -0.000000 8.202765
v -3.380120 0.078906 8.366159
v 8.198219 -0.000000 3.328486
v 8.361828 0.078919 3.396207
v -8.198219 -0.000000 -3.328487
v -8.361828 0.078919 -3.396207
v 1.239712 0.078919 -8.939659
v 1.216556 -0.000000 -8.764110
vt 0.550139 0.305228
vt 0.550167 0.305239
vt 0.530780 0.800931
vt 0.431194 0.321463
vt 0.471027 0.682395
vt 0.461526 0.663457
vt 0.456883 0.653762
vt 0.501314 0.659081
vt 0.500156 0.653646
vt 0.498146 0.643774
vt 0.540280 0.636530
vt 0.539880 0.647268
vt 0.538743 0.668428
vt 0.443475 0.625281
vt 0.439221 0.616309
vt 0.545371 0.523261
vt 0.477153 0.541218
vt 0.491700 0.611750
vt 0.493371 0.620025
vt 0.545519 0.523273
vt 0.541591 0.595162
vt 0.541257 0.605079
vt 0.550124 0.305166
vt 0.550158 0.305179
vt 0.431192 0.321700
vt 0.538729 0.668442
vt 0.539865 0.647288
vt 0.540266 0.636542
vt 0.502108 0.659220
vt 0.500993 0.653774
vt 0.498882 0.643921
vt 0.457690 0.653989
vt 0.462379 0.663662
vt 0.471898 0.682591
vt 0.541243 0.605066
vt 0.541577 0.595136
vt 0.545511 0.523221
vt 0.477060 0.541524
vt 0.491968 0.611989
vt 0.493750 0.620244
vt 0.545698 0.523232
vt 0.439822 0.616636
vt 0.444124 0.625585
vt 0.550112 0.305164
vt 0.550157 0.305179
vt 0.431185 0.321731
vt 0.538748 0.668442
vt 0.539884 0.647287
vt 0.540284 0.636542
vt 0.502193 0.659230
vt 0.501077 0.653785
vt 0.498963 0.643933
vt 0.457732 0.654000
vt 0.462422 0.663672
vt 0.471943 0.682600
vt 0.541259 0.605066
vt 0.541592 0.595136
vt 0.545523 0.523221
vt 0.477113 0.541541
vt 0.492041 0.612002
vt 0.493825 0.620257
vt 0.545746 0.523231
vt 0.439859 0.616649
vt 0.444162 0.625597
vt 0.550139 0.305228
vt 0.550159 0.305238
vt 0.431187 0.321477
vt 0.471067 0.682404
vt 0.461564 0.663467
vt 0.456920 0.653772
vt 0.501349 0.659085
vt 0.500191 0.653650
vt 0.498180 0.643778
vt 0.540285 0.636530
vt 0.539885 0.647268
vt 0.538747 0.668428
vt 0.443508 0.625294
vt 0.439253 0.616322
vt 0.545389 0.523261
vt 0.477175 0.541230
vt 0.491729 0.611755
vt 0.493402 0.620031
vt 0.545521 0.523274
vt 0.541595 0.595162
vt 0.541261 0.605079
vt 0.550178 0.305217
vt 0.431186 0.321548
vt 0.501710 0.659149
vt 0.500545 0.653714
vt 0.498524 0.643843
vt 0.539919 0.636534
vt 0.539494 0.647275
vt 0.538349 0.668431
vt 0.477408 0.541292
vt 0.492039 0.611821
vt 0.493721 0.620097
vt 0.545381 0.523257
vt 0.541340 0.595151
vt 0.540981 0.605074
vt 0.550114 0.305189
vt 0.431202 0.321595
vt 0.539180 0.668439
vt 0.540306 0.647281
vt 0.540679 0.636538
vt 0.501650 0.659144
vt 0.500542 0.653698
vt 0.498445 0.643844
vt 0.541566 0.605071
vt 0.541872 0.595147
vt 0.545682 0.523236
vt 0.476766 0.541437
vt 0.491576 0.611908
vt 0.493346 0.620163
vt 0.550111 0.305187
vt 0.431202 0.321593
vt 0.539223 0.668439
vt 0.540346 0.647281
vt 0.540718 0.636538
vt 0.501645 0.659143
vt 0.500538 0.653698
vt 0.498441 0.643844
vt 0.541601 0.605071
vt 0.541906 0.595147
vt 0.545706 0.523236
vt 0.476763 0.541436
vt 0.491572 0.611908
vt 0.493342 0.620163
vt 0.550170 0.305216
vt 0.431185 0.321554
vt 0.501729 0.659151
vt 0.500564 0.653716
vt 0.498542 0.643845
vt 0.539953 0.636533
vt 0.539530 0.647274
vt 0.538387 0.668431
vt 0.477422 0.541300
vt 0.492055 0.611823
vt 0.493737 0.620099
vt 0.545400 0.523257
vt 0.541369 0.595151
vt 0.541011 0.605073
vt 0.431195 0.321440
vt 0.501323 0.659090
vt 0.500165 0.653654
vt 0.498155 0.643781
vt 0.477157 0.541216
vt 0.491708 0.611754
vt 0.493380 0.620031
vt 0.431192 0.321720
vt 0.502088 0.659209
vt 0.500973 0.653765
vt 0.498863 0.643913
vt 0.477049 0.541523
vt 0.491951 0.611983
vt 0.493732 0.620237
vt 0.431191 0.321734
vt 0.502130 0.659214
vt 0.501014 0.653770
vt 0.498903 0.643918
vt 0.477077 0.541532
vt 0.491987 0.611989
vt 0.493769 0.620243
vt 0.431187 0.321454
vt 0.501360 0.659094
vt 0.500202 0.653659
vt 0.498191 0.643786
vt 0.477180 0.541229
vt 0.491739 0.611760
vt 0.493412 0.620037
vt 0.447917 0.399897
vt 0.451715 0.417757
vt 0.456578 0.441376
vt 0.550124 0.406877
vt 0.549415 0.428848
vt 0.373817 0.485261
vt 0.373920 0.485161
vt 0.365733 0.466864
vt 0.550169 0.406857
vt 0.447269 0.400283
vt 0.450940 0.418180
vt 0.455946 0.441803
vt 0.374092 0.485725
vt 0.365805 0.467458
vt 0.550106 0.406797
vt 0.550136 0.406779
vt 0.549415 0.428752
vt 0.374199 0.485630
vt 0.447284 0.400309
vt 0.450960 0.418205
vt 0.455972 0.441827
vt 0.374112 0.485746
vt 0.365823 0.467481
vt 0.550122 0.406795
vt 0.550140 0.406779
vt 0.549421 0.428752
vt 0.374240 0.485680
vt 0.456592 0.441415
vt 0.451721 0.417772
vt 0.447919 0.399908
vt 0.550125 0.406877
vt 0.549416 0.428849
vt 0.373832 0.485288
vt 0.373939 0.485192
vt 0.365746 0.466889
vt 0.550172 0.406857
vt 0.448002 0.399976
vt 0.451823 0.417837
vt 0.456715 0.441458
vt 0.550178 0.406842
vt 0.549453 0.428816
vt 0.374099 0.485352
vt 0.447171 0.400185
vt 0.450817 0.418082
vt 0.455789 0.441704
vt 0.550095 0.406813
vt 0.549393 0.428783
vt 0.373888 0.485507
vt 0.447170 0.400184
vt 0.450816 0.418080
vt 0.455788 0.441702
vt 0.550105 0.406812
vt 0.549406 0.428782
vt 0.373886 0.485505
vt 0.456727 0.441492
vt 0.451829 0.417846
vt 0.448006 0.399981
vt 0.550182 0.406841
vt 0.549460 0.428817
vt 0.374113 0.485371
vt 0.447916 0.399881
vt 0.451714 0.417745
vt 0.456575 0.441367
vt 0.447268 0.400296
vt 0.450940 0.418190
vt 0.455946 0.441809
vt 0.447277 0.400308
vt 0.450951 0.418201
vt 0.455961 0.441820
vt 0.456590 0.441407
vt 0.451720 0.417760
vt 0.447919 0.399893
vt 0.479125 0.654023
vt 0.481577 0.661958
vt 0.519592 0.645623
vt 0.520536 0.653870
vt 0.517022 0.598875
vt 0.517479 0.604585
vt 0.463183 0.610051
vt 0.465020 0.615472
vt 0.520419 0.645699
vt 0.521349 0.653953
vt 0.479966 0.654203
vt 0.482403 0.662140
vt 0.463605 0.610327
vt 0.465473 0.615745
vt 0.517423 0.599013
vt 0.517910 0.604719
vt 0.520501 0.645705
vt 0.521433 0.653959
vt 0.480050 0.654220
vt 0.482490 0.662156
vt 0.463677 0.610348
vt 0.465546 0.615765
vt 0.517492 0.599019
vt 0.517981 0.604726
vt 0.479160 0.654030
vt 0.481613 0.661964
vt 0.519626 0.645625
vt 0.520571 0.653872
vt 0.517050 0.598877
vt 0.517508 0.604587
vt 0.463212 0.610060
vt 0.465050 0.615481
vt 0.479511 0.654116
vt 0.481972 0.662049
vt 0.519976 0.645668
vt 0.520929 0.653915
vt 0.517350 0.598913
vt 0.517814 0.604625
vt 0.463516 0.610153
vt 0.465360 0.615575
vt 0.519976 0.645650
vt 0.520895 0.653904
vt 0.479519 0.654099
vt 0.481945 0.662037
vt 0.463219 0.610209
vt 0.465079 0.615627
vt 0.517045 0.598970
vt 0.517524 0.604674
vt 0.519972 0.645650
vt 0.520891 0.653904
vt 0.479515 0.654098
vt 0.481940 0.662037
vt 0.463215 0.610208
vt 0.465075 0.615626
vt 0.517041 0.598969
vt 0.517520 0.604673
vt 0.479530 0.654119
vt 0.481992 0.662052
vt 0.519994 0.645668
vt 0.520948 0.653916
vt 0.517366 0.598914
vt 0.517829 0.604626
vt 0.463532 0.610157
vt 0.465377 0.615579
vt 0.479132 0.654031
vt 0.481584 0.661967
vt 0.519603 0.645630
vt 0.520547 0.653879
vt 0.517033 0.598878
vt 0.517490 0.604588
vt 0.463189 0.610054
vt 0.465027 0.615478
vt 0.520398 0.645691
vt 0.521328 0.653944
vt 0.479949 0.654193
vt 0.482385 0.662129
vt 0.463589 0.610320
vt 0.465456 0.615736
vt 0.517404 0.599009
vt 0.517891 0.604715
vt 0.520439 0.645693
vt 0.521369 0.653947
vt 0.479990 0.654201
vt 0.482428 0.662137
vt 0.463625 0.610330
vt 0.465493 0.615746
vt 0.517439 0.599012
vt 0.517926 0.604718
vt 0.479169 0.654039
vt 0.481622 0.661974
vt 0.519639 0.645633
vt 0.520584 0.653881
vt 0.517062 0.598880
vt 0.517520 0.604591
vt 0.463220 0.610064
vt 0.465059 0.615487
vt 0.498662 0.424760
vt 0.497852 0.416429
vt 0.498278 0.425000
vt 0.497439 0.416651
vt 0.498299 0.425012
vt 0.497458 0.416663
vt 0.408509 0.434991
vt 0.411091 0.442967
vt 0.408628 0.435113
vt 0.411211 0.443096
vt 0.408502 0.434974
vt 0.411080 0.442938
vt 0.497309 0.416618
vt 0.498126 0.424961
vt 0.408122 0.435430
vt 0.410709 0.443412
vt 0.497966 0.416453
vt 0.498796 0.424790
vt 0.408146 0.435467
vt 0.410736 0.443448
vt 0.498671 0.424779
vt 0.497857 0.416435
vt 0.497310 0.416618
vt 0.498127 0.424962
vt 0.411079 0.442962
vt 0.408506 0.434978
vt 0.408622 0.435105
vt 0.411202 0.443075
vt 0.497856 0.416416
vt 0.498666 0.424749
vt 0.407983 0.435274
vt 0.410567 0.443249
vt 0.497433 0.416664
vt 0.498272 0.425010
vt 0.407981 0.435272
vt 0.410565 0.443247
vt 0.497444 0.416669
vt 0.498284 0.425016
vt 0.497971 0.416456
vt 0.498805 0.424806
vt 0.411068 0.442932
vt 0.408498 0.434961
vt 0.410719 0.443413
vt 0.408123 0.435439
vt 0.410733 0.443430
vt 0.408137 0.435456
vt 0.497861 0.416421
vt 0.498676 0.424767
vt 0.499369 0.649844
vt 0.480230 0.657459
vt 0.540025 0.643908
vt 0.476834 0.647667
vt 0.539684 0.651122
vt 0.536291 0.711868
vt 0.490607 0.721256
vt 0.460052 0.660433
vt 0.519944 0.649215
vt 0.519213 0.638871
vt 0.463251 0.666907
vt 0.437934 0.613507
vt 0.517294 0.601879
vt 0.491107 0.608889
vt 0.511970 0.530005
vt 0.440437 0.618809
vt 0.517869 0.611073
vt 0.492222 0.614319
vt 0.467199 0.621588
vt 0.464127 0.612915
vt 0.541654 0.592080
vt 0.440525 0.544836
vt 0.541470 0.597937
vt 0.519975 0.638957
vt 0.460897 0.660643
vt 0.520782 0.649290
vt 0.500192 0.649975
vt 0.464097 0.667116
vt 0.536277 0.711894
vt 0.491586 0.721397
vt 0.477611 0.647863
vt 0.481083 0.657636
vt 0.540010 0.643927
vt 0.539670 0.651138
vt 0.440658 0.545186
vt 0.491365 0.609129
vt 0.464559 0.613190
vt 0.541640 0.592051
vt 0.492518 0.614554
vt 0.467713 0.621848
vt 0.541456 0.597916
vt 0.518363 0.611198
vt 0.512081 0.530172
vt 0.438527 0.613838
vt 0.517705 0.602017
vt 0.441050 0.619130
vt 0.520055 0.638962
vt 0.460939 0.660653
vt 0.520865 0.649296
vt 0.500275 0.649986
vt 0.464140 0.667126
vt 0.536300 0.711893
vt 0.491636 0.721404
vt 0.477693 0.647881
vt 0.481168 0.657653
vt 0.540029 0.643926
vt 0.539688 0.651137
vt 0.440712 0.545214
vt 0.491437 0.609143
vt 0.464632 0.613211
vt 0.541655 0.592050
vt 0.492591 0.614567
vt 0.467788 0.621868
vt 0.541471 0.597915
vt 0.518435 0.611204
vt 0.512131 0.530180
vt 0.438563 0.613851
vt 0.517774 0.602023
vt 0.441087 0.619142
vt 0.499403 0.649849
vt 0.480265 0.657466
vt 0.540030 0.643908
vt 0.476868 0.647675
vt 0.539689 0.651122
vt 0.536297 0.711868
vt 0.490653 0.721263
vt 0.460090 0.660443
vt 0.519978 0.649217
vt 0.519246 0.638873
vt 0.463290 0.666916
vt 0.437965 0.613520
vt 0.517322 0.601881
vt 0.491136 0.608894
vt 0.511990 0.530011
vt 0.440470 0.618822
vt 0.517898 0.611075
vt 0.492252 0.614325
vt 0.467230 0.621597
vt 0.464157 0.612924
vt 0.541658 0.592080
vt 0.440547 0.544851
vt 0.541474 0.597936
vt 0.499754 0.649913
vt 0.480620 0.657551
vt 0.539643 0.643915
vt 0.477212 0.647762
vt 0.539303 0.651127
vt 0.535840 0.711874
vt 0.520331 0.649260
vt 0.519588 0.638915
vt 0.517625 0.601919
vt 0.491443 0.608959
vt 0.512220 0.530036
vt 0.518212 0.611115
vt 0.492565 0.614390
vt 0.467547 0.621690
vt 0.464464 0.613017
vt 0.541407 0.592068
vt 0.440776 0.544953
vt 0.541213 0.597928
vt 0.519541 0.638909
vt 0.520334 0.649242
vt 0.499747 0.649898
vt 0.536794 0.711888
vt 0.477173 0.647757
vt 0.480631 0.657533
vt 0.540446 0.643920
vt 0.540106 0.651133
vt 0.440366 0.545049
vt 0.490977 0.609049
vt 0.464169 0.613072
vt 0.541930 0.592063
vt 0.492122 0.614473
vt 0.467310 0.621732
vt 0.541758 0.597924
vt 0.517967 0.611151
vt 0.511794 0.530134
vt 0.517322 0.601972
vt 0.519537 0.638908
vt 0.520330 0.649242
vt 0.499742 0.649897
vt 0.536842 0.711889
vt 0.477168 0.647756
vt 0.480626 0.657532
vt 0.540486 0.643920
vt 0.540147 0.651133
vt 0.440363 0.545047
vt 0.490973 0.609048
vt 0.464165 0.613071
vt 0.541964 0.592063
vt 0.492118 0.614472
vt 0.467306 0.621731
vt 0.541793 0.597924
vt 0.517963 0.611151
vt 0.511791 0.530134
vt 0.517318 0.601972
vt 0.499772 0.649915
vt 0.480639 0.657554
vt 0.539679 0.643914
vt 0.477230 0.647765
vt 0.539339 0.651127
vt 0.535885 0.711874
vt 0.520350 0.649261
vt 0.519606 0.638916
vt 0.517641 0.601920
vt 0.491459 0.608962
vt 0.512232 0.530041
vt 0.518228 0.611115
vt 0.492581 0.614393
vt 0.467563 0.621694
vt 0.464480 0.613021
vt 0.541436 0.592067
vt 0.440789 0.544962
vt 0.541242 0.597927
vt 0.499378 0.649852
vt 0.480237 0.657467
vt 0.476841 0.647675
vt 0.519954 0.649223
vt 0.519224 0.638878
vt 0.517304 0.601882
vt 0.491116 0.608893
vt 0.511977 0.530002
vt 0.517880 0.611077
vt 0.492231 0.614324
vt 0.467206 0.621595
vt 0.464134 0.612919
vt 0.440524 0.544835
vt 0.519954 0.638949
vt 0.520761 0.649282
vt 0.500173 0.649965
vt 0.477593 0.647853
vt 0.481065 0.657626
vt 0.440651 0.545183
vt 0.491348 0.609124
vt 0.464543 0.613183
vt 0.492500 0.614547
vt 0.467696 0.621839
vt 0.518343 0.611193
vt 0.512068 0.530174
vt 0.517685 0.602013
vt 0.519993 0.638952
vt 0.520802 0.649285
vt 0.500214 0.649971
vt 0.477634 0.647861
vt 0.481107 0.657633
vt 0.440679 0.545196
vt 0.491383 0.609130
vt 0.464580 0.613192
vt 0.492537 0.614553
vt 0.467734 0.621848
vt 0.518379 0.611196
vt 0.512093 0.530178
vt 0.517720 0.602015
vt 0.499414 0.649857
vt 0.480275 0.657474
vt 0.476877 0.647683
vt 0.519991 0.649225
vt 0.519258 0.638880
vt 0.517334 0.601885
vt 0.491147 0.608898
vt 0.511998 0.530008
vt 0.517911 0.611079
vt 0.492263 0.614330
vt 0.467239 0.621604
vt 0.464165 0.612929
vt 0.440547 0.544851
vt 0.452578 0.421939
vt 0.498137 0.420477
vt 0.367464 0.470792
vt 0.501306 0.442494
vt 0.450891 0.413856
vt 0.497323 0.400455
vt 0.363995 0.463134
vt 0.451828 0.422375
vt 0.497722 0.420707
vt 0.367568 0.471380
vt 0.501017 0.442730
vt 0.450133 0.414269
vt 0.496960 0.400658
vt 0.364053 0.463731
vt 0.451848 0.422400
vt 0.497743 0.420719
vt 0.367586 0.471402
vt 0.501043 0.442741
vt 0.450151 0.414294
vt 0.496975 0.400670
vt 0.364071 0.463753
vt 0.450895 0.413867
vt 0.409876 0.438816
vt 0.549522 0.424734
vt 0.402543 0.420149
vt 0.452587 0.421969
vt 0.415682 0.460303
vt 0.549385 0.433142
vt 0.450998 0.413940
vt 0.409996 0.438941
vt 0.549572 0.424699
vt 0.402646 0.420272
vt 0.452700 0.422045
vt 0.415820 0.460434
vt 0.549414 0.433116
vt 0.402538 0.420131
vt 0.371432 0.335137
vt 0.415668 0.460267
vt 0.491472 0.310211
vt 0.371440 0.335521
vt 0.402213 0.420575
vt 0.491439 0.310304
vt 0.415387 0.460735
vt 0.371437 0.335568
vt 0.402233 0.420613
vt 0.491429 0.310318
vt 0.415418 0.460769
vt 0.371426 0.335159
vt 0.497325 0.400461
vt 0.491463 0.310217
vt 0.501318 0.442519
vt 0.402641 0.420264
vt 0.371431 0.335292
vt 0.415808 0.460406
vt 0.497415 0.400476
vt 0.491460 0.310223
vt 0.501464 0.442527
vt 0.371441 0.335334
vt 0.402093 0.420415
vt 0.491455 0.310282
vt 0.496855 0.400628
vt 0.415223 0.460571
vt 0.500839 0.442689
vt 0.371441 0.335332
vt 0.402092 0.420413
vt 0.491456 0.310281
vt 0.496854 0.400627
vt 0.415221 0.460569
vt 0.500837 0.442688
vt 0.371431 0.335302
vt 0.497419 0.400478
vt 0.491459 0.310226
vt 0.501475 0.442549
vt 0.402535 0.420114
vt 0.371428 0.335112
vt 0.415654 0.460267
vt 0.497326 0.400440
vt 0.491477 0.310188
vt 0.501310 0.442485
vt 0.371445 0.335541
vt 0.402213 0.420587
vt 0.491435 0.310325
vt 0.496955 0.400672
vt 0.415398 0.460731
vt 0.501010 0.442738
vt 0.371446 0.335562
vt 0.402225 0.420605
vt 0.491432 0.310331
vt 0.496964 0.400677
vt 0.415414 0.460747
vt 0.501024 0.442743
vt 0.402541 0.420133
vt 0.371422 0.335135
vt 0.415669 0.460303
vt 0.497330 0.400445
vt 0.491469 0.310195
vt 0.501323 0.442510
vt 0.409868 0.438797
vt 0.549520 0.424734
vt 0.549385 0.433138
vt 0.497583 0.420670
vt 0.450014 0.414170
vt 0.451697 0.422274
vt 0.409479 0.439260
vt 0.549523 0.424634
vt 0.549384 0.433052
vt 0.498259 0.420503
vt 0.450993 0.413934
vt 0.452691 0.422021
vt 0.409504 0.439296
vt 0.549528 0.424634
vt 0.549391 0.433056
vt 0.498143 0.420485
vt 0.367480 0.470821
vt 0.364007 0.463158
vt 0.497584 0.420671
vt 0.450015 0.414171
vt 0.451698 0.422275
vt 0.409869 0.438807
vt 0.452585 0.421958
vt 0.450895 0.413853
vt 0.409989 0.438930
vt 0.549566 0.424700
vt 0.549407 0.433110
vt 0.498140 0.420464
vt 0.450890 0.413841
vt 0.452576 0.421928
vt 0.409338 0.439101
vt 0.549493 0.424667
vt 0.549379 0.433080
vt 0.497717 0.420718
vt 0.450132 0.414280
vt 0.451828 0.422383
vt 0.409336 0.439099
vt 0.549505 0.424666
vt 0.549392 0.433079
vt 0.497728 0.420723
vt 0.450142 0.414291
vt 0.451840 0.422395
vt 0.498265 0.420508
vt 0.409861 0.438787
vt 0.409484 0.439266
vt 0.409498 0.439283
vt 0.498147 0.420473
vt 0.407215 0.552101
vt 0.549180 0.448873
vt 0.356436 0.447230
vt 0.315620 0.354155
vt 0.407046 0.552192
vt 0.549230 0.448834
vt 0.356192 0.447374
vt 0.315638 0.354198
vt 0.407049 0.552194
vt 0.549215 0.448835
vt 0.356193 0.447377
vt 0.315639 0.354201
vt 0.407201 0.552092
vt 0.549171 0.448864
vt 0.356429 0.447219
vt 0.315619 0.354141
vt 0.549171 0.448881
vt 0.406968 0.551954
vt 0.315595 0.353925
vt 0.356306 0.447038
vt 0.406885 0.552025
vt 0.549183 0.448889
vt 0.356197 0.447145
vt 0.315605 0.353952
vt 0.549254 0.448824
vt 0.407369 0.552389
vt 0.407486 0.552341
vt 0.549191 0.448820
vt 0.315666 0.354513
vt 0.356359 0.447635
vt 0.356483 0.447561
vt 0.315655 0.354525
vt 0.549227 0.448826
vt 0.407341 0.552372
vt 0.407429 0.552303
vt 0.549183 0.448815
vt 0.315663 0.354484
vt 0.356344 0.447611
vt 0.356455 0.447510
vt 0.315653 0.354463
vt 0.549163 0.448872
vt 0.406944 0.551935
vt 0.315599 0.353894
vt 0.356296 0.447013
vt 0.406863 0.552008
vt 0.549183 0.448884
vt 0.356188 0.447121
vt 0.315608 0.353922
vt 0.367638 0.471006
vt 0.365899 0.467074
vt 0.364155 0.463343
vt 0.367382 0.471153
vt 0.365625 0.467231
vt 0.363878 0.463502
vt 0.367384 0.471155
vt 0.365627 0.467233
vt 0.363880 0.463505
vt 0.367626 0.470989
vt 0.365890 0.467062
vt 0.364147 0.463332
vt 0.367360 0.470930
vt 0.365618 0.467006
vt 0.363879 0.463276
vt 0.549563 0.424713
vt 0.549450 0.428828
vt 0.549405 0.433126
vt 0.549525 0.424651
vt 0.549426 0.428769
vt 0.549414 0.433068
vt 0.367724 0.471323
vt 0.365968 0.467395
vt 0.364216 0.463666
vt 0.549504 0.424654
vt 0.549404 0.428771
vt 0.549390 0.433070
vt 0.367688 0.471273
vt 0.365935 0.467346
vt 0.364184 0.463618
vt 0.549557 0.424713
vt 0.549444 0.428827
vt 0.549399 0.433120
vt 0.367348 0.470904
vt 0.365607 0.466983
vt 0.363868 0.463253
vt 0.440789 0.618940
vt 0.439570 0.616442
vt 0.443834 0.625409
vt 0.438278 0.613640
vt 0.457278 0.653876
vt 0.491087 0.721337
vt 0.530766 0.800909
vt 0.531297 0.800919
vt 0.531924 0.800959
vt 0.531951 0.800981
vt 0.531277 0.800968
vt 0.530723 0.800930
vt 0.530712 0.800908
vt 0.531290 0.800919
vt 0.531985 0.800960
vt 0.532076 0.800983
vt 0.531305 0.800968
vt 0.471458 0.682496
vt 0.463663 0.667015
vt 0.461933 0.663567
vt 0.460456 0.660545
vt 0.443731 0.625445
vt 0.457258 0.653865
vt 0.440666 0.618987
vt 0.439442 0.616492
vt 0.438150 0.613692
vt 0.463647 0.666999
vt 0.471427 0.682483
vt 0.461934 0.663543
vt 0.460456 0.660522
vt 0.491062 0.721312
vt 0.443735 0.625447
vt 0.457263 0.653866
vt 0.440670 0.618988
vt 0.439446 0.616493
vt 0.438154 0.613693
vt 0.463652 0.667000
vt 0.471432 0.682484
vt 0.461939 0.663544
vt 0.460461 0.660523
vt 0.491067 0.721312
vt 0.440772 0.618935
vt 0.439553 0.616436
vt 0.443817 0.625404
vt 0.438262 0.613635
vt 0.457260 0.653872
vt 0.463643 0.667011
vt 0.461914 0.663563
vt 0.471438 0.682492
vt 0.460437 0.660541
vt 0.491065 0.721334
vt 0.440402 0.618865
vt 0.439183 0.616369
vt 0.443448 0.625328
vt 0.437895 0.613569
vt 0.540997 0.605069
vt 0.539939 0.636527
vt 0.456899 0.653775
vt 0.541228 0.597925
vt 0.541355 0.595148
vt 0.541422 0.592065
vt 0.539325 0.651119
vt 0.538373 0.668421
vt 0.539515 0.647267
vt 0.539664 0.643907
vt 0.490631 0.721258
vt 0.471043 0.682407
vt 0.535871 0.711860
vt 0.463271 0.666916
vt 0.461553 0.663461
vt 0.460078 0.660438
vt 0.541848 0.597927
vt 0.541961 0.595149
vt 0.541658 0.605075
vt 0.542018 0.592065
vt 0.444267 0.625579
vt 0.457804 0.654012
vt 0.540781 0.636544
vt 0.441200 0.619116
vt 0.439973 0.616619
vt 0.438676 0.613819
vt 0.464212 0.667139
vt 0.472024 0.682609
vt 0.462486 0.663692
vt 0.461003 0.660673
vt 0.491720 0.721417
vt 0.536918 0.711903
vt 0.539292 0.668449
vt 0.540212 0.651141
vt 0.540411 0.647289
vt 0.540550 0.643928
vt 0.541779 0.597927
vt 0.541893 0.595149
vt 0.541587 0.605075
vt 0.541951 0.592065
vt 0.444191 0.625553
vt 0.457720 0.653990
vt 0.540702 0.636544
vt 0.441126 0.619089
vt 0.439899 0.616592
vt 0.438603 0.613791
vt 0.464124 0.667118
vt 0.471932 0.682590
vt 0.462400 0.663671
vt 0.460918 0.660651
vt 0.491618 0.721404
vt 0.536818 0.711902
vt 0.539204 0.668449
vt 0.540129 0.651141
vt 0.540329 0.647288
vt 0.540468 0.643928
vt 0.440372 0.618853
vt 0.439154 0.616357
vt 0.443417 0.625317
vt 0.437866 0.613557
vt 0.541201 0.597925
vt 0.540968 0.605070
vt 0.541328 0.595149
vt 0.541395 0.592066
vt 0.456864 0.653765
vt 0.539906 0.636527
vt 0.463235 0.666907
vt 0.461517 0.663451
vt 0.471004 0.682399
vt 0.460043 0.660428
vt 0.539290 0.651119
vt 0.538336 0.668422
vt 0.539481 0.647267
vt 0.539631 0.643907
vt 0.490588 0.721252
vt 0.535829 0.711860
vn -0.360084 0.860530 0.360317
vn -0.304553 0.902479 0.304595
vn -0.308613 0.906875 0.286943
vn -0.331634 0.874434 0.354097
vn -0.121666 0.985085 0.121676
vn -0.134040 0.983067 0.124948
vn -0.167573 0.981101 0.096748
vn -0.352254 0.913540 0.203373
vn -0.389561 0.893116 0.224913
vn -0.003705 0.999986 0.003704
vn -0.012464 0.999848 0.012185
vn 0.000000 1.000000 0.000000
vn -0.016467 0.999819 0.009507
vn 0.000000 1.000000 -0.000000
vn -0.000000 1.000000 0.000000
vn -0.000000 1.000000 0.000000
vn 0.000000 1.000000 0.000000
vn -0.224551 0.893173 0.389639
vn -0.203256 0.913598 0.352173
vn -0.287006 0.906866 0.308579
vn -0.354386 0.874290 0.331704
vn -0.096766 0.981087 0.167641
vn -0.124950 0.983069 0.134023
vn -0.009503 0.999819 0.016480
vn -0.012186 0.999848 0.012473
vn 0.006232 0.999922 -0.010837
vn 0.013983 0.999606 -0.024324
vn 0.017834 0.999718 -0.015659
vn 0.011060 0.999893 -0.009588
vn -0.214138 0.902972 0.372541
vn -0.352550 0.894880 0.273677
vn -0.311847 0.897528 0.311762
vn 0.012399 0.999846 -0.012411
vn 0.011454 0.999869 -0.011451
vn -0.201624 0.914514 0.350731
vn -0.348584 0.894555 0.279749
vn -0.223860 0.893667 0.388904
vn -0.359120 0.875439 0.323479
vn -0.360973 0.859939 0.360837
vn -0.332414 0.882702 0.332171
vn -0.388696 0.893619 0.224413
vn -0.323403 0.875532 0.358964
vn 0.015660 0.999719 -0.017808
vn 0.009599 0.999893 -0.011059
vn -0.273896 0.894971 0.352147
vn -0.372212 0.902926 0.214900
vn 0.024285 0.999607 -0.014020
vn 0.010836 0.999922 -0.006256
vn -0.279783 0.894713 0.348153
vn -0.350449 0.914466 0.202332
vn 0.360087 0.860528 0.360319
vn 0.331470 0.874448 0.354216
vn 0.308548 0.906895 0.286948
vn 0.304554 0.902479 0.304596
vn 0.389287 0.893173 0.225161
vn 0.352113 0.913597 0.203363
vn 0.167623 0.981087 0.096799
vn 0.134048 0.983063 0.124974
vn 0.121666 0.985085 0.121676
vn 0.012467 0.999848 0.012191
vn 0.003707 0.999986 0.003706
vn 0.016470 0.999819 0.009521
vn -0.000000 1.000000 -0.000000
vn 0.000000 1.000000 0.000000
vn 0.000000 1.000000 0.000000
vn -0.000000 1.000000 -0.000000
vn 0.224799 0.893230 0.389365
vn 0.354505 0.874304 0.331540
vn 0.287011 0.906887 0.308515
vn 0.203245 0.913655 0.352032
vn 0.124975 0.983065 0.134031
vn 0.096816 0.981074 0.167690
vn 0.012192 0.999848 0.012476
vn 0.009516 0.999819 0.016482
vn -0.006246 0.999922 -0.010818
vn -0.011078 0.999893 -0.009584
vn -0.017839 0.999719 -0.015642
vn -0.014038 0.999606 -0.024312
vn -0.011456 0.999869 -0.011453
vn -0.012399 0.999846 -0.012411
vn 0.311811 0.897553 0.311726
vn 0.352787 0.894890 0.273336
vn 0.214802 0.903017 0.372050
vn 0.348871 0.894540 0.279442
vn 0.202225 0.914560 0.350264
vn 0.332401 0.882712 0.332159
vn 0.360974 0.859939 0.360837
vn 0.359294 0.875453 0.323250
vn 0.224318 0.893714 0.388532
vn 0.323174 0.875546 0.359136
vn 0.388320 0.893667 0.224870
vn -0.009595 0.999893 -0.011077
vn -0.015642 0.999719 -0.017813
vn -0.010817 0.999922 -0.006270
vn -0.024272 0.999606 -0.014074
vn 0.371723 0.902970 0.215564
vn 0.273559 0.894982 0.352382
vn 0.279477 0.894700 0.348433
vn 0.349977 0.914514 0.202930
vn -0.360087 0.860528 -0.360319
vn -0.331470 0.874448 -0.354216
vn -0.308548 0.906895 -0.286948
vn -0.304555 0.902479 -0.304596
vn -0.389286 0.893173 -0.225161
vn -0.352113 0.913597 -0.203363
vn -0.167623 0.981087 -0.096799
vn -0.134048 0.983063 -0.124974
vn -0.121666 0.985085 -0.121676
vn -0.012467 0.999848 -0.012191
vn -0.003707 0.999986 -0.003706
vn -0.016470 0.999819 -0.009521
vn 0.000000 1.000000 0.000000
vn -0.000000 1.000000 -0.000000
vn -0.000000 1.000000 -0.000000
vn 0.000000 1.000000 -0.000000
vn -0.224800 0.893230 -0.389365
vn -0.354505 0.874304 -0.331540
vn -0.287011 0.906887 -0.308515
vn -0.203245 0.913655 -0.352032
vn -0.124975 0.983065 -0.134031
vn -0.096817 0.981074 -0.167691
vn -0.012192 0.999848 -0.012476
vn -0.009516 0.999819 -0.016482
vn 0.006246 0.999922 0.010819
vn 0.011078 0.999893 0.009584
vn 0.017839 0.999719 0.015642
vn 0.014037 0.999606 0.024312
vn 0.011456 0.999869 0.011453
vn 0.012399 0.999846 0.012411
vn -0.311810 0.897553 -0.311726
vn -0.352786 0.894891 -0.273335
vn -0.214802 0.903017 -0.372050
vn -0.348871 0.894540 -0.279442
vn -0.202224 0.914561 -0.350262
vn -0.332402 0.882711 -0.332160
vn -0.360974 0.859939 -0.360837
vn -0.359295 0.875452 -0.323250
vn -0.224318 0.893714 -0.388532
vn -0.323174 0.875545 -0.359137
vn -0.388320 0.893667 -0.224870
vn 0.009595 0.999893 0.011077
vn 0.015642 0.999719 0.017813
vn 0.010817 0.999922 0.006270
vn 0.024272 0.999606 0.014074
vn -0.371723 0.902970 -0.215564
vn -0.273559 0.894982 -0.352381
vn -0.279477 0.894699 -0.348433
vn -0.349977 0.914514 -0.202930
vn 0.360084 0.860530 -0.360317
vn 0.304553 0.902479 -0.304595
vn 0.308613 0.906875 -0.286943
vn 0.331634 0.874434 -0.354097
vn 0.121666 0.985085 -0.121676
vn 0.134040 0.983067 -0.124948
vn 0.167573 0.981101 -0.096748
vn 0.352255 0.913540 -0.203374
vn 0.389561 0.893116 -0.224913
vn 0.003705 0.999986 -0.003704
vn 0.012464 0.999848 -0.012185
vn -0.000000 1.000000 -0.000000
vn 0.016467 0.999819 -0.009507
vn 0.000000 1.000000 -0.000000
vn 0.000000 1.000000 -0.000000
vn -0.000000 1.000000 -0.000000
vn 0.224551 0.893173 -0.389639
vn 0.203256 0.913598 -0.352173
vn 0.287005 0.906866 -0.308579
vn 0.354386 0.874290 -0.331704
vn 0.096766 0.981088 -0.167641
vn 0.124950 0.983069 -0.134023
vn 0.009503 0.999819 -0.016480
vn 0.012186 0.999848 -0.012473
vn -0.006233 0.999922 0.010838
vn -0.013983 0.999606 0.024325
vn -0.017836 0.999718 0.015659
vn -0.011062 0.999893 0.009590
vn 0.214138 0.902972 -0.372541
vn 0.352549 0.894880 -0.273676
vn 0.311847 0.897528 -0.311762
vn -0.012400 0.999846 0.012412
vn -0.011457 0.999869 0.011453
vn 0.201623 0.914514 -0.350731
vn 0.348585 0.894555 -0.279749
vn 0.223860 0.893667 -0.388905
vn 0.359120 0.875439 -0.323479
vn 0.360973 0.859939 -0.360836
vn 0.332413 0.882703 -0.332171
vn 0.388696 0.893619 -0.224413
vn 0.323403 0.875531 -0.358964
vn -0.015659 0.999719 0.017810
vn -0.009600 0.999893 0.011062
vn 0.273896 0.894972 -0.352146
vn 0.372212 0.902926 -0.214900
vn -0.024285 0.999607 0.014021
vn -0.010836 0.999922 0.006256
vn 0.279783 0.894713 -0.348153
vn 0.350448 0.914466 -0.202331
vn 0.132002 0.860528 0.492004
vn 0.111511 0.902479 0.416050
vn 0.094230 0.906896 0.410684
vn 0.141025 0.874448 0.464169
vn 0.044541 0.985085 0.166203
vn 0.041206 0.983063 0.178576
vn 0.000019 0.981087 0.193566
vn 0.000062 0.913598 0.406619
vn 0.000353 0.893173 0.449712
vn 0.001356 0.999986 0.005064
vn 0.004324 0.999848 0.016892
vn -0.000000 1.000000 -0.000000
vn 0.000010 0.999819 0.019023
vn 0.000000 1.000000 0.000000
vn 0.123677 0.906886 0.402817
vn 0.109870 0.874304 0.472781
vn 0.053586 0.983065 0.175247
vn 0.004709 0.999848 0.016796
vn -0.004628 0.999719 -0.023268
vn -0.002761 0.999893 -0.014383
vn 0.060322 0.894892 0.442186
vn 0.114057 0.897554 0.425898
vn -0.004549 0.999846 -0.016943
vn -0.004189 0.999869 -0.015645
vn 0.067569 0.894539 0.441854
vn 0.100295 0.875452 0.472783
vn 0.132007 0.859939 0.493031
vn 0.121459 0.882710 0.453950
vn 0.000583 0.893667 0.448731
vn 0.149435 0.875545 0.459445
vn -0.007604 0.999719 -0.022452
vn -0.004795 0.999893 -0.013846
vn 0.168392 0.894982 0.413100
vn 0.000822 0.902970 0.429702
vn -0.000052 0.999606 -0.028057
vn -0.000021 0.999922 -0.012502
vn 0.162015 0.894698 0.416254
vn 0.000755 0.914512 0.404557
vn 0.492086 0.860530 -0.131683
vn 0.472474 0.874434 -0.110155
vn 0.402808 0.906874 -0.123796
vn 0.416066 0.902479 -0.111453
vn 0.175227 0.983068 -0.053608
vn 0.166206 0.985085 -0.044528
vn 0.016785 0.999848 -0.004701
vn 0.005060 0.999986 -0.001357
vn 0.000000 1.000000 0.000000
vn -0.000000 1.000000 0.000000
vn 0.449712 0.893174 0.000353
vn 0.464457 0.874290 -0.141055
vn 0.410742 0.906866 -0.094264
vn 0.406620 0.913598 0.000061
vn 0.178542 0.983069 -0.041198
vn 0.193566 0.981087 0.000019
vn 0.016895 0.999848 -0.004317
vn 0.019024 0.999819 0.000010
vn -0.012503 0.999922 -0.000021
vn -0.013836 0.999893 0.004785
vn -0.022479 0.999718 0.007617
vn -0.028057 0.999606 -0.000052
vn -0.015647 0.999869 0.004195
vn -0.016949 0.999846 0.004532
vn 0.425918 0.897528 -0.114186
vn 0.413284 0.894881 -0.168477
vn 0.429699 0.902972 0.000822
vn 0.416565 0.894554 -0.162010
vn 0.404558 0.914512 0.000755
vn 0.453877 0.882702 -0.121793
vn 0.492979 0.859940 -0.132194
vn 0.459700 0.875440 -0.149267
vn 0.448731 0.893667 0.000583
vn 0.472573 0.875532 -0.100593
vn -0.014379 0.999893 0.002783
vn -0.023254 0.999719 0.004656
vn 0.441917 0.894971 -0.061128
vn 0.441401 0.894713 -0.068223
vn -0.492085 0.860530 0.131683
vn -0.472474 0.874434 0.110155
vn -0.402808 0.906874 0.123796
vn -0.416066 0.902478 0.111453
vn -0.175228 0.983068 0.053608
vn -0.166207 0.985085 0.044528
vn -0.016785 0.999848 0.004701
vn -0.005060 0.999986 0.001357
vn -0.000000 1.000000 -0.000000
vn 0.000000 1.000000 -0.000000
vn -0.449712 0.893174 -0.000353
vn -0.464457 0.874290 0.141055
vn -0.410743 0.906865 0.094265
vn -0.406620 0.913598 -0.000061
vn -0.178542 0.983069 0.041198
vn -0.193566 0.981087 -0.000019
vn -0.016895 0.999848 0.004317
vn -0.019023 0.999819 -0.000010
vn 0.012503 0.999922 0.000021
vn 0.013836 0.999893 -0.004785
vn 0.022479 0.999718 -0.007617
vn 0.028057 0.999606 0.000052
vn 0.015647 0.999869 -0.004195
vn 0.016949 0.999846 -0.004532
vn -0.425918 0.897528 0.114186
vn -0.413284 0.894881 0.168478
vn -0.429700 0.902971 -0.000822
vn -0.416566 0.894553 0.162010
vn -0.404558 0.914512 -0.000755
vn -0.453878 0.882701 0.121793
vn -0.492979 0.859940 0.132194
vn -0.459700 0.875440 0.149267
vn -0.448731 0.893667 -0.000583
vn -0.472573 0.875532 0.100593
vn 0.014379 0.999893 -0.002783
vn 0.023254 0.999719 -0.004656
vn -0.441917 0.894971 0.061128
vn -0.441401 0.894713 0.068223
vn -0.132003 0.860528 -0.492004
vn -0.111511 0.902478 -0.416051
vn -0.094230 0.906896 -0.410684
vn -0.141025 0.874448 -0.464169
vn -0.044541 0.985085 -0.166203
vn -0.041206 0.983063 -0.178576
vn -0.000019 0.981087 -0.193566
vn -0.000061 0.913598 -0.406619
vn -0.000352 0.893174 -0.449712
vn -0.001356 0.999986 -0.005064
vn -0.004324 0.999848 -0.016892
vn 0.000000 1.000000 0.000000
vn -0.000010 0.999819 -0.019023
vn -0.000000 1.000000 -0.000000
vn -0.123678 0.906886 -0.402817
vn -0.109870 0.874304 -0.472781
vn -0.053586 0.983065 -0.175247
vn -0.004709 0.999848 -0.016796
vn 0.004627 0.999719 0.023270
vn 0.002761 0.999893 0.014386
vn -0.060322 0.894892 -0.442187
vn -0.114057 0.897553 -0.425898
vn 0.004549 0.999846 0.016944
vn 0.004190 0.999869 0.015648
vn -0.067568 0.894539 -0.441853
vn -0.100295 0.875453 -0.472783
vn -0.132007 0.859939 -0.493031
vn -0.121458 0.882710 -0.453950
vn -0.000583 0.893667 -0.448731
vn -0.149435 0.875545 -0.459445
vn 0.007605 0.999719 0.022453
vn 0.004796 0.999893 0.013848
vn -0.168392 0.894982 -0.413100
vn -0.000822 0.902971 -0.429700
vn 0.000052 0.999606 0.028057
vn 0.000021 0.999922 0.012503
vn -0.162014 0.894698 -0.416254
vn -0.000755 0.914512 -0.404558
vn -0.131686 0.860528 0.492087
vn -0.111454 0.902479 0.416065
vn -0.123736 0.906895 0.402778
vn -0.109953 0.874448 0.472495
vn -0.044528 0.985085 0.166206
vn -0.053602 0.983063 0.175253
vn -0.001357 0.999986 0.005061
vn -0.004701 0.999848 0.016791
vn -0.094264 0.906866 0.410742
vn -0.141056 0.874290 0.464457
vn -0.041198 0.983069 0.178542
vn -0.004317 0.999848 0.016895
vn 0.007615 0.999718 -0.022478
vn 0.004784 0.999893 -0.013833
vn -0.168475 0.894884 0.413279
vn -0.114172 0.897542 0.425891
vn 0.004532 0.999846 -0.016948
vn 0.004194 0.999869 -0.015644
vn -0.162010 0.894555 0.416563
vn -0.149268 0.875440 0.459700
vn -0.132197 0.859939 0.492980
vn -0.121791 0.882706 0.453869
vn -0.100309 0.875545 0.472609
vn 0.004641 0.999719 -0.023246
vn 0.002770 0.999893 -0.014388
vn -0.060717 0.894981 0.441953
vn -0.067818 0.894698 0.441492
vn 0.492002 0.860529 0.132001
vn 0.464168 0.874448 0.141025
vn 0.410685 0.906895 0.094230
vn 0.416051 0.902478 0.111511
vn 0.178575 0.983063 0.041206
vn 0.166203 0.985085 0.044541
vn 0.016892 0.999848 0.004324
vn 0.005062 0.999986 0.001356
vn 0.472760 0.874290 0.110071
vn 0.402847 0.906865 0.123736
vn 0.175221 0.983070 0.053592
vn 0.016790 0.999848 0.004709
vn -0.014374 0.999893 -0.002774
vn -0.023276 0.999718 -0.004643
vn -0.015648 0.999869 -0.004191
vn -0.016944 0.999846 -0.004549
vn 0.425924 0.897539 0.114071
vn 0.442152 0.894881 0.060737
vn 0.441755 0.894557 0.067977
vn 0.453958 0.882706 0.121460
vn 0.493030 0.859939 0.132005
vn 0.472745 0.875440 0.100581
vn 0.459445 0.875545 0.149434
vn -0.013848 0.999893 -0.004796
vn -0.022453 0.999719 -0.007606
vn 0.413103 0.894980 0.168395
vn 0.416256 0.894697 0.162015
vn -0.492002 0.860529 -0.132001
vn -0.464169 0.874448 -0.141025
vn -0.410685 0.906895 -0.094230
vn -0.416052 0.902478 -0.111511
vn -0.178575 0.983063 -0.041206
vn -0.166203 0.985085 -0.044541
vn -0.016892 0.999848 -0.004324
vn -0.005062 0.999986 -0.001356
vn -0.472760 0.874290 -0.110071
vn -0.402847 0.906865 -0.123736
vn -0.175221 0.983069 -0.053592
vn -0.016790 0.999848 -0.004709
vn 0.014375 0.999893 0.002774
vn 0.023276 0.999718 0.004643
vn 0.015648 0.999869 0.004191
vn 0.016944 0.999846 0.004549
vn -0.425923 0.897540 -0.114071
vn -0.442152 0.894881 -0.060737
vn -0.441756 0.894556 -0.067977
vn -0.453958 0.882706 -0.121461
vn -0.493031 0.859939 -0.132005
vn -0.472745 0.875440 -0.100581
vn -0.459446 0.875545 -0.149434
vn 0.013848 0.999893 0.004796
vn 0.022453 0.999719 0.007606
vn -0.413104 0.894979 -0.168395
vn -0.416255 0.894697 -0.162015
vn 0.131686 0.860528 -0.492087
vn 0.111454 0.902479 -0.416065
vn 0.123736 0.906895 -0.402778
vn 0.109953 0.874448 -0.472495
vn 0.044528 0.985085 -0.166206
vn 0.053602 0.983063 -0.175254
vn 0.001357 0.999986 -0.005061
vn 0.004701 0.999848 -0.016791
vn 0.094264 0.906866 -0.410742
vn 0.141056 0.874290 -0.464457
vn 0.041198 0.983069 -0.178542
vn 0.004317 0.999848 -0.016895
vn -0.007617 0.999718 0.022479
vn -0.004785 0.999893 0.013836
vn 0.168474 0.894884 -0.413278
vn 0.114171 0.897542 -0.425890
vn -0.004532 0.999846 0.016949
vn -0.004195 0.999869 0.015647
vn 0.162010 0.894555 -0.416563
vn 0.149268 0.875440 -0.459700
vn 0.132197 0.859939 -0.492980
vn 0.121791 0.882706 -0.453869
vn 0.100308 0.875545 -0.472609
vn -0.004640 0.999719 0.023248
vn -0.002770 0.999893 0.014390
vn 0.060717 0.894982 -0.441952
vn 0.067818 0.894699 -0.441492
vn 0.000000 1.000000 -0.000000
vn 0.035979 0.998705 -0.035979
vn 0.016942 0.999142 -0.037782
vn 0.000000 1.000000 -0.000000
vn 0.326504 0.886852 -0.326940
vn 0.176167 0.906121 -0.384590
vn 0.186679 0.927261 -0.324557
vn 0.016760 0.999435 -0.029151
vn 0.000000 1.000000 -0.000000
vn 0.534963 0.653340 -0.535689
vn 0.317049 0.686297 -0.654581
vn 0.549216 0.629665 -0.549439
vn 0.409689 0.672096 -0.616800
vn 0.353394 0.706332 -0.613357
vn 0.343585 0.724877 -0.597079
vn -0.000000 1.000000 -0.000000
vn -0.035934 0.998708 -0.035933
vn -0.037648 0.999146 -0.017043
vn -0.000000 1.000000 -0.000000
vn -0.325871 0.887325 -0.326286
vn -0.382921 0.906657 -0.177043
vn -0.323546 0.927449 -0.187502
vn -0.029081 0.999435 -0.016861
vn -0.000000 1.000000 -0.000000
vn -0.534891 0.653473 -0.535597
vn -0.652663 0.687374 -0.318666
vn -0.549224 0.629659 -0.549438
vn -0.616001 0.672463 -0.410287
vn -0.612728 0.706331 -0.354486
vn -0.596024 0.724952 -0.345253
vn 0.000000 1.000000 0.000000
vn 0.035934 0.998708 0.035933
vn 0.037648 0.999146 0.017043
vn 0.000000 1.000000 0.000000
vn 0.325871 0.887325 0.326286
vn 0.382921 0.906657 0.177043
vn 0.323546 0.927449 0.187502
vn 0.029081 0.999435 0.016861
vn 0.000000 1.000000 0.000000
vn 0.534891 0.653473 0.535597
vn 0.652663 0.687374 0.318666
vn 0.549224 0.629659 0.549438
vn 0.616001 0.672463 0.410287
vn 0.612728 0.706331 0.354486
vn 0.596024 0.724953 0.345253
vn -0.549217 0.629665 0.549439
vn -0.534902 0.653439 0.535628
vn -0.652697 0.687446 0.318442
vn -0.616032 0.672560 0.410082
vn -0.325951 0.887259 0.326385
vn -0.383035 0.906622 0.176975
vn -0.323985 0.927386 0.187053
vn -0.596172 0.725331 0.344200
vn -0.612780 0.706635 0.353789
vn -0.035936 0.998708 0.035936
vn -0.037671 0.999145 0.017043
vn -0.000000 1.000000 0.000000
vn -0.000000 1.000000 0.000000
vn -0.000000 1.000000 0.000000
vn -0.029167 0.999433 0.016840
vn 0.201215 0.629659 0.750361
vn 0.196395 0.653474 0.731027
vn -0.050359 0.687376 0.724554
vn 0.047319 0.672463 0.738616
vn 0.119637 0.887325 0.445355
vn -0.038137 0.906657 0.420142
vn 0.000609 0.927448 0.373951
vn 0.000986 0.724953 0.688797
vn 0.000630 0.706332 0.707881
vn 0.013152 0.998708 0.049087
vn -0.004064 0.999146 0.041126
vn 0.000000 1.000000 0.000000
vn -0.000000 1.000000 0.000000
vn 0.000000 1.000000 0.000000
vn 0.000061 0.999435 0.033616
vn 0.616032 0.672560 -0.410082
vn 0.606658 0.674319 -0.421023
vn 0.549388 0.629916 -0.548979
vn 0.612780 0.706635 -0.353789
vn 0.611653 0.707937 -0.353138
vn 0.000000 1.000000 -0.000000
vn 0.000000 1.000000 -0.000000
vn 0.421169 0.673637 -0.607313
vn 0.352873 0.707658 -0.612128
vn -0.353424 0.707366 -0.612148
vn -0.421370 0.673535 -0.607287
vn -0.409907 0.671993 -0.616767
vn -0.354095 0.706021 -0.613311
vn -0.549397 0.629909 -0.548980
vn -0.606630 0.674226 -0.421212
vn -0.611662 0.707656 -0.353683
vn -0.000000 1.000000 -0.000000
vn -0.000000 1.000000 -0.000000
vn 0.353424 0.707366 0.612148
vn 0.421370 0.673535 0.607287
vn 0.409907 0.671993 0.616767
vn 0.354095 0.706021 0.613311
vn 0.549397 0.629909 0.548980
vn 0.606630 0.674226 0.421212
vn 0.611662 0.707656 0.353683
vn 0.000000 1.000000 0.000000
vn 0.000000 1.000000 0.000000
vn -0.606658 0.674319 0.421023
vn -0.549388 0.629916 0.548979
vn -0.611653 0.707937 0.353138
vn -0.353394 0.706332 0.613358
vn -0.409689 0.672095 0.616800
vn -0.421170 0.673637 0.607313
vn -0.352873 0.707658 0.612128
vn -0.000000 1.000000 0.000000
vn -0.000000 1.000000 0.000000
vn -0.201215 0.629659 -0.750361
vn -0.047319 0.672463 -0.738616
vn -0.061466 0.674226 -0.735963
vn -0.200732 0.629908 -0.750282
vn -0.000630 0.706332 -0.707881
vn -0.000467 0.707657 -0.706556
vn -0.000000 1.000000 -0.000000
vn 0.000000 1.000000 -0.000000
vn -0.000000 1.000000 -0.000000
vn -0.315241 0.673535 -0.668561
vn -0.329183 0.671993 -0.663373
vn -0.000000 1.000000 -0.000000
vn -0.706555 0.707658 -0.000467
vn -0.736533 0.673637 0.061087
vn -0.739009 0.672096 0.046401
vn -0.707880 0.706332 -0.000630
vn -0.750124 0.629916 0.201294
vn -0.750436 0.629665 0.200916
vn -0.667946 0.674319 0.314869
vn -0.663157 0.672560 0.328459
vn -0.000000 1.000000 -0.000000
vn -0.000000 1.000000 0.000000
vn -0.000000 1.000000 -0.000000
vn -0.000000 1.000000 0.000000
vn 0.706555 0.707658 0.000467
vn 0.736534 0.673637 -0.061087
vn 0.739009 0.672096 -0.046401
vn 0.707880 0.706332 0.000630
vn 0.750124 0.629916 -0.201294
vn 0.750437 0.629665 -0.200916
vn 0.667946 0.674319 -0.314869
vn 0.663157 0.672560 -0.328459
vn 0.000000 1.000000 0.000000
vn 0.000000 1.000000 -0.000000
vn 0.000000 1.000000 0.000000
vn 0.000000 1.000000 -0.000000
vn 0.061466 0.674226 0.735963
vn 0.200732 0.629908 0.750281
vn 0.000467 0.707657 0.706556
vn 0.315241 0.673535 0.668561
vn 0.329183 0.671993 0.663373
vn 0.000000 1.000000 0.000000
vn 0.200914 0.629664 -0.750438
vn 0.328327 0.672465 -0.663319
vn 0.314749 0.674229 -0.668094
vn 0.201295 0.629915 -0.750125
vn 0.000000 1.000000 -0.000000
vn 0.000000 1.000000 -0.000000
vn 0.061087 0.673635 -0.736535
vn 0.046401 0.672095 -0.739010
vn -0.000000 1.000000 -0.000000
vn -0.663202 0.672094 -0.329320
vn -0.668402 0.673635 -0.315364
vn -0.750275 0.629915 -0.200736
vn -0.750355 0.629664 -0.201222
vn -0.735960 0.674229 -0.061467
vn -0.738615 0.672465 -0.047320
vn -0.000000 1.000000 -0.000000
vn -0.000000 1.000000 -0.000000
vn -0.000000 1.000000 0.000000
vn 0.663202 0.672094 0.329320
vn 0.668402 0.673635 0.315364
vn 0.750275 0.629915 0.200736
vn 0.750356 0.629664 0.201222
vn 0.735960 0.674229 0.061467
vn 0.738615 0.672465 0.047320
vn 0.000000 1.000000 0.000000
vn 0.000000 1.000000 0.000000
vn 0.000000 1.000000 -0.000000
vn -0.200914 0.629664 0.750438
vn -0.328327 0.672465 0.663319
vn -0.314748 0.674229 0.668094
vn -0.201295 0.629915 0.750126
vn -0.000000 1.000000 0.000000
vn -0.000000 1.000000 0.000000
vn -0.061087 0.673635 0.736535
vn -0.046401 0.672095 0.739010
vn 0.000000 1.000000 0.000000
vn 0.652766 0.687367 -0.318471
vn 0.383586 0.906344 -0.177209
vn 0.324184 0.927297 -0.187152
vn 0.596202 0.725300 -0.344215
vn 0.037702 0.999144 -0.017052
vn 0.029175 0.999433 -0.016841
vn 0.602130 0.687442 -0.406033
vn 0.344817 0.906604 -0.243251
vn 0.445635 0.887259 -0.119089
vn 0.731317 0.653441 -0.195424
vn 0.033596 0.999145 -0.024102
vn 0.049089 0.998708 -0.013153
vn -0.317242 0.686343 -0.654439
vn -0.175968 0.906483 -0.383828
vn -0.186964 0.927467 -0.323804
vn -0.344595 0.724582 -0.596854
vn -0.016930 0.999145 -0.037718
vn -0.016774 0.999437 -0.029048
vn -0.408183 0.686268 -0.602015
vn -0.244764 0.906221 -0.344752
vn -0.119839 0.886919 -0.446108
vn -0.196417 0.653375 -0.731110
vn -0.024223 0.999144 -0.033543
vn -0.013168 0.998705 -0.049146
vn 0.317240 0.686348 0.654435
vn 0.175949 0.906500 0.383796
vn 0.186840 0.927557 0.323617
vn 0.344577 0.724614 0.596826
vn 0.016929 0.999145 0.037718
vn 0.016768 0.999438 0.029043
vn -0.016932 0.999144 0.037750
vn -0.175917 0.906418 0.384004
vn -0.186457 0.927441 0.324170
vn -0.016752 0.999435 0.029139
vn -0.317018 0.686381 0.654508
vn -0.343551 0.724941 0.597020
vn -0.602126 0.687447 0.406031
vn -0.344784 0.906621 0.243232
vn -0.445634 0.887259 0.119088
vn -0.731317 0.653441 0.195424
vn -0.033595 0.999145 0.024103
vn -0.049089 0.998708 0.013153
vn -0.024080 0.999146 0.033581
vn -0.243121 0.906637 0.344820
vn -0.119092 0.887282 0.445587
vn -0.013158 0.998708 0.049089
vn -0.405896 0.687358 0.602318
vn -0.195420 0.653450 0.731310
vn 0.050368 0.687292 -0.724633
vn 0.038210 0.906362 -0.420771
vn -0.000610 0.927268 -0.374397
vn -0.000986 0.724889 -0.688865
vn 0.004071 0.999144 -0.041158
vn -0.000061 0.999434 -0.033630
vn -0.052719 0.686313 -0.725393
vn -0.039727 0.906138 -0.421111
vn 0.119294 0.886875 -0.446343
vn 0.195442 0.653351 -0.731393
vn -0.004219 0.999142 -0.041195
vn 0.013174 0.998705 -0.049148
vn -0.725328 0.686383 -0.052709
vn -0.420518 0.906417 -0.039654
vn -0.373968 0.927442 -0.000609
vn -0.688809 0.724942 -0.000986
vn -0.041159 0.999144 -0.004212
vn -0.033611 0.999435 -0.000061
vn -0.724571 0.687358 0.050357
vn -0.420181 0.906638 0.038139
vn -0.445436 0.887282 -0.119657
vn -0.731043 0.653449 -0.196417
vn -0.041122 0.999146 0.004063
vn -0.049091 0.998708 -0.013149
vn 0.725328 0.686383 0.052709
vn 0.420516 0.906418 0.039654
vn 0.373966 0.927442 0.000609
vn 0.688809 0.724942 0.000986
vn 0.041159 0.999144 0.004212
vn 0.033611 0.999435 0.000061
vn 0.724571 0.687358 -0.050357
vn 0.420181 0.906638 -0.038139
vn 0.445434 0.887283 0.119657
vn 0.731043 0.653449 0.196417
vn 0.041123 0.999146 -0.004063
vn 0.049091 0.998708 0.013149
vn 0.408138 0.686348 0.601955
vn 0.244402 0.906500 0.344275
vn 0.024200 0.999145 0.033520
vn 0.024102 0.999144 -0.033606
vn 0.243500 0.906342 -0.345330
vn 0.405944 0.687274 -0.602383
vn -0.033542 0.999144 -0.024229
vn -0.344321 0.906435 -0.244579
vn -0.601787 0.686397 -0.408304
vn 0.033542 0.999144 0.024229
vn 0.344320 0.906436 0.244578
vn 0.601787 0.686397 0.408304
vn 0.052709 0.686398 0.725314
vn 0.039651 0.906435 0.420479
vn 0.004212 0.999144 0.041163
s 1
g eggDish_obj
usemtl aiStandardSurface1SG
f 10/10/1 414/386/2 602/242/3 417/389/4
f 414/386/2 9/9/5 415/387/6 602/242/3
f 602/242/3 415/387/6 12/952/7 416/954/8
f 417/389/4 602/242/3 416/954/8 11/949/9
f 9/9/5 8/8/10 603/243/11 415/387/6
f 603/243/11 8/8/10 13/953/12 418/951/13
f 415/387/6 603/243/11 418/951/13 12/952/7
f 3/842/14 419/959/15 8/8/10 420/960/16
f 419/959/15 13/953/12 8/8/10
f 420/960/16 8/8/10 5/956/17
f 7/950/18 421/958/19 604/244/20 423/395/21
f 421/958/19 6/957/22 422/394/23 604/244/20
f 604/244/20 422/394/23 9/9/5 414/386/2
f 423/395/21 604/244/20 414/386/2 10/10/1
f 6/957/22 424/955/24 605/245/25 422/394/23
f 424/955/24 5/956/17 8/8/10 605/245/25
f 422/394/23 605/245/25 8/8/10 9/9/5
f 16/16/26 425/948/27 606/246/28 428/400/29
f 425/948/27 15/947/30 426/398/31 606/246/28
f 606/246/28 426/398/31 18/18/32 427/399/33
f 428/400/29 606/246/28 427/399/33 17/17/34
f 15/947/30 429/945/35 607/247/36 426/398/31
f 429/945/35 14/946/37 430/402/38 607/247/36
f 607/247/36 430/402/38 19/19/39 431/403/40
f 426/398/31 607/247/36 431/403/40 18/18/32
f 22/943/41 432/404/42 417/389/4 11/949/9
f 432/404/42 19/19/39 10/10/1 417/389/4
f 423/395/21 10/10/1 19/19/39 430/402/38
f 423/395/21 430/402/38 14/946/37 7/950/18
f 17/17/34 427/399/33 608/248/43 435/407/44
f 427/399/33 18/18/32 433/405/45 608/248/43
f 608/248/43 433/405/45 21/942/46 434/944/47
f 435/407/44 608/248/43 434/944/47 20/790/48
f 18/18/32 431/403/40 609/249/49 433/405/45
f 431/403/40 19/19/39 432/404/42 609/249/49
f 609/249/49 432/404/42 22/943/41 436/941/50
f 433/405/45 609/249/49 436/941/50 21/942/46
f 31/31/51 437/409/52 610/250/53 440/412/54
f 437/409/52 32/927/55 438/940/56 610/250/53
f 610/250/53 438/940/56 33/939/57 439/411/58
f 440/412/54 610/250/53 439/411/58 30/30/59
f 30/30/59 439/411/58 611/251/60 29/29/61
f 439/411/58 33/939/57 441/938/62 611/251/60
f 611/251/60 441/938/62 34/937/63 29/29/61
f 3/839/14 442/935/64 29/29/61 443/936/65
f 442/935/64 26/932/66 29/29/61
f 443/936/65 29/29/61 34/937/63
f 28/926/67 444/416/68 612/252/69 446/934/70
f 444/416/68 31/31/51 440/412/54 612/252/69
f 612/252/69 440/412/54 30/30/59 445/417/71
f 446/934/70 612/252/69 445/417/71 27/933/72
f 27/933/72 445/417/71 613/253/73 447/931/74
f 445/417/71 30/30/59 29/29/61 613/253/73
f 447/931/74 613/253/73 29/29/61 26/932/66
f 37/780/75 448/420/76 614/254/77 451/930/78
f 448/420/76 38/38/79 449/421/80 614/254/77
f 614/254/77 449/421/80 39/39/81 450/422/82
f 451/930/78 614/254/77 450/422/82 36/929/83
f 36/929/83 450/422/82 615/255/84 454/928/85
f 450/422/82 39/39/81 452/424/86 615/255/84
f 615/255/84 452/424/86 40/40/87 453/425/88
f 454/928/85 615/255/84 453/425/88 35/925/89
f 455/427/90 43/923/91 32/927/55 437/409/52
f 455/427/90 437/409/52 31/31/51 40/40/87
f 40/40/87 31/31/51 444/416/68 453/425/88
f 444/416/68 28/926/67 35/925/89 453/425/88
f 38/38/79 456/428/92 616/256/93 449/421/80
f 456/428/92 41/41/94 457/924/95 616/256/93
f 616/256/93 457/924/95 42/922/96 458/430/97
f 449/421/80 616/256/93 458/430/97 39/39/81
f 39/39/81 458/430/97 617/257/98 452/424/86
f 458/430/97 42/922/96 459/921/99 617/257/98
f 617/257/98 459/921/99 43/923/91 455/427/90
f 452/424/86 617/257/98 455/427/90 40/40/87
f 52/52/100 460/432/101 618/258/102 463/435/103
f 460/432/101 53/907/104 461/920/105 618/258/102
f 618/258/102 461/920/105 54/919/106 462/434/107
f 463/435/103 618/258/102 462/434/107 51/51/108
f 51/51/108 462/434/107 619/259/109 50/50/110
f 462/434/107 54/919/106 464/918/111 619/259/109
f 619/259/109 464/918/111 55/917/112 50/50/110
f 3/845/14 465/915/113 50/50/110 466/916/114
f 465/915/113 47/912/115 50/50/110
f 466/916/114 50/50/110 55/917/112
f 49/906/116 467/439/117 620/260/118 469/914/119
f 467/439/117 52/52/100 463/435/103 620/260/118
f 620/260/118 463/435/103 51/51/108 468/440/120
f 469/914/119 620/260/118 468/440/120 48/913/121
f 48/913/121 468/440/120 621/261/122 470/911/123
f 468/440/120 51/51/108 50/50/110 621/261/122
f 470/911/123 621/261/122 50/50/110 47/912/115
f 58/772/124 471/443/125 622/262/126 474/910/127
f 471/443/125 59/59/128 472/444/129 622/262/126
f 622/262/126 472/444/129 60/60/130 473/445/131
f 474/910/127 622/262/126 473/445/131 57/909/132
f 57/909/132 473/445/131 623/263/133 477/908/134
f 473/445/131 60/60/130 475/447/135 623/263/133
f 623/263/133 475/447/135 61/61/136 476/448/137
f 477/908/134 623/263/133 476/448/137 56/905/138
f 478/450/139 64/903/140 53/907/104 460/432/101
f 478/450/139 460/432/101 52/52/100 61/61/136
f 61/61/136 52/52/100 467/439/117 476/448/137
f 467/439/117 49/906/116 56/905/138 476/448/137
f 59/59/128 479/451/141 624/264/142 472/444/129
f 479/451/141 62/62/143 480/904/144 624/264/142
f 624/264/142 480/904/144 63/902/145 481/453/146
f 472/444/129 624/264/142 481/453/146 60/60/130
f 60/60/130 481/453/146 625/265/147 475/447/135
f 481/453/146 63/902/145 482/901/148 625/265/147
f 625/265/147 482/901/148 64/903/140 478/450/139
f 475/447/135 625/265/147 478/450/139 61/61/136
f 73/73/149 483/455/150 626/266/151 486/458/152
f 483/455/150 72/72/153 484/456/154 626/266/151
f 626/266/151 484/456/154 75/899/155 485/900/156
f 486/458/152 626/266/151 485/900/156 74/887/157
f 72/72/153 71/71/158 627/267/159 484/456/154
f 627/267/159 71/71/158 76/896/160 487/898/161
f 484/456/154 627/267/159 487/898/161 75/899/155
f 3/836/14 488/895/162 71/71/158 489/897/163
f 488/895/162 76/896/160 71/71/158
f 489/897/163 71/71/158 68/892/164
f 70/886/165 490/894/166 628/268/167 492/464/168
f 490/894/166 69/893/169 491/463/170 628/268/167
f 628/268/167 491/463/170 72/72/153 483/455/150
f 492/464/168 628/268/167 483/455/150 73/73/149
f 69/893/169 493/891/171 629/269/172 491/463/170
f 493/891/171 68/892/164 71/71/158 629/269/172
f 491/463/170 629/269/172 71/71/158 72/72/153
f 79/79/173 494/890/174 630/270/175 497/469/176
f 494/890/174 78/889/177 495/467/178 630/270/175
f 630/270/175 495/467/178 81/81/179 496/468/180
f 497/469/176 630/270/175 496/468/180 80/80/181
f 78/889/177 498/888/182 631/271/183 495/467/178
f 498/888/182 77/885/184 499/471/185 631/271/183
f 631/271/183 499/471/185 82/82/186 500/472/187
f 495/467/178 631/271/183 500/472/187 81/81/179
f 85/883/188 501/473/189 486/458/152 74/887/157
f 501/473/189 82/82/186 73/73/149 486/458/152
f 492/464/168 73/73/149 82/82/186 499/471/185
f 492/464/168 499/471/185 77/885/184 70/886/165
f 80/80/181 496/468/180 632/272/190 504/476/191
f 496/468/180 81/81/179 502/474/192 632/272/190
f 632/272/190 502/474/192 84/882/193 503/884/194
f 504/476/191 632/272/190 503/884/194 83/766/195
f 81/81/179 500/472/187 633/273/196 502/474/192
f 500/472/187 82/82/186 501/473/189 633/273/196
f 633/273/196 501/473/189 85/883/188 505/881/197
f 502/474/192 633/273/196 505/881/197 84/882/193
f 90/90/198 506/478/199 634/274/200 509/481/201
f 506/478/199 89/89/202 507/479/203 634/274/200
f 634/274/200 507/479/203 92/877/204 508/879/205
f 509/481/201 634/274/200 508/879/205 91/875/206
f 89/89/202 88/88/207 635/275/208 507/479/203
f 635/275/208 88/88/207 93/878/209 510/876/210
f 507/479/203 635/275/208 510/876/210 92/877/204
f 3/840/14 511/880/211 88/88/207 442/414/64
f 511/880/211 93/878/209 88/88/207
f 442/414/64 88/88/207 26/26/66
f 28/28/67 446/418/70 636/276/212 513/485/213
f 446/418/70 27/27/72 512/484/214 636/276/212
f 636/276/212 512/484/214 89/89/202 506/478/199
f 513/485/213 636/276/212 506/478/199 90/90/198
f 27/27/72 447/419/74 637/277/215 512/484/214
f 447/419/74 26/26/66 88/88/207 637/277/215
f 512/484/214 637/277/215 88/88/207 89/89/202
f 37/37/75 451/423/78 638/278/216 516/488/217
f 451/423/78 36/36/83 514/486/218 638/278/216
f 638/278/216 514/486/218 95/95/219 515/487/220
f 516/488/217 638/278/216 515/487/220 94/94/221
f 36/36/83 454/426/85 639/279/222 514/486/218
f 454/426/85 35/35/89 517/489/223 639/279/222
f 639/279/222 517/489/223 96/96/224 518/490/225
f 514/486/218 639/279/222 518/490/225 95/95/219
f 99/873/226 519/491/227 509/481/201 91/875/206
f 519/491/227 96/96/224 90/90/198 509/481/201
f 513/485/213 90/90/198 96/96/224 517/489/223
f 513/485/213 517/489/223 35/35/89 28/28/67
f 94/94/221 515/487/220 640/280/228 522/494/229
f 515/487/220 95/95/219 520/492/230 640/280/228
f 640/280/228 520/492/230 98/872/231 521/874/232
f 522/494/229 640/280/228 521/874/232 97/758/233
f 95/95/219 518/490/225 641/281/234 520/492/230
f 518/490/225 96/96/224 519/491/227 641/281/234
f 641/281/234 519/491/227 99/873/226 523/871/235
f 520/492/230 641/281/234 523/871/235 98/872/231
f 107/107/236 524/496/237 642/282/238 526/498/239
f 524/496/237 74/74/157 485/457/156 642/282/238
f 642/282/238 485/457/156 75/75/155 525/497/240
f 526/498/239 642/282/238 525/497/240 106/106/241
f 106/106/241 525/497/240 643/283/242 105/105/243
f 525/497/240 75/75/155 487/459/161 643/283/242
f 643/283/242 487/459/161 76/76/160 105/105/243
f 3/837/14 527/870/244 105/105/243 488/460/162
f 527/870/244 102/867/245 105/105/243
f 488/460/162 105/105/243 76/76/160
f 104/862/246 528/500/247 644/284/248 530/869/249
f 528/500/247 107/107/236 526/498/239 644/284/248
f 644/284/248 526/498/239 106/106/241 529/501/250
f 530/869/249 644/284/248 529/501/250 103/868/251
f 103/868/251 529/501/250 645/285/252 531/866/253
f 529/501/250 106/106/241 105/105/243 645/285/252
f 531/866/253 645/285/252 105/105/243 102/867/245
f 110/754/254 532/504/255 646/286/256 535/865/257
f 532/504/255 111/111/258 533/505/259 646/286/256
f 646/286/256 533/505/259 112/112/260 534/506/261
f 535/865/257 646/286/256 534/506/261 109/864/262
f 109/864/262 534/506/261 647/287/263 538/863/264
f 534/506/261 112/112/260 536/508/265 647/287/263
f 647/287/263 536/508/265 113/113/266 537/509/267
f 538/863/264 647/287/263 537/509/267 108/861/268
f 539/511/269 85/85/188 74/74/157 524/496/237
f 539/511/269 524/496/237 107/107/236 113/113/266
f 113/113/266 107/107/236 528/500/247 537/509/267
f 528/500/247 104/862/246 108/861/268 537/509/267
f 111/111/258 540/512/270 648/288/271 533/505/259
f 540/512/270 83/83/195 503/475/194 648/288/271
f 648/288/271 503/475/194 84/84/193 541/513/272
f 533/505/259 648/288/271 541/513/272 112/112/260
f 112/112/260 541/513/272 649/289/273 536/508/265
f 541/513/272 84/84/193 505/477/197 649/289/273
f 649/289/273 505/477/197 85/85/188 539/511/269
f 536/508/265 649/289/273 539/511/269 113/113/266
f 121/121/274 542/514/275 650/290/276 544/516/277
f 542/514/275 11/11/9 416/388/8 650/290/276
f 650/290/276 416/388/8 12/12/7 543/515/278
f 544/516/277 650/290/276 543/515/278 120/120/279
f 120/120/279 543/515/278 651/291/280 119/119/281
f 543/515/278 12/12/7 418/390/13 651/291/280
f 651/291/280 418/390/13 13/13/12 119/119/281
f 3/843/14 545/860/282 119/119/281 419/391/15
f 545/860/282 116/857/283 119/119/281
f 419/391/15 119/119/281 13/13/12
f 118/852/284 546/518/285 652/292/286 548/859/287
f 546/518/285 121/121/274 544/516/277 652/292/286
f 652/292/286 544/516/277 120/120/279 547/519/288
f 548/859/287 652/292/286 547/519/288 117/858/289
f 117/858/289 547/519/288 653/293/290 549/856/291
f 547/519/288 120/120/279 119/119/281 653/293/290
f 549/856/291 653/293/290 119/119/281 116/857/283
f 124/750/292 550/522/293 654/294/294 553/855/295
f 550/522/293 125/125/296 551/523/297 654/294/294
f 654/294/294 551/523/297 126/126/298 552/524/299
f 553/855/295 654/294/294 552/524/299 123/854/300
f 123/854/300 552/524/299 655/295/301 556/853/302
f 552/524/299 126/126/298 554/526/303 655/295/301
f 655/295/301 554/526/303 127/127/304 555/527/305
f 556/853/302 655/295/301 555/527/305 122/851/306
f 557/529/307 22/22/41 11/11/9 542/514/275
f 557/529/307 542/514/275 121/121/274 127/127/304
f 127/127/304 121/121/274 546/518/285 555/527/305
f 546/518/285 118/852/284 122/851/306 555/527/305
f 125/125/296 558/530/308 656/296/309 551/523/297
f 558/530/308 20/20/48 434/406/47 656/296/309
f 656/296/309 434/406/47 21/21/46 559/531/310
f 551/523/297 656/296/309 559/531/310 126/126/298
f 126/126/298 559/531/310 657/297/311 554/526/303
f 559/531/310 21/21/46 436/408/50 657/297/311
f 657/297/311 436/408/50 22/22/41 557/529/307
f 554/526/303 657/297/311 557/529/307 127/127/304
f 132/132/312 560/532/313 658/298/314 563/535/315
f 560/532/313 131/131/316 561/533/317 658/298/314
f 658/298/314 561/533/317 134/849/318 562/850/319
f 563/535/315 658/298/314 562/850/319 133/834/320
f 131/131/316 130/130/321 659/299/322 561/533/317
f 659/299/322 130/130/321 135/847/323 564/848/324
f 561/533/317 659/299/322 564/848/324 134/849/318
f 3/846/14 565/835/325 130/130/321 465/437/113
f 565/835/325 135/847/323 130/130/321
f 465/437/113 130/130/321 47/47/115
f 49/49/116 469/441/119 660/300/326 567/539/327
f 469/441/119 48/48/121 566/538/328 660/300/326
f 660/300/326 566/538/328 131/131/316 560/532/313
f 567/539/327 660/300/326 560/532/313 132/132/312
f 48/48/121 470/442/123 661/301/329 566/538/328
f 470/442/123 47/47/115 130/130/321 661/301/329
f 566/538/328 661/301/329 130/130/321 131/131/316
f 58/58/124 474/446/127 662/302/330 570/542/331
f 474/446/127 57/57/132 568/540/332 662/302/330
f 662/302/330 568/540/332 137/137/333 569/541/334
f 570/542/331 662/302/330 569/541/334 136/136/335
f 57/57/132 477/449/134 663/303/336 568/540/332
f 477/449/134 56/56/138 571/543/337 663/303/336
f 663/303/336 571/543/337 138/138/338 572/544/339
f 568/540/332 663/303/336 572/544/339 137/137/333
f 141/832/340 573/545/341 563/535/315 133/834/320
f 573/545/341 138/138/338 132/132/312 563/535/315
f 567/539/327 132/132/312 138/138/338 571/543/337
f 567/539/327 571/543/337 56/56/138 49/49/116
f 136/136/335 569/541/334 664/304/342 576/548/343
f 569/541/334 137/137/333 574/546/344 664/304/342
f 664/304/342 574/546/344 140/831/345 575/833/346
f 576/548/343 664/304/342 575/833/346 139/746/347
f 137/137/333 572/544/339 665/305/348 574/546/344
f 572/544/339 138/138/338 573/545/341 665/305/348
f 665/305/348 573/545/341 141/832/340 577/830/349
f 574/546/344 665/305/348 577/830/349 140/831/345
f 145/145/350 578/550/351 666/306/352 580/552/353
f 578/550/351 144/144/354 579/551/355 666/306/352
f 666/306/352 579/551/355 6/6/22 421/393/19
f 580/552/353 666/306/352 421/393/19 7/7/18
f 144/144/354 143/143/356 667/307/357 579/551/355
f 667/307/357 143/143/356 5/5/17 424/396/24
f 579/551/355 667/307/357 424/396/24 6/6/22
f 3/841/14 420/392/16 143/143/356 511/483/211
f 420/392/16 5/5/17 143/143/356
f 511/483/211 143/143/356 93/93/209
f 91/91/206 508/480/205 668/308/358 582/554/359
f 508/480/205 92/92/204 581/553/360 668/308/358
f 668/308/358 581/553/360 144/144/354 578/550/351
f 582/554/359 668/308/358 578/550/351 145/145/350
f 92/92/204 510/482/210 669/309/361 581/553/360
f 510/482/210 93/93/209 143/143/356 669/309/361
f 581/553/360 669/309/361 143/143/356 144/144/354
f 97/97/233 521/493/232 670/310/362 585/557/363
f 521/493/232 98/98/231 583/555/364 670/310/362
f 670/310/362 583/555/364 147/147/365 584/556/366
f 585/557/363 670/310/362 584/556/366 146/146/367
f 98/98/231 523/495/235 671/311/368 583/555/364
f 523/495/235 99/99/226 586/558/369 671/311/368
f 671/311/368 586/558/369 148/148/370 587/559/371
f 583/555/364 671/311/368 587/559/371 147/147/365
f 7/7/18 14/14/37 588/560/372 580/552/353
f 588/560/372 148/148/370 145/145/350 580/552/353
f 582/554/359 145/145/350 148/148/370 586/558/369
f 582/554/359 586/558/369 99/99/226 91/91/206
f 146/146/367 584/556/366 672/312/373 590/562/374
f 584/556/366 147/147/365 589/561/375 672/312/373
f 672/312/373 589/561/375 15/15/30 425/397/27
f 590/562/374 672/312/373 425/397/27 16/787/26
f 147/147/365 587/559/371 673/313/376 589/561/375
f 587/559/371 148/148/370 588/560/372 673/313/376
f 673/313/376 588/560/372 14/14/37 429/401/35
f 589/561/375 673/313/376 429/401/35 15/15/30
f 152/152/377 591/563/378 674/314/379 593/565/380
f 591/563/378 104/104/246 530/502/249 674/314/379
f 674/314/379 530/502/249 103/103/251 592/564/381
f 593/565/380 674/314/379 592/564/381 151/151/382
f 151/151/382 592/564/381 675/315/383 150/150/384
f 592/564/381 103/103/251 531/503/253 675/315/383
f 675/315/383 531/503/253 102/102/245 150/150/384
f 3/838/14 443/415/65 150/150/384 527/499/244
f 443/415/65 34/34/63 150/150/384
f 527/499/244 150/150/384 102/102/245
f 32/32/55 594/566/385 676/316/386 438/410/56
f 594/566/385 152/152/377 593/565/380 676/316/386
f 676/316/386 593/565/380 151/151/382 595/567/387
f 438/410/56 676/316/386 595/567/387 33/33/57
f 33/33/57 595/567/387 677/317/388 441/413/62
f 595/567/387 151/151/382 150/150/384 677/317/388
f 441/413/62 677/317/388 150/150/384 34/34/63
f 41/779/94 596/568/389 678/318/390 457/429/95
f 596/568/389 153/153/391 597/569/392 678/318/390
f 678/318/390 597/569/392 154/154/393 598/570/394
f 457/429/95 678/318/390 598/570/394 42/42/96
f 42/42/96 598/570/394 679/319/395 459/431/99
f 598/570/394 154/154/393 599/571/396 679/319/395
f 679/319/395 599/571/396 155/155/397 600/572/398
f 459/431/99 679/319/395 600/572/398 43/43/91
f 601/573/399 108/108/268 104/104/246 591/563/378
f 601/573/399 591/563/378 152/152/377 155/155/397
f 155/155/397 152/152/377 594/566/385 600/572/398
f 594/566/385 32/32/55 43/43/91 600/572/398
f 153/153/391 242/574/400 680/320/401 597/569/392
f 242/574/400 110/110/254 535/507/257 680/320/401
f 680/320/401 535/507/257 109/109/262 243/575/402
f 597/569/392 680/320/401 243/575/402 154/154/393
f 154/154/393 243/575/402 681/321/403 599/571/396
f 243/575/402 109/109/262 538/510/264 681/321/403
f 681/321/403 538/510/264 108/108/268 601/573/399
f 599/571/396 681/321/403 601/573/399 155/155/397
f 159/159/404 244/576/405 682/322/406 246/578/407
f 244/576/405 118/118/284 548/520/287 682/322/406
f 682/322/406 548/520/287 117/117/289 245/577/408
f 246/578/407 682/322/406 245/577/408 158/158/409
f 158/158/409 245/577/408 683/323/410 157/157/411
f 245/577/408 117/117/289 549/521/291 683/323/410
f 683/323/410 549/521/291 116/116/283 157/157/411
f 3/844/14 466/438/114 157/157/411 545/517/282
f 466/438/114 55/55/112 157/157/411
f 545/517/282 157/157/411 116/116/283
f 53/53/104 247/579/412 684/324/413 461/433/105
f 247/579/412 159/159/404 246/578/407 684/324/413
f 684/324/413 246/578/407 158/158/409 248/580/414
f 461/433/105 684/324/413 248/580/414 54/54/106
f 54/54/106 248/580/414 685/325/415 464/436/111
f 248/580/414 158/158/409 157/157/411 685/325/415
f 464/436/111 685/325/415 157/157/411 55/55/112
f 62/771/143 249/581/416 686/326/417 480/452/144
f 249/581/416 160/160/418 250/582/419 686/326/417
f 686/326/417 250/582/419 161/161/420 251/583/421
f 480/452/144 686/326/417 251/583/421 63/63/145
f 63/63/145 251/583/421 687/327/422 482/454/148
f 251/583/421 161/161/420 252/584/423 687/327/422
f 687/327/422 252/584/423 162/162/424 253/585/425
f 482/454/148 687/327/422 253/585/425 64/64/140
f 254/586/426 122/122/306 118/118/284 244/576/405
f 254/586/426 244/576/405 159/159/404 162/162/424
f 162/162/424 159/159/404 247/579/412 253/585/425
f 247/579/412 53/53/104 64/64/140 253/585/425
f 160/160/418 255/587/427 688/328/428 250/582/419
f 255/587/427 124/124/292 553/525/295 688/328/428
f 688/328/428 553/525/295 123/123/300 256/588/429
f 250/582/419 688/328/428 256/588/429 161/161/420
f 161/161/420 256/588/429 689/329/430 252/584/423
f 256/588/429 123/123/300 556/528/302 689/329/430
f 689/329/430 556/528/302 122/122/306 254/586/426
f 252/584/423 689/329/430 254/586/426 162/162/424
f 166/166/431 257/589/432 690/330/433 259/591/434
f 257/589/432 165/165/435 258/590/436 690/330/433
f 690/330/433 258/590/436 69/69/169 490/462/166
f 259/591/434 690/330/433 490/462/166 70/70/165
f 165/165/435 164/164/437 691/331/438 258/590/436
f 691/331/438 164/164/437 68/68/164 493/465/171
f 258/590/436 691/331/438 493/465/171 69/69/169
f 3/3/14 489/461/163 164/164/437 565/537/325
f 489/461/163 68/68/164 164/164/437
f 565/537/325 164/164/437 135/135/323
f 133/133/320 562/534/319 692/332/439 261/593/440
f 562/534/319 134/134/318 260/592/441 692/332/439
f 692/332/439 260/592/441 165/165/435 257/589/432
f 261/593/440 692/332/439 257/589/432 166/166/431
f 134/134/318 564/536/324 693/333/442 260/592/441
f 564/536/324 135/135/323 164/164/437 693/333/442
f 260/592/441 693/333/442 164/164/437 165/165/435
f 139/139/347 575/547/346 694/334/443 264/596/444
f 575/547/346 140/140/345 262/594/445 694/334/443
f 694/334/443 262/594/445 168/168/446 263/595/447
f 264/596/444 694/334/443 263/595/447 167/167/448
f 140/140/345 577/549/349 695/335/449 262/594/445
f 577/549/349 141/141/340 265/597/450 695/335/449
f 695/335/449 265/597/450 169/169/451 266/598/452
f 262/594/445 695/335/449 266/598/452 168/168/446
f 70/70/165 77/77/184 267/599/453 259/591/434
f 267/599/453 169/169/451 166/166/431 259/591/434
f 261/593/440 166/166/431 169/169/451 265/597/450
f 261/593/440 265/597/450 141/141/340 133/133/320
f 167/167/448 263/595/447 696/336/454 269/601/455
f 263/595/447 168/168/446 268/600/456 696/336/454
f 696/336/454 268/600/456 78/78/177 494/466/174
f 269/601/455 696/336/454 494/466/174 79/763/173
f 168/168/446 266/598/452 697/337/457 268/600/456
f 266/598/452 169/169/451 267/599/453 697/337/457
f 697/337/457 267/599/453 77/77/184 498/470/182
f 268/600/456 697/337/457 498/470/182 78/78/177
f 172/172/458 270/602/459 698/338/460 273/605/461
f 270/602/459 171/171/462 271/603/463 698/338/460
f 698/338/460 271/603/463 177/825/464 272/826/465
f 273/605/461 698/338/460 272/826/465 176/786/466
f 171/171/462 274/606/467 699/339/468 271/603/463
f 274/606/467 170/170/469 275/607/470 699/339/468
f 699/339/468 275/607/470 178/178/471 276/824/472
f 271/603/463 699/339/468 276/824/472 177/825/464
f 181/181/473 277/609/474 700/340/475 280/612/476
f 277/609/474 180/180/477 278/610/478 700/340/475
f 700/340/475 278/610/478 183/819/479 279/820/480
f 280/612/476 700/340/475 279/820/480 182/778/481
f 180/180/477 281/613/482 701/341/483 278/610/478
f 281/613/482 179/179/484 282/614/485 701/341/483
f 701/341/483 282/614/485 184/184/486 283/818/487
f 278/610/478 701/341/483 283/818/487 183/819/479
f 190/190/488 284/616/489 702/342/490 287/619/491
f 284/616/489 189/189/492 285/617/493 702/342/490
f 702/342/490 285/617/493 192/813/494 286/814/495
f 287/619/491 702/342/490 286/814/495 191/770/496
f 189/189/492 288/620/497 703/343/498 285/617/493
f 288/620/497 188/188/499 289/621/500 703/343/498
f 703/343/498 289/621/500 193/193/501 290/812/502
f 285/617/493 703/343/498 290/812/502 192/813/494
f 199/199/503 291/623/504 704/344/505 294/626/506
f 291/623/504 198/198/507 292/624/508 704/344/505
f 704/344/505 292/624/508 201/807/509 293/808/510
f 294/626/506 704/344/505 293/808/510 200/768/511
f 198/198/507 295/627/512 705/345/513 292/624/508
f 295/627/512 197/197/514 296/628/515 705/345/513
f 705/345/513 296/628/515 202/202/516 297/806/517
f 292/624/508 705/345/513 297/806/517 201/807/509
f 226/226/518 298/630/519 706/346/520 301/633/521
f 298/630/519 225/225/522 299/631/523 706/346/520
f 706/346/520 299/631/523 228/795/524 300/796/525
f 301/633/521 706/346/520 300/796/525 227/748/526
f 225/225/522 302/634/527 707/347/528 299/631/523
f 302/634/527 224/224/529 303/635/530 707/347/528
f 707/347/528 303/635/530 229/229/531 304/794/532
f 299/631/523 707/347/528 304/794/532 228/795/524
f 170/170/469 305/637/533 306/638/534 4/4/535
f 305/637/533 173/792/536 1/793/537 306/638/534
f 175/175/538 307/639/539 435/407/44 20/790/48
f 307/639/539 172/172/458 17/17/34 435/407/44
f 178/178/471 275/607/470 308/640/540 2/2/541
f 275/607/470 170/170/469 4/4/535 308/640/540
f 17/17/34 172/172/458 273/605/461 428/400/29
f 273/605/461 176/786/466 16/16/26 428/400/29
f 24/785/542 309/641/543 310/642/544 185/784/545
f 309/641/543 25/25/546 179/179/484 310/642/544
f 179/179/484 25/25/546 311/643/547 282/614/485
f 311/643/547 23/23/548 184/184/486 282/614/485
f 312/644/549 181/181/473 38/38/79 448/420/76
f 312/644/549 448/420/76 37/780/75 187/187/550
f 41/41/94 456/428/92 280/612/476 182/778/481
f 456/428/92 38/38/79 181/181/473 280/612/476
f 45/777/551 313/645/552 314/646/553 194/776/554
f 313/645/552 46/46/555 188/188/499 314/646/553
f 188/188/499 46/46/555 315/647/556 289/621/500
f 315/647/556 44/44/557 193/193/501 289/621/500
f 316/648/558 190/190/488 59/59/128 471/443/125
f 316/648/558 471/443/125 58/772/124 196/196/559
f 62/62/143 479/451/141 287/619/491 191/770/496
f 479/451/141 59/59/128 190/190/488 287/619/491
f 199/199/503 294/626/506 317/649/560 67/67/561
f 294/626/506 200/768/511 65/769/562 317/649/560
f 202/202/516 296/628/515 504/476/191 83/766/195
f 296/628/515 197/197/514 80/80/181 504/476/191
f 205/205/563 318/650/564 319/651/565 66/66/566
f 318/650/564 199/199/503 67/67/561 319/651/565
f 80/80/181 197/197/514 320/652/567 497/469/176
f 320/652/567 203/762/568 79/79/173 497/469/176
f 206/206/569 321/653/570 322/654/571 87/87/572
f 321/653/570 209/760/573 86/761/574 322/654/571
f 211/211/575 323/655/576 522/494/229 97/758/233
f 323/655/576 208/208/577 94/94/221 522/494/229
f 325/657/578 24/24/542 185/185/545 324/656/579
f 325/657/578 324/656/579 206/206/569 87/87/572
f 94/94/221 208/208/577 326/658/580 516/488/217
f 326/658/580 187/781/550 37/37/75 516/488/217
f 100/757/581 327/659/582 328/660/583 215/756/584
f 327/659/582 101/101/585 212/212/586 328/660/583
f 212/212/586 101/101/585 329/661/587 330/662/588
f 329/661/587 65/65/562 200/200/511 330/662/588
f 331/663/589 214/214/590 111/111/258 532/504/255
f 331/663/589 532/504/255 110/754/254 217/217/591
f 332/664/592 202/767/516 83/83/195 540/512/270
f 332/664/592 540/512/270 111/111/258 214/214/590
f 114/753/593 333/665/594 334/666/595 221/752/596
f 333/665/594 115/115/597 218/218/598 334/666/595
f 218/218/598 115/115/597 335/667/599 336/668/600
f 335/667/599 1/1/537 173/173/536 336/668/600
f 337/669/601 220/220/602 125/125/296 550/522/293
f 337/669/601 550/522/293 124/750/292 223/223/603
f 338/670/604 175/791/538 20/20/48 558/530/308
f 338/670/604 558/530/308 125/125/296 220/220/602
f 226/226/518 301/633/521 339/671/605 129/129/606
f 301/633/521 227/748/526 128/749/607 339/671/605
f 229/229/531 303/635/530 576/548/343 139/746/347
f 303/635/530 224/224/529 136/136/335 576/548/343
f 341/673/608 45/45/551 194/194/554 340/672/609
f 341/673/608 340/672/609 226/226/518 129/129/606
f 136/136/335 224/224/529 342/674/610 570/542/331
f 342/674/610 196/773/559 58/58/124 570/542/331
f 230/230/611 343/675/612 344/676/613 142/142/614
f 343/675/612 178/789/471 2/788/541 344/676/613
f 590/562/374 16/787/26 176/176/466 345/677/615
f 590/562/374 345/677/615 232/232/616 146/146/367
f 347/679/617 86/86/574 209/209/573 346/678/618
f 347/679/617 346/678/618 230/230/611 142/142/614
f 146/146/367 232/232/616 348/680/619 585/557/363
f 348/680/619 211/759/575 97/97/233 585/557/363
f 350/682/620 184/783/486 23/782/548 349/681/621
f 350/682/620 349/681/621 149/149/622 233/233/623
f 233/233/623 149/149/622 351/683/624 352/684/625
f 351/683/624 100/100/581 215/215/584 352/684/625
f 353/685/626 235/235/627 153/153/391 596/568/389
f 353/685/626 596/568/389 41/779/94 182/182/481
f 354/686/628 217/755/591 110/110/254 242/574/400
f 354/686/628 242/574/400 153/153/391 235/235/627
f 356/688/629 193/775/501 44/774/557 355/687/630
f 356/688/629 355/687/630 156/156/631 236/236/632
f 236/236/632 156/156/631 357/689/633 358/690/634
f 357/689/633 114/114/593 221/221/596 358/690/634
f 359/691/635 238/238/636 160/160/418 249/581/416
f 359/691/635 249/581/416 62/771/143 191/191/496
f 360/692/637 223/751/603 124/124/292 255/587/427
f 360/692/637 255/587/427 160/160/418 238/238/636
f 241/241/638 361/693/639 362/694/640 163/163/641
f 361/693/639 205/765/563 66/764/566 362/694/640
f 269/601/455 79/763/173 203/203/568 363/695/642
f 269/601/455 363/695/642 239/239/643 167/167/448
f 365/697/644 128/128/607 227/227/526 364/696/645
f 365/697/644 364/696/645 241/241/638 163/163/641
f 167/167/448 239/239/643 366/698/646 264/596/444
f 366/698/646 229/747/531 139/139/347 264/596/444
f 170/170/469 274/606/467 708/348/647 305/637/533
f 274/606/467 171/171/462 367/699/648 708/348/647
f 708/348/647 367/699/648 174/828/649 368/829/650
f 305/637/533 708/348/647 368/829/650 173/792/536
f 171/171/462 270/602/459 709/349/651 367/699/648
f 270/602/459 172/172/458 307/639/539 709/349/651
f 709/349/651 307/639/539 175/175/538 369/827/652
f 367/699/648 709/349/651 369/827/652 174/828/649
f 173/173/536 368/700/650 710/350/653 336/668/600
f 368/700/650 174/174/649 370/702/654 710/350/653
f 710/350/653 370/702/654 219/219/655 371/703/656
f 336/668/600 710/350/653 371/703/656 218/218/598
f 174/174/649 369/701/652 711/351/657 370/702/654
f 369/701/652 175/791/538 338/670/604 711/351/657
f 711/351/657 338/670/604 220/220/602 372/704/658
f 370/702/654 711/351/657 372/704/658 219/219/655
f 179/179/484 281/613/482 712/352/659 310/642/544
f 281/613/482 180/180/477 373/705/660 712/352/659
f 712/352/659 373/705/660 186/822/661 374/823/662
f 310/642/544 712/352/659 374/823/662 185/784/545
f 180/180/477 277/609/474 713/353/663 373/705/660
f 277/609/474 181/181/473 312/644/549 713/353/663
f 713/353/663 312/644/549 187/187/550 375/821/664
f 373/705/660 713/353/663 375/821/664 186/822/661
f 185/185/545 374/706/662 714/354/665 324/656/579
f 374/706/662 186/186/661 376/708/666 714/354/665
f 714/354/665 376/708/666 207/207/667 377/709/668
f 324/656/579 714/354/665 377/709/668 206/206/569
f 186/186/661 375/707/664 715/355/669 376/708/666
f 375/707/664 187/781/550 326/658/580 715/355/669
f 715/355/669 326/658/580 208/208/577 378/710/670
f 376/708/666 715/355/669 378/710/670 207/207/667
f 188/188/499 288/620/497 716/356/671 314/646/553
f 288/620/497 189/189/492 379/711/672 716/356/671
f 716/356/671 379/711/672 195/816/673 380/817/674
f 314/646/553 716/356/671 380/817/674 194/776/554
f 189/189/492 284/616/489 717/357/675 379/711/672
f 284/616/489 190/190/488 316/648/558 717/357/675
f 717/357/675 316/648/558 196/196/559 381/815/676
f 379/711/672 717/357/675 381/815/676 195/816/673
f 197/197/514 295/627/512 718/358/677 320/652/567
f 295/627/512 198/198/507 382/714/678 718/358/677
f 718/358/677 382/714/678 204/810/679 383/811/680
f 320/652/567 718/358/677 383/811/680 203/762/568
f 198/198/507 291/623/504 719/359/681 382/714/678
f 291/623/504 199/199/503 318/650/564 719/359/681
f 719/359/681 318/650/564 205/205/563 384/809/682
f 382/714/678 719/359/681 384/809/682 204/810/679
f 200/200/511 293/625/510 720/360/683 330/662/588
f 293/625/510 201/201/509 385/717/684 720/360/683
f 720/360/683 385/717/684 213/213/685 386/718/686
f 330/662/588 720/360/683 386/718/686 212/212/586
f 201/201/509 297/629/517 721/361/687 385/717/684
f 297/629/517 202/767/516 332/664/592 721/361/687
f 721/361/687 332/664/592 214/214/590 387/719/688
f 385/717/684 721/361/687 387/719/688 213/213/685
f 203/203/568 383/715/680 722/362/689 363/695/642
f 383/715/680 204/204/679 388/720/690 722/362/689
f 722/362/689 388/720/690 240/240/691 389/721/692
f 363/695/642 722/362/689 389/721/692 239/239/643
f 204/204/679 384/716/682 723/363/693 388/720/690
f 384/716/682 205/765/563 361/693/639 723/363/693
f 723/363/693 361/693/639 241/241/638 390/722/694
f 388/720/690 723/363/693 390/722/694 240/240/691
f 206/206/569 377/709/668 724/364/695 321/653/570
f 377/709/668 207/207/667 391/723/696 724/364/695
f 724/364/695 391/723/696 210/804/697 392/805/698
f 321/653/570 724/364/695 392/805/698 209/760/573
f 207/207/667 378/710/670 725/365/699 391/723/696
f 378/710/670 208/208/577 323/655/576 725/365/699
f 725/365/699 323/655/576 211/211/575 393/803/700
f 391/723/696 725/365/699 393/803/700 210/804/697
f 209/209/573 392/724/698 726/366/701 346/678/618
f 392/724/698 210/210/697 394/726/702 726/366/701
f 726/366/701 394/726/702 231/231/703 395/727/704
f 346/678/618 726/366/701 395/727/704 230/230/611
f 210/210/697 393/725/700 727/367/705 394/726/702
f 393/725/700 211/759/575 348/680/619 727/367/705
f 727/367/705 348/680/619 232/232/616 396/728/706
f 394/726/702 727/367/705 396/728/706 231/231/703
f 212/212/586 386/718/686 728/368/707 328/660/583
f 386/718/686 213/213/685 397/729/708 728/368/707
f 728/368/707 397/729/708 216/801/709 398/802/710
f 328/660/583 728/368/707 398/802/710 215/756/584
f 213/213/685 387/719/688 729/369/711 397/729/708
f 387/719/688 214/214/590 331/663/589 729/369/711
f 729/369/711 331/663/589 217/217/591 399/800/712
f 397/729/708 729/369/711 399/800/712 216/801/709
f 215/215/584 398/730/710 730/370/713 352/684/625
f 398/730/710 216/216/709 400/732/714 730/370/713
f 730/370/713 400/732/714 234/234/715 401/733/716
f 352/684/625 730/370/713 401/733/716 233/233/623
f 216/216/709 399/731/712 731/371/717 400/732/714
f 399/731/712 217/755/591 354/686/628 731/371/717
f 731/371/717 354/686/628 235/235/627 402/734/718
f 400/732/714 731/371/717 402/734/718 234/234/715
f 218/218/598 371/703/656 732/372/719 334/666/595
f 371/703/656 219/219/655 403/735/720 732/372/719
f 732/372/719 403/735/720 222/798/721 404/799/722
f 334/666/595 732/372/719 404/799/722 221/752/596
f 219/219/655 372/704/658 733/373/723 403/735/720
f 372/704/658 220/220/602 337/669/601 733/373/723
f 733/373/723 337/669/601 223/223/603 405/797/724
f 403/735/720 733/373/723 405/797/724 222/798/721
f 221/221/596 404/736/722 734/374/725 358/690/634
f 404/736/722 222/222/721 406/738/726 734/374/725
f 734/374/725 406/738/726 237/237/727 407/739/728
f 358/690/634 734/374/725 407/739/728 236/236/632
f 222/222/721 405/737/724 735/375/729 406/738/726
f 405/737/724 223/751/603 360/692/637 735/375/729
f 735/375/729 360/692/637 238/238/636 408/740/730
f 406/738/726 735/375/729 408/740/730 237/237/727
f 194/194/554 380/712/674 736/376/731 340/672/609
f 380/712/674 195/195/673 409/741/732 736/376/731
f 736/376/731 409/741/732 225/225/522 298/630/519
f 340/672/609 736/376/731 298/630/519 226/226/518
f 195/195/673 381/713/676 737/377/733 409/741/732
f 381/713/676 196/773/559 342/674/610 737/377/733
f 737/377/733 342/674/610 224/224/529 302/634/527
f 409/741/732 737/377/733 302/634/527 225/225/522
f 176/176/466 272/604/465 738/378/734 345/677/615
f 272/604/465 177/177/464 410/742/735 738/378/734
f 738/378/734 410/742/735 231/231/703 396/728/706
f 345/677/615 738/378/734 396/728/706 232/232/616
f 177/177/464 276/608/472 739/379/736 410/742/735
f 276/608/472 178/789/471 343/675/612 739/379/736
f 739/379/736 343/675/612 230/230/611 395/727/704
f 410/742/735 739/379/736 395/727/704 231/231/703
f 182/182/481 279/611/480 740/380/737 353/685/626
f 279/611/480 183/183/479 411/743/738 740/380/737
f 740/380/737 411/743/738 234/234/715 402/734/718
f 353/685/626 740/380/737 402/734/718 235/235/627
f 183/183/479 283/615/487 741/381/739 411/743/738
f 283/615/487 184/783/486 350/682/620 741/381/739
f 741/381/739 350/682/620 233/233/623 401/733/716
f 411/743/738 741/381/739 401/733/716 234/234/715
f 191/191/496 286/618/495 742/382/740 359/691/635
f 286/618/495 192/192/494 412/744/741 742/382/740
f 742/382/740 412/744/741 237/237/727 408/740/730
f 359/691/635 742/382/740 408/740/730 238/238/636
f 192/192/494 290/622/502 743/383/742 412/744/741
f 290/622/502 193/775/501 356/688/629 743/383/742
f 743/383/742 356/688/629 236/236/632 407/739/728
f 412/744/741 743/383/742 407/739/728 237/237/727
f 227/227/526 300/632/525 744/384/743 364/696/645
f 300/632/525 228/228/524 413/745/744 744/384/743
f 744/384/743 413/745/744 240/240/691 390/722/694
f 364/696/645 744/384/743 390/722/694 241/241/638
f 228/228/524 304/636/532 745/385/745 413/745/744
f 304/636/532 229/747/531 366/698/646 745/385/745
f 745/385/745 366/698/646 239/239/643 389/721/692
f 413/745/744 745/385/745 389/721/692 240/240/691
