# Blender 4.3.2
# www.blender.org
mtllib quadSphere.mtl
o Cube
v -0.484640 -0.484640 0.484640
v -0.484640 0.484640 0.484640
v -0.484640 -0.484640 -0.484640
v -0.484640 0.484640 -0.484640
v 0.484640 -0.484640 0.484640
v 0.484640 0.484640 0.484640
v 0.484640 -0.484640 -0.484640
v 0.484640 0.484640 -0.484640
v -0.549176 -0.549176 -0.289487
v -0.580187 -0.580187 -0.000000
v -0.549176 -0.549176 0.289487
v -0.549176 -0.289487 0.549176
v -0.580187 0.000000 0.580187
v -0.549176 0.289487 0.549176
v -0.549176 0.549176 0.289487
v -0.580187 0.580187 0.000000
v -0.549176 0.549176 -0.289487
v -0.549176 0.289487 -0.549176
v -0.580187 0.000000 -0.580187
v -0.549176 -0.289487 -0.549176
v 0.289487 -0.549176 -0.549176
v 0.000000 -0.580187 -0.580187
v -0.289487 -0.549176 -0.549176
v -0.289487 0.549176 -0.549176
v -0.000000 0.580187 -0.580187
v 0.289487 0.549176 -0.549176
v 0.549176 0.289487 -0.549176
v 0.580187 0.000000 -0.580187
v 0.549176 -0.289487 -0.549176
v 0.549176 -0.549176 0.289487
v 0.580187 -0.580187 0.000000
v 0.549176 -0.549176 -0.289487
v 0.549176 0.549176 -0.289487
v 0.580187 0.580187 0.000000
v 0.549176 0.549176 0.289487
v 0.549176 0.289487 0.549176
v 0.580187 0.000000 0.580187
v 0.549176 -0.289487 0.549176
v -0.289487 -0.549176 0.549176
v -0.000000 -0.580187 0.580187
v 0.289487 -0.549176 0.549176
v 0.289487 0.549176 0.549176
v -0.000000 0.580187 0.580187
v -0.289487 0.549176 0.549176
v -0.696127 -0.304972 0.304972
v -0.745750 -0.000000 0.317879
v -0.696127 0.304972 0.304972
v -0.745750 -0.317879 -0.000000
v -0.801592 0.000000 0.000000
v -0.745750 0.317879 0.000000
v -0.696127 -0.304972 -0.304972
v -0.745750 0.000000 -0.317879
v -0.696127 0.304972 -0.304972
v -0.304972 -0.304972 -0.696127
v -0.317879 -0.000000 -0.745750
v -0.304972 0.304972 -0.696127
v 0.000000 -0.317879 -0.745750
v 0.000000 0.000000 -0.801592
v -0.000000 0.317879 -0.745750
v 0.304972 -0.304972 -0.696127
v 0.317879 0.000000 -0.745750
v 0.304972 0.304972 -0.696127
v 0.696127 -0.304972 -0.304972
v 0.745750 -0.000000 -0.317879
v 0.696127 0.304972 -0.304972
v 0.745750 -0.317879 0.000000
v 0.801592 0.000000 0.000000
v 0.745750 0.317879 -0.000000
v 0.696127 -0.304972 0.304972
v 0.745750 0.000000 0.317879
v 0.696127 0.304972 0.304972
v 0.304972 -0.304972 0.696127
v 0.317879 -0.000000 0.745750
v 0.304972 0.304972 0.696127
v -0.000000 -0.317879 0.745750
v -0.000000 0.000000 0.801592
v 0.000000 0.317879 0.745750
v -0.304972 -0.304972 0.696127
v -0.317879 0.000000 0.745750
v -0.304972 0.304972 0.696127
v -0.304972 -0.696127 -0.304972
v -0.000000 -0.745750 -0.317879
v 0.304972 -0.696127 -0.304972
v -0.317879 -0.745750 0.000000
v -0.000000 -0.801592 0.000000
v 0.317879 -0.745750 0.000000
v -0.304972 -0.696127 0.304972
v 0.000000 -0.745750 0.317879
v 0.304972 -0.696127 0.304972
v 0.304972 0.696127 -0.304972
v 0.000000 0.745750 -0.317879
v -0.304972 0.696127 -0.304972
v 0.317879 0.745750 0.000000
v 0.000000 0.801592 0.000000
v -0.317879 0.745750 0.000000
v 0.304972 0.696127 0.304972
v -0.000000 0.745750 0.317879
v -0.304972 0.696127 0.304972
v -0.498807 -0.498807 -0.453898
v -0.516572 -0.516572 -0.407702
v -0.533765 -0.533765 -0.352137
v -0.562033 -0.562033 -0.221599
v -0.571803 -0.571803 -0.149868
v -0.578012 -0.578012 -0.075575
v -0.578012 -0.578012 0.075575
v -0.571803 -0.571803 0.149868
v -0.562033 -0.562033 0.221599
v -0.533765 -0.533765 0.352137
v -0.516572 -0.516572 0.407702
v -0.498807 -0.498807 0.453898
v -0.498807 -0.453898 0.498807
v -0.516572 -0.407702 0.516572
v -0.533765 -0.352137 0.533765
v -0.562033 -0.221599 0.562033
v -0.571803 -0.149868 0.571803
v -0.578012 -0.075575 0.578012
v -0.578012 0.075575 0.578012
v -0.571803 0.149868 0.571803
v -0.562033 0.221599 0.562033
v -0.533765 0.352137 0.533765
v -0.516572 0.407702 0.516572
v -0.498807 0.453898 0.498807
v -0.498807 0.498807 0.453898
v -0.516572 0.516572 0.407702
v -0.533765 0.533765 0.352137
v -0.562033 0.562033 0.221599
v -0.571803 0.571803 0.149868
v -0.578012 0.578012 0.075575
v -0.578012 0.578012 -0.075575
v -0.571803 0.571803 -0.149868
v -0.562033 0.562033 -0.221599
v -0.533765 0.533765 -0.352137
v -0.516572 0.516572 -0.407702
v -0.498807 0.498807 -0.453898
v -0.498807 0.453898 -0.498807
v -0.516572 0.407702 -0.516572
v -0.533765 0.352137 -0.533765
v -0.562033 0.221599 -0.562033
v -0.571803 0.149868 -0.571803
v -0.578012 0.075575 -0.578012
v -0.578012 -0.075575 -0.578012
v -0.571803 -0.149868 -0.571803
v -0.562033 -0.221599 -0.562033
v -0.533765 -0.352137 -0.533765
v -0.516572 -0.407702 -0.516572
v -0.498807 -0.453898 -0.498807
v 0.453898 -0.498807 -0.498807
v 0.407702 -0.516572 -0.516572
v 0.352137 -0.533765 -0.533765
v 0.221599 -0.562033 -0.562033
v 0.149868 -0.571803 -0.571803
v 0.075575 -0.578012 -0.578012
v -0.075575 -0.578012 -0.578012
v -0.149868 -0.571803 -0.571803
v -0.221599 -0.562033 -0.562033
v -0.352137 -0.533765 -0.533765
v -0.407702 -0.516572 -0.516572
v -0.453898 -0.498807 -0.498807
v -0.453898 0.498807 -0.498807
v -0.407702 0.516572 -0.516572
v -0.352137 0.533765 -0.533765
v -0.221599 0.562033 -0.562033
v -0.149868 0.571803 -0.571803
v -0.075575 0.578012 -0.578012
v 0.075575 0.578012 -0.578012
v 0.149868 0.571803 -0.571803
v 0.221599 0.562033 -0.562033
v 0.352137 0.533765 -0.533765
v 0.407702 0.516572 -0.516572
v 0.453898 0.498807 -0.498807
v 0.498807 0.453898 -0.498807
v 0.516572 0.407702 -0.516572
v 0.533765 0.352137 -0.533765
v 0.562033 0.221599 -0.562033
v 0.571803 0.149868 -0.571803
v 0.578012 0.075575 -0.578012
v 0.578012 -0.075575 -0.578012
v 0.571803 -0.149868 -0.571803
v 0.562033 -0.221599 -0.562033
v 0.533765 -0.352137 -0.533765
v 0.516572 -0.407702 -0.516572
v 0.498807 -0.453898 -0.498807
v 0.498806 -0.498806 0.453898
v 0.516572 -0.516572 0.407702
v 0.533765 -0.533765 0.352137
v 0.562033 -0.562033 0.221599
v 0.571803 -0.571803 0.149868
v 0.578012 -0.578012 0.075575
v 0.578012 -0.578012 -0.075575
v 0.571803 -0.571803 -0.149868
v 0.562033 -0.562033 -0.221599
v 0.533765 -0.533765 -0.352137
v 0.516572 -0.516572 -0.407702
v 0.498807 -0.498807 -0.453898
v 0.498807 0.498807 -0.453898
v 0.516572 0.516572 -0.407702
v 0.533765 0.533765 -0.352137
v 0.562033 0.562033 -0.221599
v 0.571803 0.571803 -0.149868
v 0.578012 0.578012 -0.075575
v 0.578012 0.578012 0.075575
v 0.571803 0.571803 0.149868
v 0.562033 0.562033 0.221599
v 0.533765 0.533765 0.352137
v 0.516572 0.516572 0.407702
v 0.498807 0.498807 0.453898
v 0.498807 0.453898 0.498807
v 0.516572 0.407702 0.516572
v 0.533765 0.352137 0.533765
v 0.562033 0.221599 0.562033
v 0.571803 0.149868 0.571803
v 0.578012 0.075575 0.578012
v 0.578012 -0.075575 0.578012
v 0.571803 -0.149868 0.571803
v 0.562033 -0.221599 0.562033
v 0.533765 -0.352137 0.533765
v 0.516572 -0.407702 0.516572
v 0.498807 -0.453898 0.498807
v -0.453898 -0.498807 0.498807
v -0.407702 -0.516572 0.516572
v -0.352137 -0.533765 0.533765
v -0.221599 -0.562033 0.562033
v -0.149868 -0.571803 0.571803
v -0.075575 -0.578012 0.578012
v 0.075575 -0.578012 0.578012
v 0.149868 -0.571803 0.571803
v 0.221599 -0.562033 0.562033
v 0.352137 -0.533765 0.533765
v 0.407702 -0.516572 0.516572
v 0.453898 -0.498807 0.498807
v 0.453898 0.498807 0.498807
v 0.407702 0.516572 0.516572
v 0.352137 0.533765 0.533765
v 0.221599 0.562033 0.562033
v 0.149868 0.571803 0.571803
v 0.075575 0.578012 0.578012
v -0.075575 0.578012 0.578012
v -0.149868 0.571803 0.571803
v -0.221599 0.562033 0.562033
v -0.352137 0.533765 0.533765
v -0.407702 0.516572 0.516572
v -0.453898 0.498807 0.498807
v -0.717651 -0.232261 0.309983
v -0.733179 -0.156523 0.314087
v -0.742587 -0.078766 0.316860
v -0.742587 0.078766 0.316860
v -0.733179 0.156523 0.314087
v -0.717651 0.232261 0.309983
v -0.717651 -0.309983 0.232261
v -0.733179 -0.314087 0.156523
v -0.742587 -0.316860 0.078766
v -0.770150 -0.000000 0.241559
v -0.787604 0.000000 0.162540
v -0.798092 0.000000 0.081720
v -0.717651 0.309983 0.232261
v -0.733179 0.314087 0.156523
v -0.742587 0.316860 0.078766
v -0.770150 -0.241559 0.000000
v -0.787604 -0.162540 0.000000
v -0.798092 -0.081720 0.000000
v -0.798092 0.081720 0.000000
v -0.787604 0.162540 0.000000
v -0.770150 0.241559 0.000000
v -0.742587 -0.316860 -0.078766
v -0.733179 -0.314087 -0.156523
v -0.717651 -0.309983 -0.232261
v -0.798092 0.000000 -0.081720
v -0.787604 0.000000 -0.162540
v -0.770150 0.000000 -0.241559
v -0.742587 0.316860 -0.078766
v -0.733179 0.314087 -0.156523
v -0.717651 0.309983 -0.232261
v -0.717651 -0.232261 -0.309983
v -0.733179 -0.156523 -0.314087
v -0.742587 -0.078766 -0.316860
v -0.742587 0.078766 -0.316860
v -0.733179 0.156523 -0.314087
v -0.717651 0.232261 -0.309983
v -0.595394 -0.290908 0.496458
v -0.635164 -0.294567 0.437751
v -0.668678 -0.299558 0.373705
v -0.631539 0.000000 0.522494
v -0.676332 0.000000 0.459072
v -0.714442 0.000000 0.390630
v -0.595394 0.290908 0.496458
v -0.635164 0.294567 0.437751
v -0.668678 0.299558 0.373705
v -0.595394 0.496458 0.290908
v -0.635164 0.437751 0.294567
v -0.668678 0.373705 0.299558
v -0.631539 0.522494 0.000000
v -0.676332 0.459072 0.000000
v -0.714442 0.390630 -0.000000
v -0.595394 0.496458 -0.290908
v -0.635164 0.437751 -0.294567
v -0.668678 0.373705 -0.299558
v -0.595394 0.290908 -0.496458
v -0.635164 0.294567 -0.437751
v -0.668678 0.299558 -0.373705
v -0.631539 0.000000 -0.522494
v -0.676332 0.000000 -0.459072
v -0.714442 -0.000000 -0.390630
v -0.595394 -0.290908 -0.496458
v -0.635164 -0.294567 -0.437751
v -0.668678 -0.299558 -0.373705
v -0.595394 -0.496458 -0.290908
v -0.635164 -0.437751 -0.294567
v -0.668678 -0.373705 -0.299558
v -0.631539 -0.522494 -0.000000
v -0.676332 -0.459072 -0.000000
v -0.714442 -0.390630 -0.000000
v -0.595394 -0.496458 0.290908
v -0.635164 -0.437751 0.294567
v -0.668678 -0.373705 0.299558
v -0.309983 -0.232261 -0.717651
v -0.314087 -0.156523 -0.733179
v -0.316860 -0.078766 -0.742587
v -0.316860 0.078766 -0.742587
v -0.314087 0.156523 -0.733179
v -0.309983 0.232261 -0.717651
v -0.232261 -0.309983 -0.717651
v -0.156523 -0.314087 -0.733179
v -0.078766 -0.316860 -0.742587
v -0.241559 -0.000000 -0.770150
v -0.162540 -0.000000 -0.787604
v -0.081720 0.000000 -0.798092
v -0.232261 0.309983 -0.717651
v -0.156523 0.314087 -0.733179
v -0.078766 0.316860 -0.742587
v 0.000000 -0.241559 -0.770150
v 0.000000 -0.162540 -0.787604
v 0.000000 -0.081720 -0.798092
v 0.000000 0.081720 -0.798092
v 0.000000 0.162540 -0.787604
v 0.000000 0.241559 -0.770150
v 0.078766 -0.316860 -0.742587
v 0.156523 -0.314087 -0.733179
v 0.232261 -0.309983 -0.717651
v 0.081720 0.000000 -0.798092
v 0.162540 0.000000 -0.787604
v 0.241559 0.000000 -0.770150
v 0.078766 0.316860 -0.742587
v 0.156523 0.314087 -0.733179
v 0.232261 0.309983 -0.717651
v 0.309983 -0.232261 -0.717651
v 0.314087 -0.156523 -0.733179
v 0.316860 -0.078766 -0.742587
v 0.316860 0.078766 -0.742587
v 0.314087 0.156523 -0.733179
v 0.309983 0.232261 -0.717651
v -0.496458 -0.290908 -0.595394
v -0.437751 -0.294567 -0.635164
v -0.373705 -0.299558 -0.668678
v -0.522494 0.000000 -0.631539
v -0.459072 0.000000 -0.676332
v -0.390630 -0.000000 -0.714442
v -0.496458 0.290908 -0.595394
v -0.437751 0.294567 -0.635164
v -0.373705 0.299558 -0.668678
v -0.290908 0.496458 -0.595394
v -0.294567 0.437751 -0.635164
v -0.299558 0.373705 -0.668678
v -0.000000 0.522494 -0.631539
v 0.000000 0.459072 -0.676332
v 0.000000 0.390630 -0.714442
v 0.290908 0.496458 -0.595394
v 0.294567 0.437751 -0.635164
v 0.299558 0.373705 -0.668678
v 0.496458 0.290908 -0.595394
v 0.437751 0.294567 -0.635164
v 0.373705 0.299558 -0.668678
v 0.522494 0.000000 -0.631539
v 0.459072 0.000000 -0.676332
v 0.390630 0.000000 -0.714442
v 0.496458 -0.290908 -0.595394
v 0.437751 -0.294567 -0.635164
v 0.373705 -0.299558 -0.668678
v 0.290908 -0.496458 -0.595394
v 0.294567 -0.437751 -0.635164
v 0.299558 -0.373705 -0.668678
v 0.000000 -0.522494 -0.631539
v 0.000000 -0.459072 -0.676332
v 0.000000 -0.390630 -0.714442
v -0.290908 -0.496458 -0.595394
v -0.294567 -0.437751 -0.635164
v -0.299558 -0.373705 -0.668678
v 0.717651 -0.232261 -0.309983
v 0.733179 -0.156523 -0.314087
v 0.742587 -0.078766 -0.316860
v 0.742587 0.078766 -0.316860
v 0.733179 0.156523 -0.314087
v 0.717651 0.232261 -0.309983
v 0.717651 -0.309983 -0.232261
v 0.733179 -0.314087 -0.156523
v 0.742587 -0.316860 -0.078766
v 0.770150 -0.000000 -0.241559
v 0.787604 -0.000000 -0.162540
v 0.798092 0.000000 -0.081720
v 0.717651 0.309983 -0.232261
v 0.733179 0.314087 -0.156523
v 0.742587 0.316860 -0.078766
v 0.770150 -0.241559 0.000000
v 0.787604 -0.162540 0.000000
v 0.798092 -0.081720 0.000000
v 0.798092 0.081720 0.000000
v 0.787604 0.162540 0.000000
v 0.770150 0.241559 0.000000
v 0.742587 -0.316860 0.078766
v 0.733179 -0.314087 0.156523
v 0.717651 -0.309983 0.232261
v 0.798092 0.000000 0.081720
v 0.787604 0.000000 0.162540
v 0.770150 0.000000 0.241559
v 0.742587 0.316860 0.078766
v 0.733179 0.314087 0.156523
v 0.717651 0.309983 0.232261
v 0.717651 -0.232261 0.309983
v 0.733179 -0.156523 0.314087
v 0.742587 -0.078766 0.316860
v 0.742587 0.078766 0.316860
v 0.733179 0.156523 0.314087
v 0.717651 0.232261 0.309983
v 0.595394 -0.290908 -0.496458
v 0.635164 -0.294567 -0.437751
v 0.668678 -0.299558 -0.373705
v 0.631539 0.000000 -0.522494
v 0.676332 0.000000 -0.459072
v 0.714442 -0.000000 -0.390630
v 0.595394 0.290908 -0.496458
v 0.635164 0.294567 -0.437751
v 0.668678 0.299558 -0.373705
v 0.595394 0.496458 -0.290908
v 0.635164 0.437751 -0.294567
v 0.668678 0.373705 -0.299558
v 0.631539 0.522494 0.000000
v 0.676332 0.459072 0.000000
v 0.714442 0.390630 0.000000
v 0.595394 0.496458 0.290908
v 0.635164 0.437751 0.294567
v 0.668678 0.373705 0.299558
v 0.595394 0.290908 0.496458
v 0.635164 0.294567 0.437751
v 0.668678 0.299558 0.373705
v 0.631539 0.000000 0.522494
v 0.676332 0.000000 0.459072
v 0.714442 0.000000 0.390630
v 0.595394 -0.290908 0.496458
v 0.635164 -0.294567 0.437751
v 0.668678 -0.299558 0.373705
v 0.595394 -0.496458 0.290908
v 0.635164 -0.437751 0.294567
v 0.668678 -0.373705 0.299558
v 0.631539 -0.522494 0.000000
v 0.676332 -0.459072 0.000000
v 0.714442 -0.390630 0.000000
v 0.595394 -0.496458 -0.290908
v 0.635164 -0.437751 -0.294567
v 0.668678 -0.373705 -0.299558
v 0.309983 -0.232261 0.717651
v 0.314087 -0.156523 0.733179
v 0.316860 -0.078766 0.742587
v 0.316860 0.078766 0.742587
v 0.314087 0.156523 0.733179
v 0.309983 0.232261 0.717651
v 0.232261 -0.309983 0.717651
v 0.156523 -0.314087 0.733179
v 0.078766 -0.316860 0.742587
v 0.241559 -0.000000 0.770150
v 0.162540 -0.000000 0.787604
v 0.081720 0.000000 0.798092
v 0.232261 0.309983 0.717651
v 0.156523 0.314087 0.733179
v 0.078766 0.316860 0.742587
v -0.000000 -0.241559 0.770150
v -0.000000 -0.162540 0.787604
v -0.000000 -0.081720 0.798092
v -0.000000 0.081720 0.798092
v -0.000000 0.162540 0.787604
v -0.000000 0.241559 0.770150
v -0.078766 -0.316860 0.742587
v -0.156523 -0.314087 0.733179
v -0.232261 -0.309983 0.717651
v -0.081720 0.000000 0.798092
v -0.162540 0.000000 0.787604
v -0.241559 0.000000 0.770150
v -0.078766 0.316860 0.742587
v -0.156523 0.314087 0.733179
v -0.232261 0.309983 0.717651
v -0.309983 -0.232261 0.717651
v -0.314087 -0.156523 0.733179
v -0.316860 -0.078766 0.742587
v -0.316860 0.078766 0.742587
v -0.314087 0.156523 0.733179
v -0.309983 0.232261 0.717651
v 0.496458 -0.290908 0.595394
v 0.437751 -0.294567 0.635164
v 0.373705 -0.299558 0.668678
v 0.522494 0.000000 0.631539
v 0.459072 0.000000 0.676332
v 0.390630 -0.000000 0.714442
v 0.496458 0.290908 0.595394
v 0.437751 0.294567 0.635164
v 0.373705 0.299558 0.668678
v 0.290908 0.496458 0.595394
v 0.294567 0.437751 0.635164
v 0.299558 0.373705 0.668678
v -0.000000 0.522494 0.631539
v -0.000000 0.459072 0.676332
v -0.000000 0.390630 0.714442
v -0.290908 0.496458 0.595394
v -0.294567 0.437751 0.635164
v -0.299558 0.373705 0.668678
v -0.496458 0.290908 0.595394
v -0.437751 0.294567 0.635164
v -0.373705 0.299558 0.668678
v -0.522494 0.000000 0.631539
v -0.459072 0.000000 0.676332
v -0.390630 0.000000 0.714443
v -0.496458 -0.290908 0.595394
v -0.437751 -0.294567 0.635164
v -0.373705 -0.299558 0.668678
v -0.290908 -0.496458 0.595394
v -0.294567 -0.437751 0.635164
v -0.299558 -0.373705 0.668678
v -0.000000 -0.522494 0.631539
v -0.000000 -0.459072 0.676332
v -0.000000 -0.390630 0.714442
v 0.290908 -0.496458 0.595394
v 0.294567 -0.437751 0.635164
v 0.299558 -0.373705 0.668678
v -0.232261 -0.717651 -0.309983
v -0.156523 -0.733179 -0.314087
v -0.078766 -0.742587 -0.316860
v 0.078766 -0.742587 -0.316860
v 0.156523 -0.733179 -0.314087
v 0.232261 -0.717651 -0.309983
v -0.309983 -0.717651 -0.232261
v -0.314087 -0.733179 -0.156523
v -0.316860 -0.742587 -0.078766
v -0.000000 -0.770150 -0.241559
v -0.000000 -0.787604 -0.162540
v -0.000000 -0.798092 -0.081720
v 0.309983 -0.717651 -0.232261
v 0.314087 -0.733179 -0.156523
v 0.316860 -0.742587 -0.078766
v -0.241559 -0.770150 0.000000
v -0.162540 -0.787604 0.000000
v -0.081720 -0.798092 0.000000
v 0.081720 -0.798092 0.000000
v 0.162540 -0.787604 -0.000000
v 0.241559 -0.770150 0.000000
v -0.316860 -0.742587 0.078766
v -0.314087 -0.733179 0.156523
v -0.309983 -0.717651 0.232261
v 0.000000 -0.798092 0.081720
v 0.000000 -0.787604 0.162540
v 0.000000 -0.770150 0.241559
v 0.316860 -0.742587 0.078766
v 0.314087 -0.733179 0.156523
v 0.309983 -0.717651 0.232261
v -0.232261 -0.717651 0.309983
v -0.156523 -0.733179 0.314087
v -0.078766 -0.742587 0.316860
v 0.078766 -0.742587 0.316860
v 0.156523 -0.733179 0.314087
v 0.232261 -0.717651 0.309983
v -0.290908 -0.595394 -0.496458
v -0.294567 -0.635164 -0.437751
v -0.299558 -0.668678 -0.373705
v 0.000000 -0.631539 -0.522494
v 0.000000 -0.676332 -0.459072
v 0.000000 -0.714442 -0.390630
v 0.290908 -0.595394 -0.496458
v 0.294567 -0.635164 -0.437751
v 0.299558 -0.668678 -0.373705
v 0.496458 -0.595394 -0.290908
v 0.437751 -0.635164 -0.294567
v 0.373705 -0.668678 -0.299558
v 0.522494 -0.631539 0.000000
v 0.459072 -0.676332 0.000000
v 0.390630 -0.714442 0.000000
v 0.496458 -0.595394 0.290908
v 0.437751 -0.635164 0.294567
v 0.373705 -0.668678 0.299558
v 0.290908 -0.595394 0.496458
v 0.294567 -0.635164 0.437751
v 0.299558 -0.668678 0.373705
v -0.000000 -0.631539 0.522494
v 0.000000 -0.676332 0.459072
v 0.000000 -0.714443 0.390630
v -0.290908 -0.595394 0.496458
v -0.294567 -0.635164 0.437751
v -0.299558 -0.668678 0.373705
v -0.496458 -0.595394 0.290908
v -0.437751 -0.635164 0.294567
v -0.373705 -0.668678 0.299558
v -0.522494 -0.631539 -0.000000
v -0.459072 -0.676332 -0.000000
v -0.390630 -0.714442 0.000000
v -0.496458 -0.595394 -0.290908
v -0.437751 -0.635164 -0.294567
v -0.373705 -0.668678 -0.299558
v 0.232261 0.717651 -0.309983
v 0.156523 0.733179 -0.314087
v 0.078766 0.742587 -0.316860
v -0.078766 0.742587 -0.316860
v -0.156523 0.733179 -0.314087
v -0.232261 0.717651 -0.309983
v 0.309983 0.717651 -0.232261
v 0.314087 0.733179 -0.156523
v 0.316860 0.742587 -0.078766
v 0.000000 0.770150 -0.241559
v 0.000000 0.787604 -0.162540
v 0.000000 0.798092 -0.081720
v -0.309983 0.717651 -0.232261
v -0.314087 0.733179 -0.156523
v -0.316860 0.742587 -0.078766
v 0.241559 0.770150 0.000000
v 0.162540 0.787604 0.000000
v 0.081720 0.798092 0.000000
v -0.081720 0.798092 0.000000
v -0.162540 0.787604 0.000000
v -0.241559 0.770150 0.000000
v 0.316860 0.742587 0.078766
v 0.314087 0.733179 0.156523
v 0.309983 0.717651 0.232261
v -0.000000 0.798092 0.081720
v -0.000000 0.787604 0.162540
v -0.000000 0.770150 0.241559
v -0.316860 0.742587 0.078766
v -0.314087 0.733179 0.156523
v -0.309983 0.717651 0.232261
v 0.232261 0.717651 0.309983
v 0.156523 0.733179 0.314087
v 0.078766 0.742587 0.316860
v -0.078766 0.742587 0.316860
v -0.156523 0.733179 0.314087
v -0.232261 0.717651 0.309983
v 0.290908 0.595394 -0.496458
v 0.294567 0.635164 -0.437751
v 0.299558 0.668678 -0.373705
v -0.000000 0.631539 -0.522494
v 0.000000 0.676332 -0.459072
v 0.000000 0.714442 -0.390630
v -0.290908 0.595394 -0.496458
v -0.294567 0.635164 -0.437751
v -0.299558 0.668678 -0.373705
v -0.496458 0.595394 -0.290908
v -0.437751 0.635164 -0.294567
v -0.373705 0.668678 -0.299558
v -0.522494 0.631539 0.000000
v -0.459072 0.676332 0.000000
v -0.390630 0.714442 0.000000
v -0.496458 0.595394 0.290908
v -0.437751 0.635164 0.294567
v -0.373705 0.668678 0.299558
v -0.290908 0.595394 0.496458
v -0.294567 0.635164 0.437751
v -0.299558 0.668678 0.373705
v -0.000000 0.631539 0.522494
v -0.000000 0.676332 0.459072
v -0.000000 0.714443 0.390630
v 0.290908 0.595394 0.496458
v 0.294567 0.635164 0.437751
v 0.299558 0.668678 0.373705
v 0.496458 0.595394 0.290908
v 0.437751 0.635164 0.294567
v 0.373705 0.668678 0.299558
v 0.522494 0.631539 0.000000
v 0.459072 0.676332 0.000000
v 0.390630 0.714442 0.000000
v 0.496458 0.595394 -0.290908
v 0.437751 0.635164 -0.294567
v 0.373705 0.668678 -0.299558
v -0.740517 -0.235819 0.235819
v -0.756934 -0.158799 0.238781
v -0.766834 -0.079876 0.240808
v -0.756934 -0.238781 0.158799
v -0.773948 -0.160719 0.160719
v -0.784184 -0.080819 0.162045
v -0.766834 -0.240808 0.079876
v -0.784184 -0.162045 0.080819
v -0.794611 -0.081474 0.081474
v -0.766835 0.079876 0.240808
v -0.756934 0.158799 0.238781
v -0.740517 0.235819 0.235819
v -0.784184 0.080819 0.162045
v -0.773948 0.160719 0.160719
v -0.756935 0.238781 0.158799
v -0.794611 0.081474 0.081474
v -0.784184 0.162045 0.080819
v -0.766834 0.240808 0.079876
v -0.766835 -0.240808 -0.079876
v -0.784184 -0.162045 -0.080819
v -0.794611 -0.081474 -0.081474
v -0.756934 -0.238781 -0.158799
v -0.773948 -0.160719 -0.160719
v -0.784184 -0.080819 -0.162045
v -0.740517 -0.235819 -0.235819
v -0.756934 -0.158799 -0.238781
v -0.766835 -0.079876 -0.240808
v -0.794611 0.081474 -0.081474
v -0.784184 0.162045 -0.080819
v -0.766835 0.240808 -0.079876
v -0.784184 0.080819 -0.162045
v -0.773948 0.160719 -0.160719
v -0.756934 0.238781 -0.158799
v -0.766835 0.079876 -0.240808
v -0.756934 0.158799 -0.238781
v -0.740517 0.235819 -0.235819
v -0.529333 -0.459464 0.459464
v -0.554702 -0.410881 0.471118
v -0.576691 -0.354190 0.484076
v -0.554702 -0.471118 0.410881
v -0.586520 -0.418533 0.418533
v -0.613175 -0.359390 0.428055
v -0.576691 -0.484076 0.354190
v -0.613175 -0.428055 0.359390
v -0.643702 -0.366327 0.366327
v -0.610607 -0.222563 0.507082
v -0.621969 -0.150462 0.515303
v -0.629080 -0.075857 0.520611
v -0.652716 -0.225059 0.446309
v -0.665632 -0.152007 0.453057
v -0.673606 -0.076594 0.457483
v -0.688388 -0.228490 0.380386
v -0.702724 -0.154146 0.385755
v -0.711478 -0.077619 0.389331
v -0.629080 0.075857 0.520611
v -0.621969 0.150462 0.515303
v -0.610607 0.222563 0.507082
v -0.673606 0.076594 0.457483
v -0.665632 0.152007 0.453057
v -0.652716 0.225059 0.446309
v -0.711478 0.077619 0.389331
v -0.702724 0.154146 0.385755
v -0.688388 0.228490 0.380386
v -0.576691 0.354190 0.484076
v -0.554702 0.410882 0.471118
v -0.529333 0.459464 0.459464
v -0.613175 0.359390 0.428055
v -0.586520 0.418533 0.418533
v -0.554702 0.471118 0.410881
v -0.643702 0.366327 0.366327
v -0.613175 0.428055 0.359390
v -0.576691 0.484077 0.354190
v -0.688388 0.380386 0.228490
v -0.652716 0.446309 0.225059
v -0.610607 0.507082 0.222563
v -0.702724 0.385755 0.154146
v -0.665632 0.453057 0.152007
v -0.621969 0.515303 0.150462
v -0.711478 0.389331 0.077619
v -0.673606 0.457483 0.076594
v -0.629080 0.520611 0.075857
v -0.711478 0.389331 -0.077619
v -0.673606 0.457483 -0.076594
v -0.629080 0.520611 -0.075857
v -0.702724 0.385755 -0.154146
v -0.665632 0.453057 -0.152007
v -0.621969 0.515303 -0.150462
v -0.688388 0.380386 -0.228490
v -0.652716 0.446309 -0.225059
v -0.610607 0.507082 -0.222563
v -0.643702 0.366327 -0.366327
v -0.613175 0.428055 -0.359390
v -0.576691 0.484077 -0.354190
v -0.613175 0.359390 -0.428055
v -0.586520 0.418533 -0.418533
v -0.554702 0.471118 -0.410881
v -0.576691 0.354190 -0.484076
v -0.554702 0.410881 -0.471118
v -0.529333 0.459464 -0.459464
v -0.711478 0.077619 -0.389331
v -0.702724 0.154146 -0.385755
v -0.688388 0.228490 -0.380386
v -0.673606 0.076594 -0.457482
v -0.665632 0.152007 -0.453057
v -0.652716 0.225059 -0.446309
v -0.629080 0.075857 -0.520611
v -0.621969 0.150462 -0.515303
v -0.610607 0.222563 -0.507082
v -0.688388 -0.228490 -0.380386
v -0.702724 -0.154146 -0.385755
v -0.711478 -0.077619 -0.389331
v -0.652716 -0.225059 -0.446309
v -0.665632 -0.152007 -0.453057
v -0.673606 -0.076594 -0.457482
v -0.610607 -0.222563 -0.507082
v -0.621969 -0.150462 -0.515303
v -0.629080 -0.075857 -0.520611
v -0.576691 -0.484077 -0.354190
v -0.613175 -0.428055 -0.359390
v -0.643702 -0.366327 -0.366327
v -0.554702 -0.471118 -0.410881
v -0.586520 -0.418533 -0.418533
v -0.613175 -0.359390 -0.428055
v -0.529333 -0.459464 -0.459464
v -0.554702 -0.410882 -0.471118
v -0.576691 -0.354190 -0.484076
v -0.629080 -0.520611 -0.075857
v -0.673606 -0.457483 -0.076594
v -0.711478 -0.389331 -0.077619
v -0.621969 -0.515303 -0.150462
v -0.665632 -0.453057 -0.152007
v -0.702724 -0.385755 -0.154146
v -0.610607 -0.507082 -0.222563
v -0.652716 -0.446309 -0.225059
v -0.688388 -0.380386 -0.228490
v -0.610607 -0.507082 0.222563
v -0.652716 -0.446309 0.225059
v -0.688388 -0.380386 0.228490
v -0.621969 -0.515303 0.150462
v -0.665632 -0.453057 0.152007
v -0.702724 -0.385755 0.154146
v -0.629080 -0.520611 0.075857
v -0.673606 -0.457483 0.076594
v -0.711478 -0.389331 0.077619
v -0.235819 -0.235819 -0.740517
v -0.238781 -0.158799 -0.756934
v -0.240808 -0.079876 -0.766834
v -0.158799 -0.238781 -0.756934
v -0.160719 -0.160719 -0.773948
v -0.162045 -0.080819 -0.784184
v -0.079876 -0.240808 -0.766834
v -0.080819 -0.162045 -0.784184
v -0.081474 -0.081474 -0.794611
v -0.240808 0.079876 -0.766835
v -0.238781 0.158799 -0.756934
v -0.235819 0.235819 -0.740517
v -0.162045 0.080819 -0.784184
v -0.160719 0.160719 -0.773948
v -0.158799 0.238781 -0.756934
v -0.081474 0.081474 -0.794611
v -0.080819 0.162045 -0.784184
v -0.079876 0.240808 -0.766834
v 0.079876 -0.240808 -0.766835
v 0.080819 -0.162045 -0.784184
v 0.081474 -0.081474 -0.794611
v 0.158799 -0.238781 -0.756934
v 0.160719 -0.160719 -0.773948
v 0.162045 -0.080819 -0.784184
v 0.235819 -0.235819 -0.740517
v 0.238781 -0.158799 -0.756934
v 0.240808 -0.079876 -0.766835
v 0.081474 0.081474 -0.794611
v 0.080819 0.162045 -0.784184
v 0.079876 0.240808 -0.766835
v 0.162045 0.080819 -0.784184
v 0.160719 0.160719 -0.773948
v 0.158799 0.238781 -0.756934
v 0.240808 0.079876 -0.766835
v 0.238781 0.158799 -0.756934
v 0.235819 0.235819 -0.740517
v -0.459464 -0.459464 -0.529333
v -0.471118 -0.410882 -0.554702
v -0.484076 -0.354190 -0.576691
v -0.410881 -0.471118 -0.554702
v -0.418533 -0.418533 -0.586520
v -0.428055 -0.359390 -0.613175
v -0.354190 -0.484076 -0.576691
v -0.359390 -0.428055 -0.613175
v -0.366327 -0.366327 -0.643702
v -0.507082 -0.222563 -0.610607
v -0.515303 -0.150462 -0.621969
v -0.520611 -0.075857 -0.629080
v -0.446309 -0.225059 -0.652716
v -0.453057 -0.152007 -0.665632
v -0.457483 -0.076594 -0.673606
v -0.380386 -0.228490 -0.688388
v -0.385755 -0.154146 -0.702724
v -0.389331 -0.077619 -0.711478
v -0.520611 0.075857 -0.629080
v -0.515303 0.150462 -0.621969
v -0.507082 0.222563 -0.610607
v -0.457482 0.076594 -0.673606
v -0.453057 0.152007 -0.665632
v -0.446309 0.225059 -0.652717
v -0.389331 0.077619 -0.711478
v -0.385755 0.154146 -0.702724
v -0.380386 0.228490 -0.688388
v -0.484076 0.354190 -0.576691
v -0.471118 0.410881 -0.554702
v -0.459464 0.459464 -0.529333
v -0.428055 0.359390 -0.613175
v -0.418533 0.418533 -0.586520
v -0.410881 0.471118 -0.554702
v -0.366327 0.366327 -0.643702
v -0.359390 0.428055 -0.613175
v -0.354190 0.484077 -0.576691
v -0.228490 0.380386 -0.688388
v -0.225059 0.446309 -0.652716
v -0.222563 0.507082 -0.610607
v -0.154146 0.385755 -0.702724
v -0.152007 0.453057 -0.665632
v -0.150462 0.515303 -0.621969
v -0.077619 0.389331 -0.711478
v -0.076594 0.457483 -0.673606
v -0.075857 0.520611 -0.629080
v 0.077619 0.389331 -0.711478
v 0.076594 0.457483 -0.673606
v 0.075857 0.520611 -0.629080
v 0.154146 0.385755 -0.702724
v 0.152007 0.453057 -0.665632
v 0.150462 0.515303 -0.621969
v 0.228490 0.380386 -0.688388
v 0.225059 0.446309 -0.652716
v 0.222563 0.507082 -0.610607
v 0.366327 0.366327 -0.643702
v 0.359390 0.428055 -0.613175
v 0.354190 0.484076 -0.576691
v 0.428055 0.359390 -0.613175
v 0.418533 0.418533 -0.586520
v 0.410881 0.471118 -0.554702
v 0.484076 0.354190 -0.576691
v 0.471118 0.410881 -0.554702
v 0.459464 0.459464 -0.529333
v 0.389331 0.077619 -0.711478
v 0.385755 0.154146 -0.702724
v 0.380386 0.228490 -0.688388
v 0.457482 0.076594 -0.673606
v 0.453057 0.152007 -0.665632
v 0.446309 0.225059 -0.652716
v 0.520611 0.075857 -0.629080
v 0.515303 0.150462 -0.621969
v 0.507082 0.222563 -0.610607
v 0.380386 -0.228490 -0.688388
v 0.385755 -0.154146 -0.702724
v 0.389331 -0.077619 -0.711478
v 0.446309 -0.225059 -0.652716
v 0.453057 -0.152007 -0.665632
v 0.457482 -0.076594 -0.673606
v 0.507082 -0.222563 -0.610607
v 0.515303 -0.150462 -0.621969
v 0.520611 -0.075857 -0.629080
v 0.354190 -0.484077 -0.576691
v 0.359390 -0.428055 -0.613175
v 0.366327 -0.366327 -0.643702
v 0.410881 -0.471118 -0.554702
v 0.418533 -0.418533 -0.586520
v 0.428055 -0.359390 -0.613175
v 0.459464 -0.459464 -0.529333
v 0.471118 -0.410882 -0.554702
v 0.484076 -0.354190 -0.576691
v 0.075857 -0.520611 -0.629080
v 0.076594 -0.457483 -0.673606
v 0.077619 -0.389331 -0.711478
v 0.150462 -0.515303 -0.621969
v 0.152007 -0.453057 -0.665632
v 0.154146 -0.385755 -0.702724
v 0.222563 -0.507082 -0.610607
v 0.225059 -0.446309 -0.652716
v 0.228490 -0.380386 -0.688388
v -0.222563 -0.507082 -0.610607
v -0.225059 -0.446309 -0.652716
v -0.228490 -0.380386 -0.688388
v -0.150462 -0.515303 -0.621969
v -0.152007 -0.453057 -0.665632
v -0.154146 -0.385755 -0.702724
v -0.075857 -0.520611 -0.629080
v -0.076594 -0.457483 -0.673606
v -0.077619 -0.389331 -0.711478
v 0.740517 -0.235819 -0.235819
v 0.756934 -0.158799 -0.238781
v 0.766834 -0.079876 -0.240808
v 0.756934 -0.238781 -0.158799
v 0.773948 -0.160719 -0.160719
v 0.784184 -0.080819 -0.162045
v 0.766834 -0.240808 -0.079876
v 0.784184 -0.162045 -0.080819
v 0.794611 -0.081474 -0.081474
v 0.766835 0.079876 -0.240808
v 0.756934 0.158799 -0.238781
v 0.740517 0.235819 -0.235819
v 0.784184 0.080819 -0.162045
v 0.773948 0.160719 -0.160719
v 0.756934 0.238781 -0.158799
v 0.794611 0.081474 -0.081474
v 0.784184 0.162045 -0.080819
v 0.766834 0.240808 -0.079876
v 0.766835 -0.240808 0.079876
v 0.784184 -0.162045 0.080819
v 0.794611 -0.081474 0.081474
v 0.756934 -0.238781 0.158799
v 0.773948 -0.160719 0.160719
v 0.784184 -0.080819 0.162045
v 0.740517 -0.235819 0.235819
v 0.756934 -0.158799 0.238781
v 0.766835 -0.079876 0.240808
v 0.794611 0.081474 0.081474
v 0.784184 0.162045 0.080819
v 0.766835 0.240808 0.079876
v 0.784184 0.080819 0.162045
v 0.773948 0.160719 0.160719
v 0.756934 0.238781 0.158799
v 0.766835 0.079876 0.240808
v 0.756934 0.158799 0.238781
v 0.740517 0.235819 0.235819
v 0.529333 -0.459464 -0.459464
v 0.554702 -0.410882 -0.471118
v 0.576691 -0.354190 -0.484076
v 0.554702 -0.471118 -0.410881
v 0.586520 -0.418533 -0.418533
v 0.613175 -0.359390 -0.428055
v 0.576691 -0.484076 -0.354190
v 0.613175 -0.428055 -0.359390
v 0.643702 -0.366327 -0.366327
v 0.610607 -0.222563 -0.507082
v 0.621969 -0.150462 -0.515303
v 0.629080 -0.075857 -0.520611
v 0.652716 -0.225059 -0.446309
v 0.665632 -0.152007 -0.453057
v 0.673606 -0.076594 -0.457483
v 0.688388 -0.228490 -0.380386
v 0.702724 -0.154146 -0.385755
v 0.711478 -0.077619 -0.389331
v 0.629080 0.075857 -0.520611
v 0.621969 0.150462 -0.515303
v 0.610607 0.222563 -0.507082
v 0.673606 0.076594 -0.457482
v 0.665632 0.152007 -0.453057
v 0.652717 0.225059 -0.446309
v 0.711478 0.077619 -0.389331
v 0.702724 0.154146 -0.385755
v 0.688388 0.228490 -0.380386
v 0.576691 0.354190 -0.484076
v 0.554702 0.410881 -0.471118
v 0.529333 0.459464 -0.459464
v 0.613175 0.359390 -0.428055
v 0.586520 0.418533 -0.418533
v 0.554702 0.471118 -0.410881
v 0.643702 0.366327 -0.366327
v 0.613175 0.428055 -0.359390
v 0.576691 0.484076 -0.354190
v 0.688388 0.380386 -0.228490
v 0.652716 0.446309 -0.225059
v 0.610607 0.507082 -0.222563
v 0.702724 0.385755 -0.154146
v 0.665632 0.453057 -0.152007
v 0.621969 0.515303 -0.150462
v 0.711478 0.389331 -0.077619
v 0.673606 0.457482 -0.076594
v 0.629080 0.520611 -0.075857
v 0.711478 0.389331 0.077619
v 0.673606 0.457483 0.076594
v 0.629080 0.520611 0.075857
v 0.702724 0.385755 0.154146
v 0.665632 0.453057 0.152007
v 0.621969 0.515303 0.150462
v 0.688388 0.380386 0.228490
v 0.652716 0.446309 0.225059
v 0.610607 0.507082 0.222563
v 0.643702 0.366327 0.366327
v 0.613175 0.428055 0.359390
v 0.576691 0.484076 0.354190
v 0.613175 0.359390 0.428055
v 0.586520 0.418533 0.418533
v 0.554702 0.471118 0.410881
v 0.576691 0.354190 0.484076
v 0.554702 0.410881 0.471118
v 0.529333 0.459464 0.459464
v 0.711478 0.077619 0.389331
v 0.702724 0.154146 0.385755
v 0.688388 0.228490 0.380386
v 0.673606 0.076594 0.457483
v 0.665632 0.152007 0.453057
v 0.652716 0.225059 0.446309
v 0.629080 0.075857 0.520611
v 0.621969 0.150462 0.515303
v 0.610607 0.222563 0.507082
v 0.688388 -0.228490 0.380386
v 0.702724 -0.154146 0.385755
v 0.711478 -0.077619 0.389331
v 0.652716 -0.225059 0.446309
v 0.665632 -0.152007 0.453057
v 0.673606 -0.076594 0.457483
v 0.610607 -0.222563 0.507082
v 0.621969 -0.150462 0.515303
v 0.629080 -0.075857 0.520611
v 0.576691 -0.484076 0.354190
v 0.613175 -0.428055 0.359390
v 0.643702 -0.366327 0.366327
v 0.554702 -0.471118 0.410881
v 0.586520 -0.418533 0.418533
v 0.613175 -0.359390 0.428055
v 0.529333 -0.459464 0.459464
v 0.554702 -0.410881 0.471118
v 0.576691 -0.354190 0.484076
v 0.629080 -0.520611 0.075857
v 0.673606 -0.457483 0.076594
v 0.711478 -0.389331 0.077619
v 0.621969 -0.515303 0.150462
v 0.665632 -0.453057 0.152007
v 0.702724 -0.385755 0.154146
v 0.610607 -0.507082 0.222563
v 0.652716 -0.446309 0.225059
v 0.688388 -0.380386 0.228490
v 0.610607 -0.507082 -0.222563
v 0.652716 -0.446309 -0.225059
v 0.688388 -0.380386 -0.228490
v 0.621969 -0.515303 -0.150462
v 0.665632 -0.453057 -0.152007
v 0.702724 -0.385755 -0.154146
v 0.629080 -0.520611 -0.075857
v 0.673606 -0.457483 -0.076594
v 0.711478 -0.389331 -0.077619
v 0.235819 -0.235819 0.740517
v 0.238781 -0.158799 0.756934
v 0.240808 -0.079876 0.766834
v 0.158799 -0.238781 0.756934
v 0.160719 -0.160719 0.773948
v 0.162045 -0.080819 0.784184
v 0.079876 -0.240808 0.766834
v 0.080819 -0.162045 0.784184
v 0.081474 -0.081474 0.794611
v 0.240808 0.079876 0.766835
v 0.238781 0.158799 0.756934
v 0.235819 0.235819 0.740517
v 0.162045 0.080819 0.784184
v 0.160719 0.160719 0.773948
v 0.158799 0.238781 0.756934
v 0.081474 0.081474 0.794611
v 0.080819 0.162045 0.784184
v 0.079876 0.240808 0.766834
v -0.079876 -0.240808 0.766835
v -0.080819 -0.162045 0.784184
v -0.081474 -0.081474 0.794611
v -0.158799 -0.238781 0.756934
v -0.160719 -0.160719 0.773948
v -0.162045 -0.080819 0.784184
v -0.235819 -0.235819 0.740517
v -0.238781 -0.158799 0.756934
v -0.240808 -0.079876 0.766835
v -0.081474 0.081474 0.794611
v -0.080819 0.162045 0.784184
v -0.079876 0.240808 0.766835
v -0.162045 0.080819 0.784184
v -0.160719 0.160719 0.773948
v -0.158799 0.238781 0.756934
v -0.240808 0.079876 0.766835
v -0.238781 0.158799 0.756934
v -0.235819 0.235819 0.740517
v 0.459464 -0.459464 0.529333
v 0.471118 -0.410881 0.554702
v 0.484076 -0.354190 0.576691
v 0.410881 -0.471118 0.554702
v 0.418533 -0.418533 0.586520
v 0.428055 -0.359390 0.613175
v 0.354190 -0.484076 0.576691
v 0.359390 -0.428055 0.613175
v 0.366327 -0.366327 0.643702
v 0.507082 -0.222563 0.610607
v 0.515303 -0.150462 0.621969
v 0.520611 -0.075857 0.629080
v 0.446309 -0.225059 0.652716
v 0.453057 -0.152007 0.665632
v 0.457483 -0.076594 0.673606
v 0.380386 -0.228490 0.688388
v 0.385755 -0.154146 0.702724
v 0.389331 -0.077619 0.711478
v 0.520611 0.075857 0.629080
v 0.515303 0.150462 0.621969
v 0.507082 0.222563 0.610607
v 0.457482 0.076594 0.673606
v 0.453057 0.152007 0.665632
v 0.446309 0.225059 0.652717
v 0.389331 0.077619 0.711478
v 0.385755 0.154146 0.702724
v 0.380386 0.228490 0.688388
v 0.484076 0.354190 0.576691
v 0.471118 0.410881 0.554702
v 0.459464 0.459464 0.529333
v 0.428055 0.359390 0.613175
v 0.418533 0.418533 0.586520
v 0.410881 0.471118 0.554702
v 0.366327 0.366327 0.643702
v 0.359390 0.428055 0.613175
v 0.354190 0.484077 0.576691
v 0.228490 0.380386 0.688388
v 0.225059 0.446309 0.652716
v 0.222563 0.507082 0.610607
v 0.154146 0.385755 0.702724
v 0.152007 0.453057 0.665632
v 0.150462 0.515303 0.621969
v 0.077619 0.389331 0.711478
v 0.076594 0.457483 0.673606
v 0.075857 0.520611 0.629080
v -0.077619 0.389331 0.711478
v -0.076594 0.457483 0.673606
v -0.075857 0.520611 0.629080
v -0.154146 0.385755 0.702724
v -0.152007 0.453057 0.665632
v -0.150462 0.515303 0.621969
v -0.228490 0.380386 0.688388
v -0.225059 0.446309 0.652716
v -0.222563 0.507082 0.610607
v -0.366327 0.366327 0.643702
v -0.359390 0.428055 0.613175
v -0.354190 0.484077 0.576691
v -0.428055 0.359390 0.613175
v -0.418533 0.418533 0.586520
v -0.410881 0.471118 0.554702
v -0.484077 0.354190 0.576691
v -0.471118 0.410881 0.554702
v -0.459464 0.459464 0.529333
v -0.389331 0.077619 0.711478
v -0.385755 0.154146 0.702724
v -0.380386 0.228490 0.688388
v -0.457483 0.076594 0.673606
v -0.453057 0.152007 0.665632
v -0.446309 0.225059 0.652716
v -0.520611 0.075857 0.629080
v -0.515303 0.150462 0.621969
v -0.507082 0.222563 0.610607
v -0.380386 -0.228490 0.688388
v -0.385755 -0.154146 0.702724
v -0.389331 -0.077619 0.711478
v -0.446309 -0.225059 0.652716
v -0.453057 -0.152007 0.665632
v -0.457483 -0.076594 0.673606
v -0.507082 -0.222563 0.610607
v -0.515303 -0.150462 0.621969
v -0.520611 -0.075857 0.629080
v -0.354190 -0.484076 0.576691
v -0.359390 -0.428055 0.613175
v -0.366327 -0.366327 0.643702
v -0.410881 -0.471118 0.554702
v -0.418533 -0.418533 0.586520
v -0.428055 -0.359390 0.613175
v -0.459464 -0.459464 0.529333
v -0.471118 -0.410881 0.554702
v -0.484076 -0.354190 0.576691
v -0.075857 -0.520611 0.629080
v -0.076594 -0.457483 0.673606
v -0.077619 -0.389331 0.711478
v -0.150462 -0.515303 0.621969
v -0.152007 -0.453057 0.665632
v -0.154146 -0.385755 0.702724
v -0.222563 -0.507082 0.610607
v -0.225059 -0.446309 0.652716
v -0.228490 -0.380386 0.688388
v 0.222563 -0.507082 0.610607
v 0.225059 -0.446309 0.652716
v 0.228490 -0.380386 0.688388
v 0.150462 -0.515303 0.621969
v 0.152007 -0.453057 0.665632
v 0.154146 -0.385755 0.702724
v 0.075857 -0.520611 0.629080
v 0.076594 -0.457483 0.673606
v 0.077619 -0.389331 0.711478
v -0.235819 -0.740517 -0.235819
v -0.158799 -0.756934 -0.238781
v -0.079876 -0.766834 -0.240808
v -0.238781 -0.756934 -0.158799
v -0.160719 -0.773948 -0.160719
v -0.080819 -0.784184 -0.162045
v -0.240808 -0.766834 -0.079876
v -0.162045 -0.784184 -0.080819
v -0.081474 -0.794611 -0.081474
v 0.079876 -0.766835 -0.240808
v 0.158799 -0.756934 -0.238781
v 0.235819 -0.740517 -0.235819
v 0.080819 -0.784184 -0.162045
v 0.160719 -0.773948 -0.160719
v 0.238781 -0.756935 -0.158799
v 0.081474 -0.794611 -0.081474
v 0.162045 -0.784184 -0.080819
v 0.240808 -0.766834 -0.079876
v -0.240808 -0.766835 0.079876
v -0.162045 -0.784184 0.080819
v -0.081474 -0.794611 0.081474
v -0.238781 -0.756934 0.158799
v -0.160719 -0.773948 0.160719
v -0.080819 -0.784184 0.162045
v -0.235819 -0.740517 0.235819
v -0.158799 -0.756934 0.238781
v -0.079876 -0.766835 0.240808
v 0.081474 -0.794611 0.081474
v 0.162045 -0.784184 0.080819
v 0.240808 -0.766835 0.079876
v 0.080819 -0.784184 0.162045
v 0.160719 -0.773948 0.160719
v 0.238781 -0.756934 0.158799
v 0.079876 -0.766835 0.240808
v 0.158799 -0.756934 0.238781
v 0.235819 -0.740517 0.235819
v -0.459464 -0.529333 -0.459464
v -0.410881 -0.554702 -0.471118
v -0.354190 -0.576691 -0.484077
v -0.471118 -0.554702 -0.410881
v -0.418533 -0.586520 -0.418533
v -0.359390 -0.613175 -0.428055
v -0.484076 -0.576691 -0.354190
v -0.428055 -0.613175 -0.359390
v -0.366327 -0.643702 -0.366327
v -0.222563 -0.610607 -0.507082
v -0.150462 -0.621969 -0.515303
v -0.075857 -0.629080 -0.520611
v -0.225059 -0.652716 -0.446309
v -0.152007 -0.665632 -0.453057
v -0.076594 -0.673606 -0.457483
v -0.228490 -0.688388 -0.380386
v -0.154146 -0.702724 -0.385755
v -0.077619 -0.711478 -0.389331
v 0.075857 -0.629080 -0.520611
v 0.150462 -0.621969 -0.515303
v 0.222563 -0.610607 -0.507082
v 0.076594 -0.673606 -0.457483
v 0.152007 -0.665632 -0.453057
v 0.225059 -0.652716 -0.446309
v 0.077619 -0.711478 -0.389331
v 0.154146 -0.702724 -0.385755
v 0.228490 -0.688388 -0.380386
v 0.354190 -0.576691 -0.484076
v 0.410881 -0.554702 -0.471118
v 0.459464 -0.529333 -0.459464
v 0.359390 -0.613175 -0.428055
v 0.418533 -0.586520 -0.418533
v 0.471118 -0.554702 -0.410882
v 0.366327 -0.643702 -0.366327
v 0.428055 -0.613175 -0.359390
v 0.484076 -0.576691 -0.354190
v 0.380386 -0.688388 -0.228490
v 0.446309 -0.652716 -0.225059
v 0.507082 -0.610607 -0.222563
v 0.385755 -0.702724 -0.154146
v 0.453057 -0.665632 -0.152007
v 0.515303 -0.621969 -0.150462
v 0.389331 -0.711478 -0.077619
v 0.457482 -0.673606 -0.076594
v 0.520611 -0.629080 -0.075857
v 0.389331 -0.711478 0.077619
v 0.457483 -0.673606 0.076594
v 0.520611 -0.629080 0.075857
v 0.385755 -0.702724 0.154146
v 0.453057 -0.665632 0.152007
v 0.515303 -0.621969 0.150462
v 0.380386 -0.688388 0.228490
v 0.446309 -0.652716 0.225059
v 0.507082 -0.610607 0.222563
v 0.366327 -0.643702 0.366327
v 0.428055 -0.613175 0.359390
v 0.484076 -0.576691 0.354190
v 0.359390 -0.613175 0.428055
v 0.418533 -0.586520 0.418533
v 0.471118 -0.554702 0.410881
v 0.354190 -0.576691 0.484077
v 0.410881 -0.554702 0.471118
v 0.459464 -0.529333 0.459464
v 0.077619 -0.711478 0.389331
v 0.154146 -0.702724 0.385755
v 0.228490 -0.688388 0.380386
v 0.076594 -0.673606 0.457483
v 0.152007 -0.665632 0.453057
v 0.225059 -0.652716 0.446309
v 0.075857 -0.629080 0.520611
v 0.150462 -0.621969 0.515303
v 0.222563 -0.610607 0.507082
v -0.228490 -0.688388 0.380386
v -0.154146 -0.702724 0.385755
v -0.077619 -0.711478 0.389331
v -0.225059 -0.652716 0.446309
v -0.152007 -0.665632 0.453057
v -0.076594 -0.673606 0.457483
v -0.222563 -0.610607 0.507082
v -0.150462 -0.621969 0.515303
v -0.075857 -0.629080 0.520611
v -0.484076 -0.576691 0.354190
v -0.428055 -0.613175 0.359390
v -0.366327 -0.643702 0.366327
v -0.471118 -0.554702 0.410881
v -0.418533 -0.586520 0.418533
v -0.359390 -0.613175 0.428055
v -0.459464 -0.529333 0.459464
v -0.410881 -0.554702 0.471118
v -0.354190 -0.576691 0.484077
v -0.520611 -0.629080 0.075857
v -0.457483 -0.673606 0.076594
v -0.389331 -0.711478 0.077619
v -0.515303 -0.621969 0.150462
v -0.453057 -0.665632 0.152007
v -0.385755 -0.702724 0.154146
v -0.507082 -0.610607 0.222563
v -0.446309 -0.652716 0.225059
v -0.380386 -0.688388 0.228490
v -0.507082 -0.610607 -0.222563
v -0.446309 -0.652716 -0.225059
v -0.380386 -0.688388 -0.228490
v -0.515303 -0.621969 -0.150462
v -0.453057 -0.665632 -0.152007
v -0.385755 -0.702724 -0.154146
v -0.520611 -0.629080 -0.075857
v -0.457483 -0.673606 -0.076594
v -0.389331 -0.711478 -0.077619
v 0.235819 0.740517 -0.235819
v 0.158799 0.756934 -0.238781
v 0.079876 0.766835 -0.240808
v 0.238781 0.756934 -0.158799
v 0.160719 0.773948 -0.160719
v 0.080819 0.784184 -0.162045
v 0.240808 0.766834 -0.079876
v 0.162045 0.784184 -0.080819
v 0.081474 0.794611 -0.081474
v -0.079876 0.766835 -0.240808
v -0.158799 0.756934 -0.238781
v -0.235819 0.740517 -0.235819
v -0.080819 0.784184 -0.162045
v -0.160719 0.773948 -0.160719
v -0.238781 0.756934 -0.158799
v -0.081474 0.794611 -0.081474
v -0.162045 0.784184 -0.080819
v -0.240808 0.766834 -0.079876
v 0.240808 0.766835 0.079876
v 0.162045 0.784184 0.080819
v 0.081474 0.794611 0.081474
v 0.238781 0.756934 0.158799
v 0.160719 0.773948 0.160719
v 0.080819 0.784184 0.162045
v 0.235819 0.740517 0.235819
v 0.158799 0.756934 0.238781
v 0.079876 0.766835 0.240808
v -0.081474 0.794611 0.081474
v -0.162045 0.784184 0.080819
v -0.240808 0.766835 0.079876
v -0.080819 0.784184 0.162045
v -0.160719 0.773948 0.160719
v -0.238781 0.756934 0.158799
v -0.079876 0.766835 0.240808
v -0.158799 0.756934 0.238781
v -0.235819 0.740517 0.235819
v 0.459464 0.529333 -0.459464
v 0.410881 0.554702 -0.471118
v 0.354190 0.576691 -0.484076
v 0.471118 0.554702 -0.410881
v 0.418533 0.586520 -0.418533
v 0.359390 0.613175 -0.428055
v 0.484076 0.576691 -0.354190
v 0.428055 0.613175 -0.359390
v 0.366327 0.643702 -0.366327
v 0.222563 0.610607 -0.507082
v 0.150462 0.621969 -0.515303
v 0.075857 0.629080 -0.520611
v 0.225059 0.652716 -0.446309
v 0.152007 0.665632 -0.453057
v 0.076594 0.673606 -0.457483
v 0.228490 0.688388 -0.380386
v 0.154146 0.702724 -0.385755
v 0.077619 0.711478 -0.389331
v -0.075857 0.629080 -0.520611
v -0.150462 0.621969 -0.515303
v -0.222563 0.610607 -0.507082
v -0.076594 0.673606 -0.457482
v -0.152007 0.665632 -0.453057
v -0.225059 0.652716 -0.446309
v -0.077619 0.711478 -0.389331
v -0.154146 0.702724 -0.385755
v -0.228490 0.688388 -0.380385
v -0.354190 0.576691 -0.484076
v -0.410881 0.554702 -0.471118
v -0.459464 0.529333 -0.459464
v -0.359390 0.613175 -0.428055
v -0.418533 0.586520 -0.418533
v -0.471118 0.554702 -0.410881
v -0.366327 0.643702 -0.366327
v -0.428055 0.613175 -0.359390
v -0.484077 0.576691 -0.354190
v -0.380386 0.688388 -0.228490
v -0.446309 0.652716 -0.225059
v -0.507082 0.610607 -0.222563
v -0.385755 0.702724 -0.154146
v -0.453057 0.665632 -0.152007
v -0.515303 0.621969 -0.150462
v -0.389331 0.711478 -0.077619
v -0.457483 0.673606 -0.076594
v -0.520611 0.629080 -0.075857
v -0.389331 0.711478 0.077619
v -0.457483 0.673606 0.076594
v -0.520611 0.629080 0.075857
v -0.385755 0.702724 0.154146
v -0.453057 0.665632 0.152007
v -0.515303 0.621969 0.150462
v -0.380386 0.688388 0.228490
v -0.446309 0.652716 0.225059
v -0.507082 0.610607 0.222563
v -0.366327 0.643702 0.366327
v -0.428055 0.613175 0.359390
v -0.484077 0.576691 0.354190
v -0.359390 0.613175 0.428055
v -0.418533 0.586520 0.418533
v -0.471118 0.554702 0.410881
v -0.354190 0.576691 0.484077
v -0.410881 0.554702 0.471118
v -0.459464 0.529333 0.459464
v -0.077619 0.711478 0.389331
v -0.154146 0.702724 0.385755
v -0.228490 0.688388 0.380386
v -0.076594 0.673606 0.457483
v -0.152007 0.665632 0.453057
v -0.225059 0.652716 0.446309
v -0.075857 0.629080 0.520611
v -0.150462 0.621969 0.515303
v -0.222563 0.610607 0.507082
v 0.228490 0.688388 0.380386
v 0.154146 0.702724 0.385755
v 0.077619 0.711478 0.389331
v 0.225059 0.652716 0.446309
v 0.152007 0.665632 0.453057
v 0.076594 0.673606 0.457483
v 0.222563 0.610607 0.507082
v 0.150462 0.621969 0.515303
v 0.075857 0.629080 0.520611
v 0.484076 0.576691 0.354190
v 0.428055 0.613175 0.359390
v 0.366327 0.643702 0.366327
v 0.471118 0.554702 0.410881
v 0.418533 0.586520 0.418533
v 0.359390 0.613175 0.428055
v 0.459464 0.529333 0.459464
v 0.410881 0.554702 0.471118
v 0.354190 0.576691 0.484077
v 0.520611 0.629080 0.075857
v 0.457483 0.673606 0.076594
v 0.389331 0.711478 0.077619
v 0.515303 0.621969 0.150462
v 0.453057 0.665632 0.152007
v 0.385755 0.702724 0.154146
v 0.507082 0.610607 0.222563
v 0.446309 0.652716 0.225059
v 0.380386 0.688388 0.228490
v 0.507082 0.610607 -0.222563
v 0.446309 0.652716 -0.225059
v 0.380386 0.688388 -0.228490
v 0.515303 0.621969 -0.150462
v 0.453057 0.665632 -0.152007
v 0.385755 0.702724 -0.154146
v 0.520611 0.629080 -0.075857
v 0.457483 0.673606 -0.076594
v 0.389331 0.711478 -0.077619
vn -0.5774 -0.5774 0.5774
vn -0.5773 0.5774 0.5774
vn -0.5774 -0.5774 -0.5773
vn -0.5774 0.5773 -0.5773
vn 0.5774 -0.5774 0.5773
vn 0.5774 0.5774 0.5773
vn 0.5774 -0.5774 -0.5774
vn 0.5774 0.5773 -0.5774
vn -0.6758 -0.6758 -0.2943
vn -0.7071 -0.7071 -0.0000
vn -0.6758 -0.6758 0.2943
vn -0.6758 -0.2943 0.6758
vn -0.7071 -0.0000 0.7071
vn -0.6758 0.2943 0.6758
vn -0.6758 0.6758 0.2943
vn -0.7071 0.7071 -0.0000
vn -0.6758 0.6758 -0.2943
vn -0.6758 0.2943 -0.6758
vn -0.7071 -0.0000 -0.7071
vn -0.6758 -0.2943 -0.6758
vn 0.2943 -0.6758 -0.6758
vn -0.0000 -0.7071 -0.7071
vn -0.2943 -0.6758 -0.6758
vn -0.2943 0.6758 -0.6758
vn -0.0000 0.7071 -0.7071
vn 0.2943 0.6758 -0.6758
vn 0.6758 0.2943 -0.6758
vn 0.7071 -0.0000 -0.7071
vn 0.6758 -0.2943 -0.6758
vn 0.6758 -0.6758 0.2943
vn 0.7071 -0.7071 -0.0000
vn 0.6758 -0.6758 -0.2943
vn 0.6758 0.6758 -0.2943
vn 0.7071 0.7071 -0.0000
vn 0.6758 0.6758 0.2943
vn 0.6758 0.2943 0.6758
vn 0.7071 -0.0000 0.7071
vn 0.6758 -0.2943 0.6758
vn -0.2943 -0.6758 0.6758
vn -0.0000 -0.7071 0.7071
vn 0.2943 -0.6758 0.6758
vn 0.2943 0.6758 0.6758
vn -0.0000 0.7071 0.7071
vn -0.2943 0.6758 0.6758
vn -0.8843 -0.3302 0.3302
vn -0.9367 -0.0000 0.3501
vn -0.8843 0.3302 0.3302
vn -0.9367 -0.3501 -0.0000
vn -1.0000 -0.0000 -0.0000
vn -0.9367 0.3501 -0.0000
vn -0.8843 -0.3302 -0.3302
vn -0.9367 -0.0000 -0.3501
vn -0.8843 0.3302 -0.3302
vn -0.3302 -0.3302 -0.8843
vn -0.3501 -0.0000 -0.9367
vn -0.3302 0.3302 -0.8843
vn -0.0000 -0.3501 -0.9367
vn -0.0000 -0.0000 -1.0000
vn -0.0000 0.3501 -0.9367
vn 0.3302 -0.3302 -0.8843
vn 0.3501 -0.0000 -0.9367
vn 0.3302 0.3302 -0.8843
vn 0.8843 -0.3302 -0.3302
vn 0.9367 -0.0000 -0.3501
vn 0.8843 0.3302 -0.3302
vn 0.9367 -0.3501 -0.0000
vn 1.0000 -0.0000 -0.0000
vn 0.9367 0.3501 -0.0000
vn 0.8843 -0.3302 0.3302
vn 0.9367 -0.0000 0.3501
vn 0.8843 0.3302 0.3302
vn 0.3302 -0.3302 0.8843
vn 0.3501 -0.0000 0.9367
vn 0.3302 0.3302 0.8843
vn -0.0000 -0.3501 0.9367
vn -0.0000 -0.0000 1.0000
vn -0.0000 0.3501 0.9367
vn -0.3302 -0.3302 0.8843
vn -0.3501 -0.0000 0.9367
vn -0.3302 0.3302 0.8843
vn -0.3302 -0.8843 -0.3302
vn -0.0000 -0.9367 -0.3501
vn 0.3302 -0.8843 -0.3302
vn -0.3501 -0.9367 -0.0000
vn -0.0000 -1.0000 -0.0000
vn 0.3501 -0.9367 -0.0000
vn -0.3302 -0.8843 0.3302
vn -0.0000 -0.9367 0.3501
vn 0.3302 -0.8843 0.3302
vn 0.3302 0.8843 -0.3302
vn -0.0000 0.9367 -0.3501
vn -0.3302 0.8843 -0.3302
vn 0.3501 0.9367 -0.0000
vn -0.0000 1.0000 -0.0000
vn -0.3501 0.9367 -0.0000
vn 0.3302 0.8843 0.3302
vn -0.0000 0.9367 0.3501
vn -0.3302 0.8843 0.3302
vn -0.6067 -0.6067 -0.5137
vn -0.6350 -0.6350 -0.4399
vn -0.6582 -0.6582 -0.3655
vn -0.6891 -0.6891 -0.2243
vn -0.6987 -0.6987 -0.1534
vn -0.7049 -0.7049 -0.0790
vn -0.7049 -0.7049 0.0790
vn -0.6987 -0.6987 0.1534
vn -0.6891 -0.6891 0.2243
vn -0.6582 -0.6582 0.3655
vn -0.6350 -0.6350 0.4399
vn -0.6067 -0.6067 0.5137
vn -0.6067 -0.5137 0.6067
vn -0.6350 -0.4399 0.6350
vn -0.6582 -0.3655 0.6582
vn -0.6891 -0.2243 0.6891
vn -0.6987 -0.1534 0.6987
vn -0.7049 -0.0790 0.7049
vn -0.7049 0.0790 0.7049
vn -0.6987 0.1534 0.6987
vn -0.6891 0.2243 0.6891
vn -0.6582 0.3655 0.6582
vn -0.6350 0.4399 0.6350
vn -0.6067 0.5137 0.6067
vn -0.6067 0.6067 0.5137
vn -0.6350 0.6350 0.4399
vn -0.6582 0.6582 0.3655
vn -0.6891 0.6891 0.2243
vn -0.6987 0.6987 0.1534
vn -0.7049 0.7049 0.0790
vn -0.7049 0.7049 -0.0790
vn -0.6987 0.6987 -0.1534
vn -0.6891 0.6891 -0.2243
vn -0.6582 0.6582 -0.3655
vn -0.6350 0.6350 -0.4399
vn -0.6067 0.6067 -0.5137
vn -0.6067 0.5137 -0.6067
vn -0.6350 0.4399 -0.6350
vn -0.6582 0.3655 -0.6582
vn -0.6891 0.2243 -0.6891
vn -0.6987 0.1534 -0.6987
vn -0.7049 0.0790 -0.7049
vn -0.7049 -0.0790 -0.7049
vn -0.6987 -0.1534 -0.6987
vn -0.6891 -0.2243 -0.6891
vn -0.6582 -0.3655 -0.6582
vn -0.6350 -0.4399 -0.6350
vn -0.6067 -0.5137 -0.6067
vn 0.5137 -0.6067 -0.6067
vn 0.4399 -0.6350 -0.6350
vn 0.3655 -0.6582 -0.6582
vn 0.2243 -0.6891 -0.6891
vn 0.1534 -0.6987 -0.6987
vn 0.0790 -0.7049 -0.7049
vn -0.0790 -0.7049 -0.7049
vn -0.1534 -0.6987 -0.6987
vn -0.2243 -0.6891 -0.6891
vn -0.3655 -0.6582 -0.6582
vn -0.4399 -0.6350 -0.6350
vn -0.5137 -0.6067 -0.6067
vn -0.5137 0.6067 -0.6067
vn -0.4399 0.6350 -0.6350
vn -0.3655 0.6582 -0.6582
vn -0.2243 0.6891 -0.6891
vn -0.1534 0.6987 -0.6987
vn -0.0790 0.7049 -0.7049
vn 0.0790 0.7049 -0.7049
vn 0.1534 0.6987 -0.6987
vn 0.2243 0.6891 -0.6891
vn 0.3655 0.6582 -0.6582
vn 0.4399 0.6350 -0.6350
vn 0.5137 0.6067 -0.6067
vn 0.6067 0.5137 -0.6067
vn 0.6350 0.4399 -0.6350
vn 0.6582 0.3655 -0.6582
vn 0.6891 0.2243 -0.6891
vn 0.6987 0.1534 -0.6987
vn 0.7049 0.0790 -0.7049
vn 0.7049 -0.0790 -0.7049
vn 0.6987 -0.1534 -0.6987
vn 0.6891 -0.2243 -0.6891
vn 0.6582 -0.3655 -0.6582
vn 0.6350 -0.4399 -0.6350
vn 0.6067 -0.5137 -0.6067
vn 0.6067 -0.6067 0.5137
vn 0.6350 -0.6350 0.4399
vn 0.6582 -0.6582 0.3655
vn 0.6891 -0.6891 0.2243
vn 0.6987 -0.6987 0.1534
vn 0.7049 -0.7049 0.0790
vn 0.7049 -0.7049 -0.0790
vn 0.6987 -0.6987 -0.1534
vn 0.6891 -0.6891 -0.2243
vn 0.6582 -0.6582 -0.3655
vn 0.6350 -0.6350 -0.4399
vn 0.6067 -0.6067 -0.5137
vn 0.6067 0.6067 -0.5137
vn 0.6350 0.6350 -0.4399
vn 0.6582 0.6582 -0.3655
vn 0.6891 0.6891 -0.2243
vn 0.6987 0.6987 -0.1534
vn 0.7049 0.7049 -0.0790
vn 0.7049 0.7049 0.0790
vn 0.6987 0.6987 0.1534
vn 0.6891 0.6891 0.2243
vn 0.6582 0.6582 0.3655
vn 0.6350 0.6350 0.4399
vn 0.6067 0.6067 0.5137
vn 0.6067 0.5137 0.6067
vn 0.6350 0.4399 0.6350
vn 0.6582 0.3655 0.6582
vn 0.6891 0.2243 0.6891
vn 0.6987 0.1534 0.6987
vn 0.7049 0.0790 0.7049
vn 0.7049 -0.0790 0.7049
vn 0.6987 -0.1534 0.6987
vn 0.6891 -0.2243 0.6891
vn 0.6582 -0.3655 0.6582
vn 0.6350 -0.4399 0.6350
vn 0.6067 -0.5137 0.6067
vn -0.5137 -0.6067 0.6067
vn -0.4399 -0.6350 0.6350
vn -0.3655 -0.6582 0.6582
vn -0.2243 -0.6891 0.6891
vn -0.1534 -0.6987 0.6987
vn -0.0790 -0.7049 0.7049
vn 0.0790 -0.7049 0.7049
vn 0.1534 -0.6987 0.6987
vn 0.2243 -0.6891 0.6891
vn 0.3655 -0.6582 0.6582
vn 0.4399 -0.6350 0.6350
vn 0.5137 -0.6067 0.6067
vn 0.5137 0.6067 0.6067
vn 0.4399 0.6350 0.6350
vn 0.3655 0.6582 0.6582
vn 0.2243 0.6891 0.6891
vn 0.1534 0.6987 0.6987
vn 0.0790 0.7049 0.7049
vn -0.0790 0.7049 0.7049
vn -0.1534 0.6987 0.6987
vn -0.2243 0.6891 0.6891
vn -0.3655 0.6582 0.6582
vn -0.4399 0.6350 0.6350
vn -0.5137 0.6067 0.6067
vn -0.9076 -0.2472 0.3394
vn -0.9237 -0.1654 0.3456
vn -0.9334 -0.0834 0.3490
vn -0.9334 0.0834 0.3490
vn -0.9237 0.1654 0.3456
vn -0.9076 0.2472 0.3394
vn -0.9076 -0.3394 0.2472
vn -0.9237 -0.3456 0.1654
vn -0.9334 -0.3490 0.0834
vn -0.9655 -0.0000 0.2603
vn -0.9850 -0.0000 0.1723
vn -0.9963 -0.0000 0.0858
vn -0.9076 0.3394 0.2472
vn -0.9237 0.3456 0.1654
vn -0.9334 0.3490 0.0834
vn -0.9655 -0.2603 -0.0000
vn -0.9850 -0.1723 -0.0000
vn -0.9963 -0.0858 -0.0000
vn -0.9963 0.0858 -0.0000
vn -0.9850 0.1723 -0.0000
vn -0.9655 0.2603 -0.0000
vn -0.9334 -0.3490 -0.0834
vn -0.9237 -0.3456 -0.1654
vn -0.9076 -0.3394 -0.2472
vn -0.9963 -0.0000 -0.0858
vn -0.9850 -0.0000 -0.1723
vn -0.9655 -0.0000 -0.2603
vn -0.9334 0.3490 -0.0834
vn -0.9237 0.3456 -0.1654
vn -0.9076 0.3394 -0.2472
vn -0.9076 -0.2472 -0.3394
vn -0.9237 -0.1654 -0.3456
vn -0.9334 -0.0834 -0.3490
vn -0.9334 0.0834 -0.3490
vn -0.9237 0.1654 -0.3456
vn -0.9076 0.2472 -0.3394
vn -0.7493 -0.2978 0.5915
vn -0.8077 -0.3069 0.5034
vn -0.8518 -0.3187 0.4157
vn -0.7832 -0.0000 0.6218
vn -0.8466 -0.0000 0.5323
vn -0.8974 -0.0000 0.4413
vn -0.7493 0.2978 0.5915
vn -0.8077 0.3069 0.5034
vn -0.8518 0.3187 0.4157
vn -0.7493 0.5915 0.2978
vn -0.8077 0.5034 0.3069
vn -0.8518 0.4157 0.3187
vn -0.7832 0.6218 -0.0000
vn -0.8466 0.5323 -0.0000
vn -0.8974 0.4413 -0.0000
vn -0.7493 0.5915 -0.2978
vn -0.8077 0.5034 -0.3069
vn -0.8518 0.4157 -0.3187
vn -0.7493 0.2978 -0.5915
vn -0.8077 0.3069 -0.5034
vn -0.8518 0.3187 -0.4157
vn -0.7832 -0.0000 -0.6218
vn -0.8466 -0.0000 -0.5323
vn -0.8974 -0.0000 -0.4413
vn -0.7493 -0.2978 -0.5915
vn -0.8077 -0.3069 -0.5034
vn -0.8518 -0.3187 -0.4157
vn -0.7493 -0.5915 -0.2978
vn -0.8077 -0.5034 -0.3069
vn -0.8518 -0.4157 -0.3187
vn -0.7832 -0.6218 -0.0000
vn -0.8466 -0.5323 -0.0000
vn -0.8974 -0.4413 -0.0000
vn -0.7493 -0.5915 0.2978
vn -0.8077 -0.5034 0.3069
vn -0.8518 -0.4157 0.3187
vn -0.3394 -0.2472 -0.9076
vn -0.3456 -0.1654 -0.9237
vn -0.3490 -0.0834 -0.9334
vn -0.3490 0.0834 -0.9334
vn -0.3456 0.1654 -0.9237
vn -0.3394 0.2472 -0.9076
vn -0.2472 -0.3394 -0.9076
vn -0.1654 -0.3456 -0.9237
vn -0.0834 -0.3490 -0.9334
vn -0.2603 -0.0000 -0.9655
vn -0.1723 -0.0000 -0.9850
vn -0.0858 -0.0000 -0.9963
vn -0.2472 0.3394 -0.9076
vn -0.1654 0.3456 -0.9237
vn -0.0834 0.3490 -0.9334
vn -0.0000 -0.2603 -0.9655
vn -0.0000 -0.1723 -0.9850
vn -0.0000 -0.0858 -0.9963
vn -0.0000 0.0858 -0.9963
vn -0.0000 0.1723 -0.9850
vn -0.0000 0.2603 -0.9655
vn 0.0834 -0.3490 -0.9334
vn 0.1654 -0.3456 -0.9237
vn 0.2472 -0.3394 -0.9076
vn 0.0858 -0.0000 -0.9963
vn 0.1723 -0.0000 -0.9850
vn 0.2603 -0.0000 -0.9655
vn 0.0834 0.3490 -0.9334
vn 0.1654 0.3456 -0.9237
vn 0.2472 0.3394 -0.9076
vn 0.3394 -0.2472 -0.9076
vn 0.3456 -0.1654 -0.9237
vn 0.3490 -0.0834 -0.9334
vn 0.3490 0.0834 -0.9334
vn 0.3456 0.1654 -0.9237
vn 0.3394 0.2472 -0.9076
vn -0.5915 -0.2978 -0.7493
vn -0.5034 -0.3069 -0.8077
vn -0.4157 -0.3187 -0.8518
vn -0.6218 -0.0000 -0.7832
vn -0.5323 -0.0000 -0.8466
vn -0.4413 -0.0000 -0.8974
vn -0.5915 0.2978 -0.7493
vn -0.5034 0.3069 -0.8077
vn -0.4157 0.3187 -0.8518
vn -0.2978 0.5915 -0.7493
vn -0.3069 0.5034 -0.8077
vn -0.3187 0.4157 -0.8518
vn -0.0000 0.6218 -0.7832
vn -0.0000 0.5323 -0.8466
vn -0.0000 0.4413 -0.8974
vn 0.2978 0.5915 -0.7493
vn 0.3069 0.5034 -0.8077
vn 0.3187 0.4157 -0.8518
vn 0.5915 0.2978 -0.7493
vn 0.5034 0.3069 -0.8077
vn 0.4157 0.3187 -0.8518
vn 0.6218 -0.0000 -0.7832
vn 0.5323 -0.0000 -0.8466
vn 0.4413 -0.0000 -0.8974
vn 0.5915 -0.2978 -0.7493
vn 0.5034 -0.3069 -0.8077
vn 0.4157 -0.3187 -0.8518
vn 0.2978 -0.5915 -0.7493
vn 0.3069 -0.5034 -0.8077
vn 0.3187 -0.4157 -0.8518
vn -0.0000 -0.6218 -0.7832
vn -0.0000 -0.5323 -0.8466
vn -0.0000 -0.4413 -0.8974
vn -0.2978 -0.5915 -0.7493
vn -0.3069 -0.5034 -0.8077
vn -0.3187 -0.4157 -0.8518
vn 0.9076 -0.2472 -0.3394
vn 0.9237 -0.1654 -0.3456
vn 0.9334 -0.0834 -0.3490
vn 0.9334 0.0834 -0.3490
vn 0.9237 0.1654 -0.3456
vn 0.9076 0.2472 -0.3394
vn 0.9076 -0.3394 -0.2472
vn 0.9237 -0.3456 -0.1654
vn 0.9334 -0.3490 -0.0834
vn 0.9655 -0.0000 -0.2603
vn 0.9850 -0.0000 -0.1723
vn 0.9963 -0.0000 -0.0858
vn 0.9076 0.3394 -0.2472
vn 0.9237 0.3456 -0.1654
vn 0.9334 0.3490 -0.0834
vn 0.9655 -0.2603 -0.0000
vn 0.9850 -0.1723 -0.0000
vn 0.9963 -0.0858 -0.0000
vn 0.9963 0.0858 -0.0000
vn 0.9850 0.1723 -0.0000
vn 0.9655 0.2603 -0.0000
vn 0.9334 -0.3490 0.0834
vn 0.9237 -0.3456 0.1654
vn 0.9076 -0.3394 0.2472
vn 0.9963 -0.0000 0.0858
vn 0.9850 -0.0000 0.1723
vn 0.9655 -0.0000 0.2603
vn 0.9334 0.3490 0.0834
vn 0.9237 0.3456 0.1654
vn 0.9076 0.3394 0.2472
vn 0.9076 -0.2472 0.3394
vn 0.9237 -0.1654 0.3456
vn 0.9334 -0.0834 0.3490
vn 0.9334 0.0834 0.3490
vn 0.9237 0.1654 0.3456
vn 0.9076 0.2472 0.3394
vn 0.7493 -0.2978 -0.5915
vn 0.8077 -0.3069 -0.5034
vn 0.8518 -0.3187 -0.4157
vn 0.7832 -0.0000 -0.6218
vn 0.8466 -0.0000 -0.5323
vn 0.8974 -0.0000 -0.4413
vn 0.7493 0.2978 -0.5915
vn 0.8077 0.3069 -0.5034
vn 0.8518 0.3187 -0.4157
vn 0.7493 0.5915 -0.2978
vn 0.8077 0.5034 -0.3069
vn 0.8518 0.4157 -0.3187
vn 0.7832 0.6218 -0.0000
vn 0.8466 0.5323 -0.0000
vn 0.8974 0.4413 -0.0000
vn 0.7493 0.5915 0.2978
vn 0.8077 0.5034 0.3069
vn 0.8518 0.4157 0.3187
vn 0.7493 0.2978 0.5915
vn 0.8077 0.3069 0.5034
vn 0.8518 0.3187 0.4157
vn 0.7832 -0.0000 0.6218
vn 0.8466 -0.0000 0.5323
vn 0.8974 -0.0000 0.4413
vn 0.7493 -0.2978 0.5915
vn 0.8077 -0.3069 0.5034
vn 0.8518 -0.3187 0.4157
vn 0.7493 -0.5915 0.2978
vn 0.8077 -0.5034 0.3069
vn 0.8518 -0.4157 0.3187
vn 0.7832 -0.6218 -0.0000
vn 0.8466 -0.5323 -0.0000
vn 0.8974 -0.4413 -0.0000
vn 0.7493 -0.5915 -0.2978
vn 0.8077 -0.5034 -0.3069
vn 0.8518 -0.4157 -0.3187
vn 0.3394 -0.2472 0.9076
vn 0.3456 -0.1654 0.9237
vn 0.3490 -0.0834 0.9334
vn 0.3490 0.0834 0.9334
vn 0.3456 0.1654 0.9237
vn 0.3394 0.2472 0.9076
vn 0.2472 -0.3394 0.9076
vn 0.1654 -0.3456 0.9237
vn 0.0834 -0.3490 0.9334
vn 0.2603 -0.0000 0.9655
vn 0.1723 -0.0000 0.9850
vn 0.0858 -0.0000 0.9963
vn 0.2472 0.3394 0.9076
vn 0.1654 0.3456 0.9237
vn 0.0834 0.3490 0.9334
vn -0.0000 -0.2603 0.9655
vn -0.0000 -0.1723 0.9850
vn -0.0000 -0.0858 0.9963
vn -0.0000 0.0858 0.9963
vn -0.0000 0.1723 0.9850
vn -0.0000 0.2603 0.9655
vn -0.0834 -0.3490 0.9334
vn -0.1654 -0.3456 0.9237
vn -0.2472 -0.3394 0.9076
vn -0.0858 -0.0000 0.9963
vn -0.1723 -0.0000 0.9850
vn -0.2603 -0.0000 0.9655
vn -0.0834 0.3490 0.9334
vn -0.1654 0.3456 0.9237
vn -0.2472 0.3394 0.9076
vn -0.3394 -0.2472 0.9076
vn -0.3456 -0.1654 0.9237
vn -0.3490 -0.0834 0.9334
vn -0.3490 0.0834 0.9334
vn -0.3456 0.1654 0.9237
vn -0.3394 0.2472 0.9076
vn 0.5915 -0.2978 0.7493
vn 0.5034 -0.3069 0.8077
vn 0.4157 -0.3187 0.8518
vn 0.6218 -0.0000 0.7832
vn 0.5323 -0.0000 0.8466
vn 0.4413 -0.0000 0.8974
vn 0.5915 0.2978 0.7493
vn 0.5034 0.3069 0.8077
vn 0.4157 0.3187 0.8518
vn 0.2978 0.5915 0.7493
vn 0.3069 0.5034 0.8077
vn 0.3187 0.4157 0.8518
vn -0.0000 0.6218 0.7832
vn -0.0000 0.5323 0.8466
vn -0.0000 0.4413 0.8974
vn -0.2978 0.5915 0.7493
vn -0.3069 0.5034 0.8077
vn -0.3187 0.4157 0.8518
vn -0.5915 0.2978 0.7493
vn -0.5034 0.3069 0.8077
vn -0.4157 0.3187 0.8518
vn -0.6218 -0.0000 0.7832
vn -0.5323 -0.0000 0.8466
vn -0.4413 -0.0000 0.8974
vn -0.5915 -0.2978 0.7493
vn -0.5034 -0.3069 0.8077
vn -0.4157 -0.3187 0.8518
vn -0.2978 -0.5915 0.7493
vn -0.3069 -0.5034 0.8077
vn -0.3187 -0.4157 0.8518
vn -0.0000 -0.6218 0.7832
vn -0.0000 -0.5323 0.8466
vn -0.0000 -0.4413 0.8974
vn 0.2978 -0.5915 0.7493
vn 0.3069 -0.5034 0.8077
vn 0.3187 -0.4157 0.8518
vn -0.2472 -0.9076 -0.3394
vn -0.1654 -0.9237 -0.3456
vn -0.0834 -0.9334 -0.3490
vn 0.0834 -0.9334 -0.3490
vn 0.1654 -0.9237 -0.3456
vn 0.2472 -0.9076 -0.3394
vn -0.3394 -0.9076 -0.2472
vn -0.3456 -0.9237 -0.1654
vn -0.3490 -0.9334 -0.0834
vn -0.0000 -0.9655 -0.2603
vn -0.0000 -0.9850 -0.1723
vn -0.0000 -0.9963 -0.0858
vn 0.3394 -0.9076 -0.2472
vn 0.3456 -0.9237 -0.1654
vn 0.3490 -0.9334 -0.0834
vn -0.2603 -0.9655 -0.0000
vn -0.1723 -0.9850 -0.0000
vn -0.0858 -0.9963 -0.0000
vn 0.0858 -0.9963 -0.0000
vn 0.1723 -0.9850 -0.0000
vn 0.2603 -0.9655 -0.0000
vn -0.3490 -0.9334 0.0834
vn -0.3456 -0.9237 0.1654
vn -0.3394 -0.9076 0.2472
vn -0.0000 -0.9963 0.0858
vn -0.0000 -0.9850 0.1723
vn -0.0000 -0.9655 0.2603
vn 0.3490 -0.9334 0.0834
vn 0.3456 -0.9237 0.1654
vn 0.3394 -0.9076 0.2472
vn -0.2472 -0.9076 0.3394
vn -0.1654 -0.9237 0.3456
vn -0.0834 -0.9334 0.3490
vn 0.0834 -0.9334 0.3490
vn 0.1654 -0.9237 0.3456
vn 0.2472 -0.9076 0.3394
vn -0.2978 -0.7493 -0.5915
vn -0.3069 -0.8077 -0.5034
vn -0.3187 -0.8518 -0.4157
vn -0.0000 -0.7832 -0.6218
vn -0.0000 -0.8466 -0.5323
vn -0.0000 -0.8974 -0.4413
vn 0.2978 -0.7493 -0.5915
vn 0.3069 -0.8077 -0.5034
vn 0.3187 -0.8518 -0.4157
vn 0.5915 -0.7493 -0.2978
vn 0.5034 -0.8077 -0.3069
vn 0.4157 -0.8518 -0.3187
vn 0.6218 -0.7832 -0.0000
vn 0.5323 -0.8466 -0.0000
vn 0.4413 -0.8974 -0.0000
vn 0.5915 -0.7493 0.2978
vn 0.5034 -0.8077 0.3069
vn 0.4157 -0.8518 0.3187
vn 0.2978 -0.7493 0.5915
vn 0.3069 -0.8077 0.5034
vn 0.3187 -0.8518 0.4157
vn -0.0000 -0.7832 0.6218
vn -0.0000 -0.8466 0.5323
vn -0.0000 -0.8974 0.4413
vn -0.2978 -0.7493 0.5915
vn -0.3069 -0.8077 0.5034
vn -0.3187 -0.8518 0.4157
vn -0.5915 -0.7493 0.2978
vn -0.5034 -0.8077 0.3069
vn -0.4157 -0.8518 0.3187
vn -0.6218 -0.7832 -0.0000
vn -0.5323 -0.8466 -0.0000
vn -0.4413 -0.8974 -0.0000
vn -0.5915 -0.7493 -0.2978
vn -0.5034 -0.8077 -0.3069
vn -0.4157 -0.8518 -0.3187
vn 0.2472 0.9076 -0.3394
vn 0.1654 0.9237 -0.3456
vn 0.0834 0.9334 -0.3490
vn -0.0834 0.9334 -0.3490
vn -0.1654 0.9237 -0.3456
vn -0.2472 0.9076 -0.3394
vn 0.3394 0.9076 -0.2472
vn 0.3456 0.9237 -0.1654
vn 0.3490 0.9334 -0.0834
vn -0.0000 0.9655 -0.2603
vn -0.0000 0.9850 -0.1723
vn -0.0000 0.9963 -0.0858
vn -0.3394 0.9076 -0.2472
vn -0.3456 0.9237 -0.1654
vn -0.3490 0.9334 -0.0834
vn 0.2603 0.9655 -0.0000
vn 0.1723 0.9850 -0.0000
vn 0.0858 0.9963 -0.0000
vn -0.0858 0.9963 -0.0000
vn -0.1723 0.9850 -0.0000
vn -0.2603 0.9655 -0.0000
vn 0.3490 0.9334 0.0834
vn 0.3456 0.9237 0.1654
vn 0.3394 0.9076 0.2472
vn -0.0000 0.9963 0.0858
vn -0.0000 0.9850 0.1723
vn -0.0000 0.9655 0.2603
vn -0.3490 0.9334 0.0834
vn -0.3456 0.9237 0.1654
vn -0.3394 0.9076 0.2472
vn 0.2472 0.9076 0.3394
vn 0.1654 0.9237 0.3456
vn 0.0834 0.9334 0.3490
vn -0.0834 0.9334 0.3490
vn -0.1654 0.9237 0.3456
vn -0.2472 0.9076 0.3394
vn 0.2978 0.7493 -0.5915
vn 0.3069 0.8077 -0.5034
vn 0.3187 0.8518 -0.4157
vn -0.0000 0.7832 -0.6218
vn -0.0000 0.8466 -0.5323
vn -0.0000 0.8974 -0.4413
vn -0.2978 0.7493 -0.5915
vn -0.3069 0.8077 -0.5034
vn -0.3187 0.8518 -0.4157
vn -0.5915 0.7493 -0.2978
vn -0.5034 0.8077 -0.3069
vn -0.4157 0.8518 -0.3187
vn -0.6218 0.7832 -0.0000
vn -0.5323 0.8466 -0.0000
vn -0.4413 0.8974 -0.0000
vn -0.5915 0.7493 0.2978
vn -0.5034 0.8077 0.3069
vn -0.4157 0.8518 0.3187
vn -0.2978 0.7493 0.5915
vn -0.3069 0.8077 0.5034
vn -0.3187 0.8518 0.4157
vn -0.0000 0.7832 0.6218
vn -0.0000 0.8466 0.5323
vn -0.0000 0.8974 0.4413
vn 0.2978 0.7493 0.5915
vn 0.3069 0.8077 0.5034
vn 0.3187 0.8518 0.4157
vn 0.5915 0.7493 0.2978
vn 0.5034 0.8077 0.3069
vn 0.4157 0.8518 0.3187
vn 0.6218 0.7832 -0.0000
vn 0.5323 0.8466 -0.0000
vn 0.4413 0.8974 -0.0000
vn 0.5915 0.7493 -0.2978
vn 0.5034 0.8077 -0.3069
vn 0.4157 0.8518 -0.3187
vn -0.9337 -0.2532 0.2532
vn -0.9515 -0.1687 0.2573
vn -0.9620 -0.0845 0.2596
vn -0.9515 -0.2573 0.1687
vn -0.9704 -0.1708 0.1708
vn -0.9814 -0.0853 0.1719
vn -0.9620 -0.2596 0.0845
vn -0.9814 -0.1719 0.0853
vn -0.9926 -0.0857 0.0857
vn -0.9620 0.0845 0.2596
vn -0.9515 0.1687 0.2573
vn -0.9337 0.2532 0.2532
vn -0.9814 0.0853 0.1719
vn -0.9704 0.1708 0.1708
vn -0.9515 0.2573 0.1687
vn -0.9926 0.0857 0.0857
vn -0.9814 0.1719 0.0853
vn -0.9620 0.2596 0.0845
vn -0.9620 -0.2596 -0.0845
vn -0.9814 -0.1719 -0.0853
vn -0.9926 -0.0857 -0.0857
vn -0.9515 -0.2573 -0.1687
vn -0.9704 -0.1708 -0.1708
vn -0.9814 -0.0853 -0.1719
vn -0.9337 -0.2532 -0.2532
vn -0.9515 -0.1687 -0.2573
vn -0.9620 -0.0845 -0.2596
vn -0.9926 0.0857 -0.0857
vn -0.9814 0.1719 -0.0853
vn -0.9620 0.2596 -0.0845
vn -0.9814 0.0853 -0.1719
vn -0.9704 0.1708 -0.1708
vn -0.9515 0.2573 -0.1687
vn -0.9620 0.0845 -0.2596
vn -0.9515 0.1687 -0.2573
vn -0.9337 0.2532 -0.2532
vn -0.6661 -0.5274 0.5274
vn -0.7034 -0.4479 0.5520
vn -0.7301 -0.3709 0.5739
vn -0.7034 -0.5520 0.4479
vn -0.7519 -0.4662 0.4662
vn -0.7848 -0.3843 0.4862
vn -0.7301 -0.5739 0.3709
vn -0.7848 -0.4862 0.3843
vn -0.8240 -0.4006 0.4006
vn -0.7635 -0.2264 0.6048
vn -0.7740 -0.1545 0.6141
vn -0.7807 -0.0794 0.6198
vn -0.8243 -0.2321 0.5164
vn -0.8362 -0.1575 0.5253
vn -0.8438 -0.0805 0.5305
vn -0.8717 -0.2396 0.4274
vn -0.8857 -0.1614 0.4353
vn -0.8943 -0.0819 0.4398
vn -0.7807 0.0794 0.6198
vn -0.7740 0.1545 0.6141
vn -0.7635 0.2264 0.6048
vn -0.8438 0.0805 0.5305
vn -0.8362 0.1575 0.5253
vn -0.8243 0.2321 0.5164
vn -0.8943 0.0819 0.4398
vn -0.8857 0.1614 0.4353
vn -0.8717 0.2396 0.4274
vn -0.7301 0.3709 0.5739
vn -0.7034 0.4479 0.5520
vn -0.6661 0.5274 0.5274
vn -0.7848 0.3843 0.4862
vn -0.7519 0.4662 0.4662
vn -0.7034 0.5520 0.4479
vn -0.8240 0.4006 0.4006
vn -0.7848 0.4862 0.3843
vn -0.7301 0.5739 0.3709
vn -0.8717 0.4274 0.2396
vn -0.8243 0.5164 0.2321
vn -0.7635 0.6048 0.2264
vn -0.8857 0.4353 0.1614
vn -0.8362 0.5253 0.1575
vn -0.7740 0.6141 0.1545
vn -0.8943 0.4398 0.0819
vn -0.8438 0.5305 0.0805
vn -0.7807 0.6198 0.0794
vn -0.8943 0.4398 -0.0819
vn -0.8438 0.5305 -0.0805
vn -0.7807 0.6198 -0.0794
vn -0.8857 0.4353 -0.1614
vn -0.8362 0.5253 -0.1575
vn -0.7740 0.6141 -0.1545
vn -0.8717 0.4274 -0.2396
vn -0.8243 0.5164 -0.2321
vn -0.7635 0.6048 -0.2264
vn -0.8240 0.4006 -0.4006
vn -0.7848 0.4862 -0.3843
vn -0.7301 0.5739 -0.3709
vn -0.7848 0.3843 -0.4862
vn -0.7519 0.4662 -0.4662
vn -0.7034 0.5520 -0.4479
vn -0.7301 0.3709 -0.5739
vn -0.7034 0.4479 -0.5520
vn -0.6661 0.5274 -0.5274
vn -0.8943 0.0819 -0.4398
vn -0.8857 0.1614 -0.4353
vn -0.8717 0.2396 -0.4274
vn -0.8438 0.0805 -0.5305
vn -0.8362 0.1575 -0.5253
vn -0.8243 0.2321 -0.5164
vn -0.7807 0.0794 -0.6198
vn -0.7740 0.1545 -0.6141
vn -0.7635 0.2264 -0.6048
vn -0.8717 -0.2396 -0.4274
vn -0.8857 -0.1614 -0.4353
vn -0.8943 -0.0819 -0.4398
vn -0.8243 -0.2321 -0.5164
vn -0.8362 -0.1575 -0.5253
vn -0.8438 -0.0805 -0.5305
vn -0.7635 -0.2264 -0.6048
vn -0.7740 -0.1545 -0.6141
vn -0.7807 -0.0794 -0.6198
vn -0.7301 -0.5739 -0.3709
vn -0.7848 -0.4862 -0.3843
vn -0.8240 -0.4006 -0.4006
vn -0.7034 -0.5520 -0.4479
vn -0.7519 -0.4662 -0.4662
vn -0.7848 -0.3843 -0.4862
vn -0.6661 -0.5274 -0.5274
vn -0.7034 -0.4479 -0.5520
vn -0.7301 -0.3709 -0.5739
vn -0.7807 -0.6198 -0.0794
vn -0.8438 -0.5305 -0.0805
vn -0.8943 -0.4398 -0.0819
vn -0.7740 -0.6141 -0.1545
vn -0.8362 -0.5253 -0.1575
vn -0.8857 -0.4353 -0.1614
vn -0.7635 -0.6048 -0.2264
vn -0.8243 -0.5164 -0.2321
vn -0.8717 -0.4274 -0.2396
vn -0.7635 -0.6048 0.2264
vn -0.8243 -0.5164 0.2321
vn -0.8717 -0.4274 0.2396
vn -0.7740 -0.6141 0.1545
vn -0.8362 -0.5253 0.1575
vn -0.8857 -0.4353 0.1614
vn -0.7807 -0.6198 0.0794
vn -0.8438 -0.5305 0.0805
vn -0.8943 -0.4398 0.0819
vn -0.2532 -0.2532 -0.9337
vn -0.2573 -0.1687 -0.9515
vn -0.2596 -0.0845 -0.9620
vn -0.1687 -0.2573 -0.9515
vn -0.1708 -0.1708 -0.9704
vn -0.1719 -0.0853 -0.9814
vn -0.0845 -0.2596 -0.9620
vn -0.0853 -0.1719 -0.9814
vn -0.0857 -0.0857 -0.9926
vn -0.2596 0.0845 -0.9620
vn -0.2573 0.1687 -0.9515
vn -0.2532 0.2532 -0.9337
vn -0.1719 0.0853 -0.9814
vn -0.1708 0.1708 -0.9704
vn -0.1687 0.2573 -0.9515
vn -0.0857 0.0857 -0.9926
vn -0.0853 0.1719 -0.9814
vn -0.0845 0.2596 -0.9620
vn 0.0845 -0.2596 -0.9620
vn 0.0853 -0.1719 -0.9814
vn 0.0857 -0.0857 -0.9926
vn 0.1687 -0.2573 -0.9515
vn 0.1708 -0.1708 -0.9704
vn 0.1719 -0.0853 -0.9814
vn 0.2532 -0.2532 -0.9337
vn 0.2573 -0.1687 -0.9515
vn 0.2596 -0.0845 -0.9620
vn 0.0857 0.0857 -0.9926
vn 0.0853 0.1719 -0.9814
vn 0.0845 0.2596 -0.9620
vn 0.1719 0.0853 -0.9814
vn 0.1708 0.1708 -0.9704
vn 0.1687 0.2573 -0.9515
vn 0.2596 0.0845 -0.9620
vn 0.2573 0.1687 -0.9515
vn 0.2532 0.2532 -0.9337
vn -0.5274 -0.5274 -0.6661
vn -0.5520 -0.4479 -0.7034
vn -0.5739 -0.3709 -0.7301
vn -0.4479 -0.5520 -0.7034
vn -0.4662 -0.4662 -0.7519
vn -0.4862 -0.3843 -0.7848
vn -0.3709 -0.5739 -0.7301
vn -0.3843 -0.4862 -0.7848
vn -0.4006 -0.4006 -0.8240
vn -0.6048 -0.2264 -0.7635
vn -0.6141 -0.1545 -0.7740
vn -0.6198 -0.0794 -0.7807
vn -0.5164 -0.2321 -0.8243
vn -0.5253 -0.1575 -0.8362
vn -0.5305 -0.0805 -0.8438
vn -0.4274 -0.2396 -0.8717
vn -0.4353 -0.1614 -0.8857
vn -0.4398 -0.0819 -0.8943
vn -0.6198 0.0794 -0.7807
vn -0.6141 0.1545 -0.7740
vn -0.6048 0.2264 -0.7635
vn -0.5305 0.0805 -0.8438
vn -0.5253 0.1575 -0.8362
vn -0.5164 0.2321 -0.8243
vn -0.4398 0.0819 -0.8943
vn -0.4353 0.1614 -0.8857
vn -0.4274 0.2396 -0.8717
vn -0.5739 0.3709 -0.7301
vn -0.5520 0.4479 -0.7034
vn -0.5274 0.5274 -0.6661
vn -0.4862 0.3843 -0.7848
vn -0.4662 0.4662 -0.7519
vn -0.4479 0.5520 -0.7034
vn -0.4006 0.4006 -0.8240
vn -0.3843 0.4862 -0.7848
vn -0.3709 0.5739 -0.7301
vn -0.2396 0.4274 -0.8717
vn -0.2321 0.5164 -0.8243
vn -0.2264 0.6048 -0.7635
vn -0.1614 0.4353 -0.8857
vn -0.1575 0.5253 -0.8362
vn -0.1545 0.6141 -0.7740
vn -0.0819 0.4398 -0.8943
vn -0.0805 0.5305 -0.8438
vn -0.0794 0.6198 -0.7807
vn 0.0819 0.4398 -0.8943
vn 0.0805 0.5305 -0.8438
vn 0.0794 0.6198 -0.7807
vn 0.1614 0.4353 -0.8857
vn 0.1575 0.5253 -0.8362
vn 0.1545 0.6141 -0.7740
vn 0.2396 0.4274 -0.8717
vn 0.2321 0.5164 -0.8243
vn 0.2264 0.6048 -0.7635
vn 0.4006 0.4006 -0.8240
vn 0.3843 0.4862 -0.7848
vn 0.3709 0.5739 -0.7301
vn 0.4862 0.3843 -0.7848
vn 0.4662 0.4662 -0.7519
vn 0.4479 0.5520 -0.7034
vn 0.5739 0.3709 -0.7301
vn 0.5520 0.4479 -0.7034
vn 0.5274 0.5274 -0.6661
vn 0.4398 0.0819 -0.8943
vn 0.4353 0.1614 -0.8857
vn 0.4274 0.2396 -0.8717
vn 0.5305 0.0805 -0.8438
vn 0.5253 0.1575 -0.8362
vn 0.5164 0.2321 -0.8243
vn 0.6198 0.0794 -0.7807
vn 0.6141 0.1545 -0.7740
vn 0.6048 0.2264 -0.7635
vn 0.4274 -0.2396 -0.8717
vn 0.4353 -0.1614 -0.8857
vn 0.4398 -0.0819 -0.8943
vn 0.5164 -0.2321 -0.8243
vn 0.5253 -0.1575 -0.8362
vn 0.5305 -0.0805 -0.8438
vn 0.6048 -0.2264 -0.7635
vn 0.6141 -0.1545 -0.7740
vn 0.6198 -0.0794 -0.7807
vn 0.3709 -0.5739 -0.7301
vn 0.3843 -0.4862 -0.7848
vn 0.4006 -0.4006 -0.8240
vn 0.4479 -0.5520 -0.7034
vn 0.4662 -0.4662 -0.7519
vn 0.4862 -0.3843 -0.7848
vn 0.5274 -0.5274 -0.6661
vn 0.5520 -0.4479 -0.7034
vn 0.5739 -0.3709 -0.7301
vn 0.0794 -0.6198 -0.7807
vn 0.0805 -0.5305 -0.8438
vn 0.0819 -0.4398 -0.8943
vn 0.1545 -0.6141 -0.7740
vn 0.1575 -0.5253 -0.8362
vn 0.1614 -0.4353 -0.8857
vn 0.2264 -0.6048 -0.7635
vn 0.2321 -0.5164 -0.8243
vn 0.2396 -0.4274 -0.8717
vn -0.2264 -0.6048 -0.7635
vn -0.2321 -0.5164 -0.8243
vn -0.2396 -0.4274 -0.8717
vn -0.1545 -0.6141 -0.7740
vn -0.1575 -0.5253 -0.8362
vn -0.1614 -0.4353 -0.8857
vn -0.0794 -0.6198 -0.7807
vn -0.0805 -0.5305 -0.8438
vn -0.0819 -0.4398 -0.8943
vn 0.9337 -0.2532 -0.2532
vn 0.9515 -0.1687 -0.2573
vn 0.9620 -0.0845 -0.2596
vn 0.9515 -0.2573 -0.1687
vn 0.9704 -0.1708 -0.1708
vn 0.9814 -0.0853 -0.1719
vn 0.9620 -0.2596 -0.0845
vn 0.9814 -0.1719 -0.0853
vn 0.9926 -0.0857 -0.0857
vn 0.9620 0.0845 -0.2596
vn 0.9515 0.1687 -0.2573
vn 0.9337 0.2532 -0.2532
vn 0.9814 0.0853 -0.1719
vn 0.9704 0.1708 -0.1708
vn 0.9515 0.2573 -0.1687
vn 0.9926 0.0857 -0.0857
vn 0.9814 0.1719 -0.0853
vn 0.9620 0.2596 -0.0845
vn 0.9620 -0.2596 0.0845
vn 0.9814 -0.1719 0.0853
vn 0.9926 -0.0857 0.0857
vn 0.9515 -0.2573 0.1687
vn 0.9704 -0.1708 0.1708
vn 0.9814 -0.0853 0.1719
vn 0.9337 -0.2532 0.2532
vn 0.9515 -0.1687 0.2573
vn 0.9620 -0.0845 0.2596
vn 0.9926 0.0857 0.0857
vn 0.9814 0.1719 0.0853
vn 0.9620 0.2596 0.0845
vn 0.9814 0.0853 0.1719
vn 0.9704 0.1708 0.1708
vn 0.9515 0.2573 0.1687
vn 0.9620 0.0845 0.2596
vn 0.9515 0.1687 0.2573
vn 0.9337 0.2532 0.2532
vn 0.6661 -0.5274 -0.5274
vn 0.7034 -0.4479 -0.5520
vn 0.7301 -0.3709 -0.5739
vn 0.7034 -0.5520 -0.4479
vn 0.7519 -0.4662 -0.4662
vn 0.7848 -0.3843 -0.4862
vn 0.7301 -0.5739 -0.3709
vn 0.7848 -0.4862 -0.3843
vn 0.8240 -0.4006 -0.4006
vn 0.7635 -0.2264 -0.6048
vn 0.7740 -0.1545 -0.6141
vn 0.7807 -0.0794 -0.6198
vn 0.8243 -0.2321 -0.5164
vn 0.8362 -0.1575 -0.5253
vn 0.8438 -0.0805 -0.5305
vn 0.8717 -0.2396 -0.4274
vn 0.8857 -0.1614 -0.4353
vn 0.8943 -0.0819 -0.4398
vn 0.7807 0.0794 -0.6198
vn 0.7740 0.1545 -0.6141
vn 0.7635 0.2264 -0.6048
vn 0.8438 0.0805 -0.5305
vn 0.8362 0.1575 -0.5253
vn 0.8243 0.2321 -0.5164
vn 0.8943 0.0819 -0.4398
vn 0.8857 0.1614 -0.4353
vn 0.8717 0.2396 -0.4274
vn 0.7301 0.3709 -0.5739
vn 0.7034 0.4479 -0.5520
vn 0.6661 0.5274 -0.5274
vn 0.7848 0.3843 -0.4862
vn 0.7519 0.4662 -0.4662
vn 0.7034 0.5520 -0.4479
vn 0.8240 0.4006 -0.4006
vn 0.7848 0.4862 -0.3843
vn 0.7301 0.5739 -0.3709
vn 0.8717 0.4274 -0.2396
vn 0.8243 0.5164 -0.2321
vn 0.7635 0.6048 -0.2264
vn 0.8857 0.4353 -0.1614
vn 0.8362 0.5253 -0.1575
vn 0.7740 0.6141 -0.1545
vn 0.8943 0.4398 -0.0819
vn 0.8438 0.5305 -0.0805
vn 0.7807 0.6198 -0.0794
vn 0.8943 0.4398 0.0819
vn 0.8438 0.5305 0.0805
vn 0.7807 0.6198 0.0794
vn 0.8857 0.4353 0.1614
vn 0.8362 0.5253 0.1575
vn 0.7740 0.6141 0.1545
vn 0.8717 0.4274 0.2396
vn 0.8243 0.5164 0.2321
vn 0.7635 0.6048 0.2264
vn 0.8240 0.4006 0.4006
vn 0.7848 0.4862 0.3843
vn 0.7301 0.5739 0.3709
vn 0.7848 0.3843 0.4862
vn 0.7519 0.4662 0.4662
vn 0.7034 0.5520 0.4479
vn 0.7301 0.3709 0.5739
vn 0.7034 0.4479 0.5520
vn 0.6661 0.5274 0.5274
vn 0.8943 0.0819 0.4398
vn 0.8857 0.1614 0.4353
vn 0.8717 0.2396 0.4274
vn 0.8438 0.0805 0.5305
vn 0.8362 0.1575 0.5253
vn 0.8243 0.2321 0.5164
vn 0.7807 0.0794 0.6198
vn 0.7740 0.1545 0.6141
vn 0.7635 0.2264 0.6048
vn 0.8717 -0.2396 0.4274
vn 0.8857 -0.1614 0.4353
vn 0.8943 -0.0819 0.4398
vn 0.8243 -0.2321 0.5164
vn 0.8362 -0.1575 0.5253
vn 0.8438 -0.0805 0.5305
vn 0.7635 -0.2264 0.6048
vn 0.7740 -0.1545 0.6141
vn 0.7807 -0.0794 0.6198
vn 0.7301 -0.5739 0.3709
vn 0.7848 -0.4862 0.3843
vn 0.8240 -0.4006 0.4006
vn 0.7034 -0.5520 0.4479
vn 0.7519 -0.4662 0.4662
vn 0.7848 -0.3843 0.4862
vn 0.6661 -0.5274 0.5274
vn 0.7034 -0.4479 0.5520
vn 0.7301 -0.3709 0.5739
vn 0.7807 -0.6198 0.0794
vn 0.8438 -0.5305 0.0805
vn 0.8943 -0.4398 0.0819
vn 0.7740 -0.6141 0.1545
vn 0.8362 -0.5253 0.1575
vn 0.8857 -0.4353 0.1614
vn 0.7635 -0.6048 0.2264
vn 0.8243 -0.5164 0.2321
vn 0.8717 -0.4274 0.2396
vn 0.7635 -0.6048 -0.2264
vn 0.8243 -0.5164 -0.2321
vn 0.8717 -0.4274 -0.2396
vn 0.7740 -0.6141 -0.1545
vn 0.8362 -0.5253 -0.1575
vn 0.8857 -0.4353 -0.1614
vn 0.7807 -0.6198 -0.0794
vn 0.8438 -0.5305 -0.0805
vn 0.8943 -0.4398 -0.0819
vn 0.2532 -0.2532 0.9337
vn 0.2573 -0.1687 0.9515
vn 0.2596 -0.0845 0.9620
vn 0.1687 -0.2573 0.9515
vn 0.1708 -0.1708 0.9704
vn 0.1719 -0.0853 0.9814
vn 0.0845 -0.2596 0.9620
vn 0.0853 -0.1719 0.9814
vn 0.0857 -0.0857 0.9926
vn 0.2596 0.0845 0.9620
vn 0.2573 0.1687 0.9515
vn 0.2532 0.2532 0.9337
vn 0.1719 0.0853 0.9814
vn 0.1708 0.1708 0.9704
vn 0.1687 0.2573 0.9515
vn 0.0857 0.0857 0.9926
vn 0.0853 0.1719 0.9814
vn 0.0845 0.2596 0.9620
vn -0.0845 -0.2596 0.9620
vn -0.0853 -0.1719 0.9814
vn -0.0857 -0.0857 0.9926
vn -0.1687 -0.2573 0.9515
vn -0.1708 -0.1708 0.9704
vn -0.1719 -0.0853 0.9814
vn -0.2532 -0.2532 0.9337
vn -0.2573 -0.1687 0.9515
vn -0.2596 -0.0845 0.9620
vn -0.0857 0.0857 0.9926
vn -0.0853 0.1719 0.9814
vn -0.0845 0.2596 0.9620
vn -0.1719 0.0853 0.9814
vn -0.1708 0.1708 0.9704
vn -0.1687 0.2573 0.9515
vn -0.2596 0.0845 0.9620
vn -0.2573 0.1687 0.9515
vn -0.2532 0.2532 0.9337
vn 0.5274 -0.5274 0.6661
vn 0.5520 -0.4479 0.7034
vn 0.5739 -0.3709 0.7301
vn 0.4479 -0.5520 0.7034
vn 0.4662 -0.4662 0.7519
vn 0.4862 -0.3843 0.7848
vn 0.3709 -0.5739 0.7301
vn 0.3843 -0.4862 0.7848
vn 0.4006 -0.4006 0.8240
vn 0.6048 -0.2264 0.7635
vn 0.6141 -0.1545 0.7740
vn 0.6198 -0.0794 0.7807
vn 0.5164 -0.2321 0.8243
vn 0.5253 -0.1575 0.8362
vn 0.5305 -0.0805 0.8438
vn 0.4274 -0.2396 0.8717
vn 0.4353 -0.1614 0.8857
vn 0.4398 -0.0819 0.8943
vn 0.6198 0.0794 0.7807
vn 0.6141 0.1545 0.7740
vn 0.6048 0.2264 0.7635
vn 0.5305 0.0805 0.8438
vn 0.5253 0.1575 0.8362
vn 0.5164 0.2321 0.8243
vn 0.4398 0.0819 0.8943
vn 0.4353 0.1614 0.8857
vn 0.4274 0.2396 0.8717
vn 0.5739 0.3709 0.7301
vn 0.5520 0.4479 0.7034
vn 0.5274 0.5274 0.6661
vn 0.4862 0.3843 0.7848
vn 0.4662 0.4662 0.7519
vn 0.4479 0.5520 0.7034
vn 0.4006 0.4006 0.8240
vn 0.3843 0.4862 0.7848
vn 0.3709 0.5739 0.7301
vn 0.2396 0.4274 0.8717
vn 0.2321 0.5164 0.8243
vn 0.2264 0.6048 0.7635
vn 0.1614 0.4353 0.8857
vn 0.1575 0.5253 0.8362
vn 0.1545 0.6141 0.7740
vn 0.0819 0.4398 0.8943
vn 0.0805 0.5305 0.8438
vn 0.0794 0.6198 0.7807
vn -0.0819 0.4398 0.8943
vn -0.0805 0.5305 0.8438
vn -0.0794 0.6198 0.7807
vn -0.1614 0.4353 0.8857
vn -0.1575 0.5253 0.8362
vn -0.1545 0.6141 0.7740
vn -0.2396 0.4274 0.8717
vn -0.2321 0.5164 0.8243
vn -0.2264 0.6048 0.7635
vn -0.4006 0.4006 0.8240
vn -0.3843 0.4862 0.7848
vn -0.3709 0.5739 0.7301
vn -0.4862 0.3843 0.7848
vn -0.4662 0.4662 0.7519
vn -0.4479 0.5520 0.7034
vn -0.5739 0.3709 0.7301
vn -0.5520 0.4479 0.7034
vn -0.5274 0.5274 0.6661
vn -0.4398 0.0819 0.8943
vn -0.4353 0.1614 0.8857
vn -0.4274 0.2396 0.8717
vn -0.5305 0.0805 0.8438
vn -0.5253 0.1575 0.8362
vn -0.5164 0.2321 0.8243
vn -0.6198 0.0794 0.7807
vn -0.6141 0.1545 0.7740
vn -0.6048 0.2264 0.7635
vn -0.4274 -0.2396 0.8717
vn -0.4353 -0.1614 0.8857
vn -0.4398 -0.0819 0.8943
vn -0.5164 -0.2321 0.8243
vn -0.5253 -0.1575 0.8362
vn -0.5305 -0.0805 0.8438
vn -0.6048 -0.2264 0.7635
vn -0.6141 -0.1545 0.7740
vn -0.6198 -0.0794 0.7807
vn -0.3709 -0.5739 0.7301
vn -0.3843 -0.4862 0.7848
vn -0.4006 -0.4006 0.8240
vn -0.4479 -0.5520 0.7034
vn -0.4662 -0.4662 0.7519
vn -0.4862 -0.3843 0.7848
vn -0.5274 -0.5274 0.6661
vn -0.5520 -0.4479 0.7034
vn -0.5739 -0.3709 0.7301
vn -0.0794 -0.6198 0.7807
vn -0.0805 -0.5305 0.8438
vn -0.0819 -0.4398 0.8943
vn -0.1545 -0.6141 0.7740
vn -0.1575 -0.5253 0.8362
vn -0.1614 -0.4353 0.8857
vn -0.2264 -0.6048 0.7635
vn -0.2321 -0.5164 0.8243
vn -0.2396 -0.4274 0.8717
vn 0.2264 -0.6048 0.7635
vn 0.2321 -0.5164 0.8243
vn 0.2396 -0.4274 0.8717
vn 0.1545 -0.6141 0.7740
vn 0.1575 -0.5253 0.8362
vn 0.1614 -0.4353 0.8857
vn 0.0794 -0.6198 0.7807
vn 0.0805 -0.5305 0.8438
vn 0.0819 -0.4398 0.8943
vn -0.2532 -0.9337 -0.2532
vn -0.1687 -0.9515 -0.2573
vn -0.0845 -0.9620 -0.2596
vn -0.2573 -0.9515 -0.1687
vn -0.1708 -0.9704 -0.1708
vn -0.0853 -0.9814 -0.1719
vn -0.2596 -0.9620 -0.0845
vn -0.1719 -0.9814 -0.0853
vn -0.0857 -0.9926 -0.0857
vn 0.0845 -0.9620 -0.2596
vn 0.1687 -0.9515 -0.2573
vn 0.2532 -0.9337 -0.2532
vn 0.0853 -0.9814 -0.1719
vn 0.1708 -0.9704 -0.1708
vn 0.2573 -0.9515 -0.1687
vn 0.0857 -0.9926 -0.0857
vn 0.1719 -0.9814 -0.0853
vn 0.2596 -0.9620 -0.0845
vn -0.2596 -0.9620 0.0845
vn -0.1719 -0.9814 0.0853
vn -0.0857 -0.9926 0.0857
vn -0.2573 -0.9515 0.1687
vn -0.1708 -0.9704 0.1708
vn -0.0853 -0.9814 0.1719
vn -0.2532 -0.9337 0.2532
vn -0.1687 -0.9515 0.2573
vn -0.0845 -0.9620 0.2596
vn 0.0857 -0.9926 0.0857
vn 0.1719 -0.9814 0.0853
vn 0.2596 -0.9620 0.0845
vn 0.0853 -0.9814 0.1719
vn 0.1708 -0.9704 0.1708
vn 0.2573 -0.9515 0.1687
vn 0.0845 -0.9620 0.2596
vn 0.1687 -0.9515 0.2573
vn 0.2532 -0.9337 0.2532
vn -0.5274 -0.6661 -0.5274
vn -0.4479 -0.7034 -0.5520
vn -0.3709 -0.7301 -0.5739
vn -0.5520 -0.7034 -0.4479
vn -0.4662 -0.7519 -0.4662
vn -0.3843 -0.7848 -0.4862
vn -0.5739 -0.7301 -0.3709
vn -0.4862 -0.7848 -0.3843
vn -0.4006 -0.8240 -0.4006
vn -0.2264 -0.7635 -0.6048
vn -0.1545 -0.7740 -0.6141
vn -0.0794 -0.7807 -0.6198
vn -0.2321 -0.8243 -0.5164
vn -0.1575 -0.8362 -0.5253
vn -0.0805 -0.8438 -0.5305
vn -0.2396 -0.8717 -0.4274
vn -0.1614 -0.8857 -0.4353
vn -0.0819 -0.8943 -0.4398
vn 0.0794 -0.7807 -0.6198
vn 0.1545 -0.7740 -0.6141
vn 0.2264 -0.7635 -0.6048
vn 0.0805 -0.8438 -0.5305
vn 0.1575 -0.8362 -0.5253
vn 0.2321 -0.8243 -0.5164
vn 0.0819 -0.8943 -0.4398
vn 0.1614 -0.8857 -0.4353
vn 0.2396 -0.8717 -0.4274
vn 0.3709 -0.7301 -0.5739
vn 0.4479 -0.7034 -0.5520
vn 0.5274 -0.6661 -0.5274
vn 0.3843 -0.7848 -0.4862
vn 0.4662 -0.7519 -0.4662
vn 0.5520 -0.7034 -0.4479
vn 0.4006 -0.8240 -0.4006
vn 0.4862 -0.7848 -0.3843
vn 0.5739 -0.7301 -0.3709
vn 0.4274 -0.8717 -0.2396
vn 0.5164 -0.8243 -0.2321
vn 0.6048 -0.7635 -0.2264
vn 0.4353 -0.8857 -0.1614
vn 0.5253 -0.8362 -0.1575
vn 0.6141 -0.7740 -0.1545
vn 0.4398 -0.8943 -0.0819
vn 0.5305 -0.8438 -0.0805
vn 0.6198 -0.7807 -0.0794
vn 0.4398 -0.8943 0.0819
vn 0.5305 -0.8438 0.0805
vn 0.6198 -0.7807 0.0794
vn 0.4353 -0.8857 0.1614
vn 0.5253 -0.8362 0.1575
vn 0.6141 -0.7740 0.1545
vn 0.4274 -0.8717 0.2396
vn 0.5164 -0.8243 0.2321
vn 0.6048 -0.7635 0.2264
vn 0.4006 -0.8240 0.4006
vn 0.4862 -0.7848 0.3843
vn 0.5739 -0.7301 0.3709
vn 0.3843 -0.7848 0.4862
vn 0.4662 -0.7519 0.4662
vn 0.5520 -0.7034 0.4479
vn 0.3709 -0.7301 0.5739
vn 0.4479 -0.7034 0.5520
vn 0.5274 -0.6661 0.5274
vn 0.0819 -0.8943 0.4398
vn 0.1614 -0.8857 0.4353
vn 0.2396 -0.8717 0.4274
vn 0.0805 -0.8438 0.5305
vn 0.1575 -0.8362 0.5253
vn 0.2321 -0.8243 0.5164
vn 0.0794 -0.7807 0.6198
vn 0.1545 -0.7740 0.6141
vn 0.2264 -0.7635 0.6048
vn -0.2396 -0.8717 0.4274
vn -0.1614 -0.8857 0.4353
vn -0.0819 -0.8943 0.4398
vn -0.2321 -0.8243 0.5164
vn -0.1575 -0.8362 0.5253
vn -0.0805 -0.8438 0.5305
vn -0.2264 -0.7635 0.6048
vn -0.1545 -0.7740 0.6141
vn -0.0794 -0.7807 0.6198
vn -0.5739 -0.7301 0.3709
vn -0.4862 -0.7848 0.3843
vn -0.4006 -0.8240 0.4006
vn -0.5520 -0.7034 0.4479
vn -0.4662 -0.7519 0.4662
vn -0.3843 -0.7848 0.4862
vn -0.5274 -0.6661 0.5274
vn -0.4479 -0.7034 0.5520
vn -0.3709 -0.7301 0.5739
vn -0.6198 -0.7807 0.0794
vn -0.5305 -0.8438 0.0805
vn -0.4398 -0.8943 0.0819
vn -0.6141 -0.7740 0.1545
vn -0.5253 -0.8362 0.1575
vn -0.4353 -0.8857 0.1614
vn -0.6048 -0.7635 0.2264
vn -0.5164 -0.8243 0.2321
vn -0.4274 -0.8717 0.2396
vn -0.6048 -0.7635 -0.2264
vn -0.5164 -0.8243 -0.2321
vn -0.4274 -0.8717 -0.2396
vn -0.6141 -0.7740 -0.1545
vn -0.5253 -0.8362 -0.1575
vn -0.4353 -0.8857 -0.1614
vn -0.6198 -0.7807 -0.0794
vn -0.5305 -0.8438 -0.0805
vn -0.4398 -0.8943 -0.0819
vn 0.2532 0.9337 -0.2532
vn 0.1687 0.9515 -0.2573
vn 0.0845 0.9620 -0.2596
vn 0.2573 0.9515 -0.1687
vn 0.1708 0.9704 -0.1708
vn 0.0853 0.9814 -0.1719
vn 0.2596 0.9620 -0.0845
vn 0.1719 0.9814 -0.0853
vn 0.0857 0.9926 -0.0857
vn -0.0845 0.9620 -0.2596
vn -0.1687 0.9515 -0.2573
vn -0.2532 0.9337 -0.2532
vn -0.0853 0.9814 -0.1719
vn -0.1708 0.9704 -0.1708
vn -0.2573 0.9515 -0.1687
vn -0.0857 0.9926 -0.0857
vn -0.1719 0.9814 -0.0853
vn -0.2596 0.9620 -0.0845
vn 0.2596 0.9620 0.0845
vn 0.1719 0.9814 0.0853
vn 0.0857 0.9926 0.0857
vn 0.2573 0.9515 0.1687
vn 0.1708 0.9704 0.1708
vn 0.0853 0.9814 0.1719
vn 0.2532 0.9337 0.2532
vn 0.1687 0.9515 0.2573
vn 0.0845 0.9620 0.2596
vn -0.0857 0.9926 0.0857
vn -0.1719 0.9814 0.0853
vn -0.2596 0.9620 0.0845
vn -0.0853 0.9814 0.1719
vn -0.1708 0.9704 0.1708
vn -0.2573 0.9515 0.1687
vn -0.0845 0.9620 0.2596
vn -0.1687 0.9515 0.2573
vn -0.2532 0.9337 0.2532
vn 0.5274 0.6661 -0.5274
vn 0.4479 0.7034 -0.5520
vn 0.3709 0.7301 -0.5739
vn 0.5520 0.7034 -0.4479
vn 0.4662 0.7519 -0.4662
vn 0.3843 0.7848 -0.4862
vn 0.5739 0.7301 -0.3709
vn 0.4862 0.7848 -0.3843
vn 0.4006 0.8240 -0.4006
vn 0.2264 0.7635 -0.6048
vn 0.1545 0.7740 -0.6141
vn 0.0794 0.7807 -0.6198
vn 0.2321 0.8243 -0.5164
vn 0.1575 0.8362 -0.5253
vn 0.0805 0.8438 -0.5305
vn 0.2396 0.8717 -0.4274
vn 0.1614 0.8857 -0.4353
vn 0.0819 0.8943 -0.4398
vn -0.0794 0.7807 -0.6198
vn -0.1545 0.7740 -0.6141
vn -0.2264 0.7635 -0.6048
vn -0.0805 0.8438 -0.5305
vn -0.1575 0.8362 -0.5253
vn -0.2321 0.8243 -0.5164
vn -0.0819 0.8943 -0.4398
vn -0.1614 0.8857 -0.4353
vn -0.2396 0.8717 -0.4274
vn -0.3709 0.7301 -0.5739
vn -0.4479 0.7034 -0.5520
vn -0.5274 0.6661 -0.5274
vn -0.3843 0.7848 -0.4862
vn -0.4662 0.7519 -0.4662
vn -0.5520 0.7034 -0.4479
vn -0.4006 0.8240 -0.4006
vn -0.4862 0.7848 -0.3843
vn -0.5739 0.7301 -0.3709
vn -0.4274 0.8717 -0.2396
vn -0.5164 0.8243 -0.2321
vn -0.6048 0.7635 -0.2264
vn -0.4353 0.8857 -0.1614
vn -0.5253 0.8362 -0.1575
vn -0.6141 0.7740 -0.1545
vn -0.4398 0.8943 -0.0819
vn -0.5305 0.8438 -0.0805
vn -0.6198 0.7807 -0.0794
vn -0.4398 0.8943 0.0819
vn -0.5305 0.8438 0.0805
vn -0.6198 0.7807 0.0794
vn -0.4353 0.8857 0.1614
vn -0.5253 0.8362 0.1575
vn -0.6141 0.7740 0.1545
vn -0.4274 0.8717 0.2396
vn -0.5164 0.8243 0.2321
vn -0.6048 0.7635 0.2264
vn -0.4006 0.8240 0.4006
vn -0.4862 0.7848 0.3843
vn -0.5739 0.7301 0.3709
vn -0.3843 0.7848 0.4862
vn -0.4662 0.7519 0.4662
vn -0.5520 0.7034 0.4479
vn -0.3709 0.7301 0.5739
vn -0.4479 0.7034 0.5520
vn -0.5274 0.6661 0.5274
vn -0.0819 0.8943 0.4398
vn -0.1614 0.8857 0.4353
vn -0.2396 0.8717 0.4274
vn -0.0805 0.8438 0.5305
vn -0.1575 0.8362 0.5253
vn -0.2321 0.8243 0.5164
vn -0.0794 0.7807 0.6198
vn -0.1545 0.7740 0.6141
vn -0.2264 0.7635 0.6048
vn 0.2396 0.8717 0.4274
vn 0.1614 0.8857 0.4353
vn 0.0819 0.8943 0.4398
vn 0.2321 0.8243 0.5164
vn 0.1575 0.8362 0.5253
vn 0.0805 0.8438 0.5305
vn 0.2264 0.7635 0.6048
vn 0.1545 0.7740 0.6141
vn 0.0794 0.7807 0.6198
vn 0.5739 0.7301 0.3709
vn 0.4862 0.7848 0.3843
vn 0.4006 0.8240 0.4006
vn 0.5520 0.7034 0.4479
vn 0.4662 0.7519 0.4662
vn 0.3843 0.7848 0.4862
vn 0.5274 0.6661 0.5274
vn 0.4479 0.7034 0.5520
vn 0.3709 0.7301 0.5739
vn 0.6198 0.7807 0.0794
vn 0.5305 0.8438 0.0805
vn 0.4398 0.8943 0.0819
vn 0.6141 0.7740 0.1545
vn 0.5253 0.8362 0.1575
vn 0.4353 0.8857 0.1614
vn 0.6048 0.7635 0.2264
vn 0.5164 0.8243 0.2321
vn 0.4274 0.8717 0.2396
vn 0.6048 0.7635 -0.2264
vn 0.5164 0.8243 -0.2321
vn 0.4274 0.8717 -0.2396
vn 0.6141 0.7740 -0.1545
vn 0.5253 0.8362 -0.1575
vn 0.4353 0.8857 -0.1614
vn 0.6198 0.7807 -0.0794
vn 0.5305 0.8438 -0.0805
vn 0.4398 0.8943 -0.0819
vt 0.453125 0.078125
vt 0.468750 0.078125
vt 0.468750 0.093750
vt 0.453125 0.093750
vt 0.484375 0.078125
vt 0.484375 0.093750
vt 0.468750 0.109375
vt 0.453125 0.109375
vt 0.484375 0.109375
vt 0.437500 0.062500
vt 0.453125 0.062500
vt 0.437500 0.078125
vt 0.468750 0.062500
vt 0.484375 0.062500
vt 0.500000 0.062500
vt 0.500000 0.078125
vt 0.500000 0.093750
vt 0.500000 0.109375
vt 0.500000 0.125000
vt 0.484375 0.125000
vt 0.468750 0.125000
vt 0.453125 0.125000
vt 0.437500 0.109375
vt 0.437500 0.125000
vt 0.437500 0.093750
vt 0.515625 0.078125
vt 0.531250 0.078125
vt 0.531250 0.093750
vt 0.515625 0.093750
vt 0.546875 0.078125
vt 0.546875 0.093750
vt 0.531250 0.109375
vt 0.515625 0.109375
vt 0.546875 0.109375
vt 0.515625 0.062500
vt 0.531250 0.062500
vt 0.546875 0.062500
vt 0.562500 0.062500
vt 0.562500 0.078125
vt 0.562500 0.093750
vt 0.562500 0.109375
vt 0.562500 0.125000
vt 0.546875 0.125000
vt 0.531250 0.125000
vt 0.515625 0.125000
vt 0.453125 0.140625
vt 0.468750 0.140625
vt 0.468750 0.156250
vt 0.453125 0.156250
vt 0.484375 0.140625
vt 0.484375 0.156250
vt 0.468750 0.171875
vt 0.453125 0.171875
vt 0.484375 0.171875
vt 0.437500 0.140625
vt 0.500000 0.140625
vt 0.500000 0.156250
vt 0.500000 0.171875
vt 0.500000 0.187500
vt 0.484375 0.187500
vt 0.468750 0.187500
vt 0.453125 0.187500
vt 0.437500 0.171875
vt 0.437500 0.187500
vt 0.437500 0.156250
vt 0.515625 0.140625
vt 0.531250 0.140625
vt 0.531250 0.156250
vt 0.515625 0.156250
vt 0.546875 0.140625
vt 0.546875 0.156250
vt 0.531250 0.171875
vt 0.515625 0.171875
vt 0.546875 0.171875
vt 0.562500 0.140625
vt 0.562500 0.156250
vt 0.562500 0.171875
vt 0.562500 0.187500
vt 0.546875 0.187500
vt 0.531250 0.187500
vt 0.515625 0.187500
vt 0.390625 0.015625
vt 0.406250 0.015625
vt 0.406250 0.031250
vt 0.390625 0.031250
vt 0.421875 0.015625
vt 0.421875 0.031250
vt 0.406250 0.046875
vt 0.390625 0.046875
vt 0.421875 0.046875
vt 0.375000 0.000000
vt 0.390625 0.000000
vt 0.375000 0.015625
vt 0.406250 0.000000
vt 0.421875 0.000000
vt 0.437500 0.000000
vt 0.437500 0.015625
vt 0.437500 0.031250
vt 0.437500 0.046875
vt 0.437500 0.062500
vt 0.421875 0.062500
vt 0.406250 0.062500
vt 0.390625 0.062500
vt 0.375000 0.046875
vt 0.375000 0.062500
vt 0.375000 0.031250
vt 0.453125 0.015625
vt 0.468750 0.015625
vt 0.468750 0.031250
vt 0.453125 0.031250
vt 0.484375 0.015625
vt 0.484375 0.031250
vt 0.468750 0.046875
vt 0.453125 0.046875
vt 0.484375 0.046875
vt 0.453125 0.000000
vt 0.468750 0.000000
vt 0.484375 0.000000
vt 0.500000 0.000000
vt 0.500000 0.015625
vt 0.500000 0.031250
vt 0.500000 0.046875
vt 0.500000 0.062500
vt 0.468750 0.062500
vt 0.515625 0.015625
vt 0.531250 0.015625
vt 0.531250 0.031250
vt 0.515625 0.031250
vt 0.546875 0.015625
vt 0.546875 0.031250
vt 0.531250 0.046875
vt 0.515625 0.046875
vt 0.546875 0.046875
vt 0.515625 0.000000
vt 0.531250 0.000000
vt 0.546875 0.000000
vt 0.562500 0.000000
vt 0.562500 0.015625
vt 0.562500 0.031250
vt 0.562500 0.046875
vt 0.562500 0.062500
vt 0.531250 0.062500
vt 0.515625 0.062500
vt 0.578125 0.015625
vt 0.593750 0.015625
vt 0.593750 0.031250
vt 0.578125 0.031250
vt 0.609375 0.015625
vt 0.609375 0.031250
vt 0.593750 0.046875
vt 0.578125 0.046875
vt 0.609375 0.046875
vt 0.578125 0.000000
vt 0.593750 0.000000
vt 0.609375 0.000000
vt 0.625000 0.000000
vt 0.625000 0.015625
vt 0.625000 0.031250
vt 0.625000 0.046875
vt 0.625000 0.062500
vt 0.609375 0.062500
vt 0.593750 0.062500
vt 0.578125 0.062500
vt 0.578125 0.078125
vt 0.593750 0.078125
vt 0.593750 0.093750
vt 0.578125 0.093750
vt 0.609375 0.078125
vt 0.609375 0.093750
vt 0.593750 0.109375
vt 0.578125 0.109375
vt 0.609375 0.109375
vt 0.625000 0.078125
vt 0.625000 0.093750
vt 0.625000 0.109375
vt 0.625000 0.125000
vt 0.609375 0.125000
vt 0.593750 0.125000
vt 0.578125 0.125000
vt 0.562500 0.109375
vt 0.562500 0.125000
vt 0.562500 0.093750
vt 0.578125 0.140625
vt 0.593750 0.140625
vt 0.593750 0.156250
vt 0.578125 0.156250
vt 0.609375 0.140625
vt 0.609375 0.156250
vt 0.593750 0.171875
vt 0.578125 0.171875
vt 0.609375 0.171875
vt 0.562500 0.140625
vt 0.625000 0.140625
vt 0.625000 0.156250
vt 0.625000 0.171875
vt 0.625000 0.187500
vt 0.609375 0.187500
vt 0.593750 0.187500
vt 0.578125 0.187500
vt 0.562500 0.171875
vt 0.562500 0.187500
vt 0.562500 0.156250
vt 0.578125 0.203125
vt 0.593750 0.203125
vt 0.593750 0.218750
vt 0.578125 0.218750
vt 0.609375 0.203125
vt 0.609375 0.218750
vt 0.593750 0.234375
vt 0.578125 0.234375
vt 0.609375 0.234375
vt 0.562500 0.203125
vt 0.625000 0.203125
vt 0.625000 0.218750
vt 0.625000 0.234375
vt 0.625000 0.250000
vt 0.609375 0.250000
vt 0.593750 0.250000
vt 0.578125 0.250000
vt 0.562500 0.234375
vt 0.562500 0.250000
vt 0.562500 0.218750
vt 0.515625 0.203125
vt 0.531250 0.203125
vt 0.531250 0.218750
vt 0.515625 0.218750
vt 0.546875 0.203125
vt 0.546875 0.218750
vt 0.531250 0.234375
vt 0.515625 0.234375
vt 0.546875 0.234375
vt 0.500000 0.203125
vt 0.562500 0.203125
vt 0.562500 0.218750
vt 0.562500 0.234375
vt 0.546875 0.250000
vt 0.531250 0.250000
vt 0.515625 0.250000
vt 0.500000 0.234375
vt 0.500000 0.250000
vt 0.500000 0.218750
vt 0.453125 0.203125
vt 0.468750 0.203125
vt 0.468750 0.218750
vt 0.453125 0.218750
vt 0.484375 0.203125
vt 0.484375 0.218750
vt 0.468750 0.234375
vt 0.453125 0.234375
vt 0.484375 0.234375
vt 0.437500 0.203125
vt 0.484375 0.250000
vt 0.468750 0.250000
vt 0.453125 0.250000
vt 0.437500 0.234375
vt 0.437500 0.250000
vt 0.437500 0.218750
vt 0.390625 0.203125
vt 0.406250 0.203125
vt 0.406250 0.218750
vt 0.390625 0.218750
vt 0.421875 0.203125
vt 0.421875 0.218750
vt 0.406250 0.234375
vt 0.390625 0.234375
vt 0.421875 0.234375
vt 0.375000 0.187500
vt 0.390625 0.187500
vt 0.375000 0.203125
vt 0.406250 0.187500
vt 0.421875 0.187500
vt 0.437500 0.187500
vt 0.437500 0.203125
vt 0.437500 0.218750
vt 0.437500 0.250000
vt 0.421875 0.250000
vt 0.406250 0.250000
vt 0.390625 0.250000
vt 0.375000 0.234375
vt 0.375000 0.250000
vt 0.375000 0.218750
vt 0.390625 0.140625
vt 0.406250 0.140625
vt 0.406250 0.156250
vt 0.390625 0.156250
vt 0.421875 0.140625
vt 0.421875 0.156250
vt 0.406250 0.171875
vt 0.390625 0.171875
vt 0.421875 0.171875
vt 0.375000 0.125000
vt 0.390625 0.125000
vt 0.375000 0.140625
vt 0.406250 0.125000
vt 0.421875 0.125000
vt 0.437500 0.125000
vt 0.437500 0.140625
vt 0.437500 0.156250
vt 0.375000 0.171875
vt 0.375000 0.156250
vt 0.390625 0.078125
vt 0.406250 0.078125
vt 0.406250 0.093750
vt 0.390625 0.093750
vt 0.421875 0.078125
vt 0.421875 0.093750
vt 0.406250 0.109375
vt 0.390625 0.109375
vt 0.421875 0.109375
vt 0.375000 0.078125
vt 0.437500 0.078125
vt 0.437500 0.093750
vt 0.437500 0.109375
vt 0.375000 0.109375
vt 0.375000 0.093750
vt 0.453125 0.328125
vt 0.468750 0.328125
vt 0.468750 0.343750
vt 0.453125 0.343750
vt 0.484375 0.328125
vt 0.484375 0.343750
vt 0.468750 0.359375
vt 0.453125 0.359375
vt 0.484375 0.359375
vt 0.437500 0.312500
vt 0.453125 0.312500
vt 0.437500 0.328125
vt 0.468750 0.312500
vt 0.484375 0.312500
vt 0.500000 0.312500
vt 0.500000 0.328125
vt 0.500000 0.343750
vt 0.500000 0.359375
vt 0.500000 0.375000
vt 0.484375 0.375000
vt 0.468750 0.375000
vt 0.453125 0.375000
vt 0.437500 0.359375
vt 0.437500 0.375000
vt 0.437500 0.343750
vt 0.515625 0.328125
vt 0.531250 0.328125
vt 0.531250 0.343750
vt 0.515625 0.343750
vt 0.546875 0.328125
vt 0.546875 0.343750
vt 0.531250 0.359375
vt 0.515625 0.359375
vt 0.546875 0.359375
vt 0.515625 0.312500
vt 0.531250 0.312500
vt 0.546875 0.312500
vt 0.562500 0.312500
vt 0.562500 0.328125
vt 0.562500 0.343750
vt 0.562500 0.359375
vt 0.562500 0.375000
vt 0.546875 0.375000
vt 0.531250 0.375000
vt 0.515625 0.375000
vt 0.453125 0.390625
vt 0.468750 0.390625
vt 0.468750 0.406250
vt 0.453125 0.406250
vt 0.484375 0.390625
vt 0.484375 0.406250
vt 0.468750 0.421875
vt 0.453125 0.421875
vt 0.484375 0.421875
vt 0.437500 0.390625
vt 0.500000 0.390625
vt 0.500000 0.406250
vt 0.500000 0.421875
vt 0.500000 0.437500
vt 0.484375 0.437500
vt 0.468750 0.437500
vt 0.453125 0.437500
vt 0.437500 0.421875
vt 0.437500 0.437500
vt 0.437500 0.406250
vt 0.515625 0.390625
vt 0.531250 0.390625
vt 0.531250 0.406250
vt 0.515625 0.406250
vt 0.546875 0.390625
vt 0.546875 0.406250
vt 0.531250 0.421875
vt 0.515625 0.421875
vt 0.546875 0.421875
vt 0.562500 0.390625
vt 0.562500 0.406250
vt 0.562500 0.421875
vt 0.562500 0.437500
vt 0.546875 0.437500
vt 0.531250 0.437500
vt 0.515625 0.437500
vt 0.390625 0.265625
vt 0.406250 0.265625
vt 0.406250 0.281250
vt 0.390625 0.281250
vt 0.421875 0.265625
vt 0.421875 0.281250
vt 0.406250 0.296875
vt 0.390625 0.296875
vt 0.421875 0.296875
vt 0.375000 0.265625
vt 0.437500 0.265625
vt 0.437500 0.281250
vt 0.437500 0.296875
vt 0.421875 0.312500
vt 0.406250 0.312500
vt 0.390625 0.312500
vt 0.375000 0.296875
vt 0.375000 0.312500
vt 0.375000 0.281250
vt 0.453125 0.265625
vt 0.468750 0.265625
vt 0.468750 0.281250
vt 0.453125 0.281250
vt 0.484375 0.265625
vt 0.484375 0.281250
vt 0.468750 0.296875
vt 0.453125 0.296875
vt 0.484375 0.296875
vt 0.437500 0.265625
vt 0.500000 0.265625
vt 0.500000 0.281250
vt 0.500000 0.296875
vt 0.437500 0.296875
vt 0.437500 0.281250
vt 0.515625 0.265625
vt 0.531250 0.265625
vt 0.531250 0.281250
vt 0.515625 0.281250
vt 0.546875 0.265625
vt 0.546875 0.281250
vt 0.531250 0.296875
vt 0.515625 0.296875
vt 0.546875 0.296875
vt 0.562500 0.265625
vt 0.562500 0.281250
vt 0.562500 0.296875
vt 0.578125 0.265625
vt 0.593750 0.265625
vt 0.593750 0.281250
vt 0.578125 0.281250
vt 0.609375 0.265625
vt 0.609375 0.281250
vt 0.593750 0.296875
vt 0.578125 0.296875
vt 0.609375 0.296875
vt 0.562500 0.265625
vt 0.625000 0.265625
vt 0.625000 0.281250
vt 0.625000 0.296875
vt 0.625000 0.312500
vt 0.609375 0.312500
vt 0.593750 0.312500
vt 0.578125 0.312500
vt 0.562500 0.281250
vt 0.578125 0.328125
vt 0.593750 0.328125
vt 0.593750 0.343750
vt 0.578125 0.343750
vt 0.609375 0.328125
vt 0.609375 0.343750
vt 0.593750 0.359375
vt 0.578125 0.359375
vt 0.609375 0.359375
vt 0.625000 0.328125
vt 0.625000 0.343750
vt 0.625000 0.359375
vt 0.625000 0.375000
vt 0.609375 0.375000
vt 0.593750 0.375000
vt 0.578125 0.375000
vt 0.562500 0.359375
vt 0.562500 0.375000
vt 0.562500 0.343750
vt 0.578125 0.390625
vt 0.593750 0.390625
vt 0.593750 0.406250
vt 0.578125 0.406250
vt 0.609375 0.390625
vt 0.609375 0.406250
vt 0.593750 0.421875
vt 0.578125 0.421875
vt 0.609375 0.421875
vt 0.625000 0.390625
vt 0.625000 0.406250
vt 0.625000 0.421875
vt 0.625000 0.437500
vt 0.609375 0.437500
vt 0.593750 0.437500
vt 0.578125 0.437500
vt 0.562500 0.421875
vt 0.562500 0.406250
vt 0.578125 0.453125
vt 0.593750 0.453125
vt 0.593750 0.468750
vt 0.578125 0.468750
vt 0.609375 0.453125
vt 0.609375 0.468750
vt 0.593750 0.484375
vt 0.578125 0.484375
vt 0.609375 0.484375
vt 0.562500 0.453125
vt 0.625000 0.453125
vt 0.625000 0.468750
vt 0.625000 0.484375
vt 0.625000 0.500000
vt 0.609375 0.500000
vt 0.593750 0.500000
vt 0.578125 0.500000
vt 0.562500 0.484375
vt 0.562500 0.500000
vt 0.562500 0.468750
vt 0.515625 0.453125
vt 0.531250 0.453125
vt 0.531250 0.468750
vt 0.515625 0.468750
vt 0.546875 0.453125
vt 0.546875 0.468750
vt 0.531250 0.484375
vt 0.515625 0.484375
vt 0.546875 0.484375
vt 0.500000 0.453125
vt 0.562500 0.453125
vt 0.562500 0.468750
vt 0.562500 0.484375
vt 0.546875 0.500000
vt 0.531250 0.500000
vt 0.515625 0.500000
vt 0.500000 0.484375
vt 0.500000 0.500000
vt 0.500000 0.468750
vt 0.453125 0.453125
vt 0.468750 0.453125
vt 0.468750 0.468750
vt 0.453125 0.468750
vt 0.484375 0.453125
vt 0.484375 0.468750
vt 0.468750 0.484375
vt 0.453125 0.484375
vt 0.484375 0.484375
vt 0.437500 0.453125
vt 0.484375 0.500000
vt 0.468750 0.500000
vt 0.453125 0.500000
vt 0.437500 0.484375
vt 0.437500 0.500000
vt 0.437500 0.468750
vt 0.390625 0.453125
vt 0.406250 0.453125
vt 0.406250 0.468750
vt 0.390625 0.468750
vt 0.421875 0.453125
vt 0.421875 0.468750
vt 0.406250 0.484375
vt 0.390625 0.484375
vt 0.421875 0.484375
vt 0.375000 0.437500
vt 0.390625 0.437500
vt 0.375000 0.453125
vt 0.406250 0.437500
vt 0.421875 0.437500
vt 0.437500 0.437500
vt 0.437500 0.453125
vt 0.437500 0.468750
vt 0.437500 0.484375
vt 0.437500 0.500000
vt 0.421875 0.500000
vt 0.406250 0.500000
vt 0.390625 0.500000
vt 0.375000 0.484375
vt 0.375000 0.500000
vt 0.375000 0.468750
vt 0.390625 0.390625
vt 0.406250 0.390625
vt 0.406250 0.406250
vt 0.390625 0.406250
vt 0.421875 0.390625
vt 0.421875 0.406250
vt 0.406250 0.421875
vt 0.390625 0.421875
vt 0.421875 0.421875
vt 0.375000 0.375000
vt 0.390625 0.375000
vt 0.375000 0.390625
vt 0.406250 0.375000
vt 0.421875 0.375000
vt 0.437500 0.375000
vt 0.437500 0.390625
vt 0.437500 0.406250
vt 0.437500 0.421875
vt 0.375000 0.421875
vt 0.375000 0.406250
vt 0.390625 0.328125
vt 0.406250 0.328125
vt 0.406250 0.343750
vt 0.390625 0.343750
vt 0.421875 0.328125
vt 0.421875 0.343750
vt 0.406250 0.359375
vt 0.390625 0.359375
vt 0.421875 0.359375
vt 0.375000 0.328125
vt 0.437500 0.328125
vt 0.437500 0.343750
vt 0.437500 0.359375
vt 0.375000 0.359375
vt 0.375000 0.343750
vt 0.453125 0.578125
vt 0.468750 0.578125
vt 0.468750 0.593750
vt 0.453125 0.593750
vt 0.484375 0.578125
vt 0.484375 0.593750
vt 0.468750 0.609375
vt 0.453125 0.609375
vt 0.484375 0.609375
vt 0.437500 0.562500
vt 0.453125 0.562500
vt 0.437500 0.578125
vt 0.468750 0.562500
vt 0.484375 0.562500
vt 0.500000 0.562500
vt 0.500000 0.578125
vt 0.500000 0.593750
vt 0.500000 0.609375
vt 0.500000 0.625000
vt 0.484375 0.625000
vt 0.468750 0.625000
vt 0.453125 0.625000
vt 0.437500 0.609375
vt 0.437500 0.625000
vt 0.437500 0.593750
vt 0.515625 0.578125
vt 0.531250 0.578125
vt 0.531250 0.593750
vt 0.515625 0.593750
vt 0.546875 0.578125
vt 0.546875 0.593750
vt 0.531250 0.609375
vt 0.515625 0.609375
vt 0.546875 0.609375
vt 0.515625 0.562500
vt 0.531250 0.562500
vt 0.546875 0.562500
vt 0.562500 0.562500
vt 0.562500 0.578125
vt 0.562500 0.593750
vt 0.562500 0.609375
vt 0.562500 0.625000
vt 0.546875 0.625000
vt 0.531250 0.625000
vt 0.515625 0.625000
vt 0.453125 0.640625
vt 0.468750 0.640625
vt 0.468750 0.656250
vt 0.453125 0.656250
vt 0.484375 0.640625
vt 0.484375 0.656250
vt 0.468750 0.671875
vt 0.453125 0.671875
vt 0.484375 0.671875
vt 0.437500 0.640625
vt 0.500000 0.640625
vt 0.500000 0.656250
vt 0.500000 0.671875
vt 0.500000 0.687500
vt 0.484375 0.687500
vt 0.468750 0.687500
vt 0.453125 0.687500
vt 0.437500 0.671875
vt 0.437500 0.687500
vt 0.437500 0.656250
vt 0.515625 0.640625
vt 0.531250 0.640625
vt 0.531250 0.656250
vt 0.515625 0.656250
vt 0.546875 0.640625
vt 0.546875 0.656250
vt 0.531250 0.671875
vt 0.515625 0.671875
vt 0.546875 0.671875
vt 0.562500 0.640625
vt 0.562500 0.656250
vt 0.562500 0.671875
vt 0.562500 0.687500
vt 0.546875 0.687500
vt 0.531250 0.687500
vt 0.515625 0.687500
vt 0.390625 0.515625
vt 0.406250 0.515625
vt 0.406250 0.531250
vt 0.390625 0.531250
vt 0.421875 0.515625
vt 0.421875 0.531250
vt 0.406250 0.546875
vt 0.390625 0.546875
vt 0.421875 0.546875
vt 0.375000 0.515625
vt 0.437500 0.515625
vt 0.437500 0.531250
vt 0.437500 0.546875
vt 0.437500 0.562500
vt 0.421875 0.562500
vt 0.406250 0.562500
vt 0.390625 0.562500
vt 0.375000 0.546875
vt 0.375000 0.562500
vt 0.375000 0.531250
vt 0.453125 0.515625
vt 0.468750 0.515625
vt 0.468750 0.531250
vt 0.453125 0.531250
vt 0.484375 0.515625
vt 0.484375 0.531250
vt 0.468750 0.546875
vt 0.453125 0.546875
vt 0.484375 0.546875
vt 0.437500 0.515625
vt 0.500000 0.515625
vt 0.500000 0.531250
vt 0.500000 0.546875
vt 0.437500 0.546875
vt 0.437500 0.531250
vt 0.515625 0.515625
vt 0.531250 0.515625
vt 0.531250 0.531250
vt 0.515625 0.531250
vt 0.546875 0.515625
vt 0.546875 0.531250
vt 0.531250 0.546875
vt 0.515625 0.546875
vt 0.546875 0.546875
vt 0.562500 0.515625
vt 0.562500 0.531250
vt 0.562500 0.546875
vt 0.578125 0.515625
vt 0.593750 0.515625
vt 0.593750 0.531250
vt 0.578125 0.531250
vt 0.609375 0.515625
vt 0.609375 0.531250
vt 0.593750 0.546875
vt 0.578125 0.546875
vt 0.609375 0.546875
vt 0.562500 0.515625
vt 0.625000 0.515625
vt 0.625000 0.531250
vt 0.625000 0.546875
vt 0.625000 0.562500
vt 0.609375 0.562500
vt 0.593750 0.562500
vt 0.578125 0.562500
vt 0.562500 0.546875
vt 0.562500 0.562500
vt 0.562500 0.531250
vt 0.578125 0.578125
vt 0.593750 0.578125
vt 0.593750 0.593750
vt 0.578125 0.593750
vt 0.609375 0.578125
vt 0.609375 0.593750
vt 0.593750 0.609375
vt 0.578125 0.609375
vt 0.609375 0.609375
vt 0.578125 0.562500
vt 0.593750 0.562500
vt 0.625000 0.562500
vt 0.625000 0.578125
vt 0.625000 0.593750
vt 0.625000 0.609375
vt 0.625000 0.625000
vt 0.609375 0.625000
vt 0.593750 0.625000
vt 0.578125 0.625000
vt 0.578125 0.640625
vt 0.593750 0.640625
vt 0.593750 0.656250
vt 0.578125 0.656250
vt 0.609375 0.640625
vt 0.609375 0.656250
vt 0.593750 0.671875
vt 0.578125 0.671875
vt 0.609375 0.671875
vt 0.625000 0.640625
vt 0.625000 0.656250
vt 0.625000 0.671875
vt 0.625000 0.687500
vt 0.609375 0.687500
vt 0.593750 0.687500
vt 0.578125 0.687500
vt 0.578125 0.703125
vt 0.593750 0.703125
vt 0.593750 0.718750
vt 0.578125 0.718750
vt 0.609375 0.703125
vt 0.609375 0.718750
vt 0.593750 0.734375
vt 0.578125 0.734375
vt 0.609375 0.734375
vt 0.562500 0.703125
vt 0.593750 0.687500
vt 0.609375 0.687500
vt 0.625000 0.687500
vt 0.625000 0.703125
vt 0.625000 0.718750
vt 0.625000 0.734375
vt 0.625000 0.750000
vt 0.609375 0.750000
vt 0.593750 0.750000
vt 0.578125 0.750000
vt 0.562500 0.734375
vt 0.562500 0.750000
vt 0.562500 0.718750
vt 0.515625 0.703125
vt 0.531250 0.703125
vt 0.531250 0.718750
vt 0.515625 0.718750
vt 0.546875 0.703125
vt 0.546875 0.718750
vt 0.531250 0.734375
vt 0.515625 0.734375
vt 0.546875 0.734375
vt 0.500000 0.703125
vt 0.562500 0.703125
vt 0.562500 0.718750
vt 0.562500 0.734375
vt 0.562500 0.750000
vt 0.546875 0.750000
vt 0.531250 0.750000
vt 0.515625 0.750000
vt 0.500000 0.734375
vt 0.500000 0.750000
vt 0.500000 0.718750
vt 0.453125 0.703125
vt 0.468750 0.703125
vt 0.468750 0.718750
vt 0.453125 0.718750
vt 0.484375 0.703125
vt 0.484375 0.718750
vt 0.468750 0.734375
vt 0.453125 0.734375
vt 0.484375 0.734375
vt 0.437500 0.703125
vt 0.484375 0.750000
vt 0.468750 0.750000
vt 0.453125 0.750000
vt 0.437500 0.734375
vt 0.437500 0.750000
vt 0.437500 0.718750
vt 0.390625 0.703125
vt 0.406250 0.703125
vt 0.406250 0.718750
vt 0.390625 0.718750
vt 0.421875 0.703125
vt 0.421875 0.718750
vt 0.406250 0.734375
vt 0.390625 0.734375
vt 0.421875 0.734375
vt 0.375000 0.687500
vt 0.390625 0.687500
vt 0.375000 0.703125
vt 0.406250 0.687500
vt 0.421875 0.687500
vt 0.437500 0.687500
vt 0.437500 0.703125
vt 0.437500 0.718750
vt 0.437500 0.734375
vt 0.421875 0.750000
vt 0.406250 0.750000
vt 0.390625 0.750000
vt 0.375000 0.734375
vt 0.375000 0.750000
vt 0.375000 0.718750
vt 0.390625 0.640625
vt 0.406250 0.640625
vt 0.406250 0.656250
vt 0.390625 0.656250
vt 0.421875 0.640625
vt 0.421875 0.656250
vt 0.406250 0.671875
vt 0.390625 0.671875
vt 0.421875 0.671875
vt 0.375000 0.625000
vt 0.390625 0.625000
vt 0.375000 0.640625
vt 0.406250 0.625000
vt 0.421875 0.625000
vt 0.421875 0.687500
vt 0.406250 0.687500
vt 0.390625 0.687500
vt 0.375000 0.671875
vt 0.375000 0.687500
vt 0.375000 0.656250
vt 0.390625 0.578125
vt 0.406250 0.578125
vt 0.406250 0.593750
vt 0.390625 0.593750
vt 0.421875 0.578125
vt 0.421875 0.593750
vt 0.406250 0.609375
vt 0.390625 0.609375
vt 0.421875 0.609375
vt 0.375000 0.562500
vt 0.390625 0.562500
vt 0.375000 0.578125
vt 0.406250 0.562500
vt 0.421875 0.562500
vt 0.375000 0.609375
vt 0.375000 0.593750
vt 0.453125 0.828125
vt 0.468750 0.828125
vt 0.468750 0.843750
vt 0.453125 0.843750
vt 0.484375 0.828125
vt 0.484375 0.843750
vt 0.468750 0.859375
vt 0.453125 0.859375
vt 0.484375 0.859375
vt 0.437500 0.812500
vt 0.453125 0.812500
vt 0.437500 0.828125
vt 0.468750 0.812500
vt 0.484375 0.812500
vt 0.500000 0.812500
vt 0.500000 0.828125
vt 0.500000 0.843750
vt 0.500000 0.859375
vt 0.500000 0.875000
vt 0.484375 0.875000
vt 0.468750 0.875000
vt 0.453125 0.875000
vt 0.437500 0.859375
vt 0.437500 0.875000
vt 0.437500 0.843750
vt 0.515625 0.828125
vt 0.531250 0.828125
vt 0.531250 0.843750
vt 0.515625 0.843750
vt 0.546875 0.828125
vt 0.546875 0.843750
vt 0.531250 0.859375
vt 0.515625 0.859375
vt 0.546875 0.859375
vt 0.515625 0.812500
vt 0.531250 0.812500
vt 0.546875 0.812500
vt 0.562500 0.812500
vt 0.562500 0.828125
vt 0.562500 0.843750
vt 0.562500 0.859375
vt 0.562500 0.875000
vt 0.546875 0.875000
vt 0.531250 0.875000
vt 0.515625 0.875000
vt 0.453125 0.890625
vt 0.468750 0.890625
vt 0.468750 0.906250
vt 0.453125 0.906250
vt 0.484375 0.890625
vt 0.484375 0.906250
vt 0.468750 0.921875
vt 0.453125 0.921875
vt 0.484375 0.921875
vt 0.437500 0.890625
vt 0.500000 0.890625
vt 0.500000 0.906250
vt 0.500000 0.921875
vt 0.500000 0.937500
vt 0.484375 0.937500
vt 0.468750 0.937500
vt 0.453125 0.937500
vt 0.437500 0.921875
vt 0.437500 0.937500
vt 0.437500 0.906250
vt 0.515625 0.890625
vt 0.531250 0.890625
vt 0.531250 0.906250
vt 0.515625 0.906250
vt 0.546875 0.890625
vt 0.546875 0.906250
vt 0.531250 0.921875
vt 0.515625 0.921875
vt 0.546875 0.921875
vt 0.562500 0.890625
vt 0.562500 0.906250
vt 0.562500 0.921875
vt 0.562500 0.937500
vt 0.546875 0.937500
vt 0.531250 0.937500
vt 0.515625 0.937500
vt 0.390625 0.765625
vt 0.406250 0.765625
vt 0.406250 0.781250
vt 0.390625 0.781250
vt 0.421875 0.765625
vt 0.421875 0.781250
vt 0.406250 0.796875
vt 0.390625 0.796875
vt 0.421875 0.796875
vt 0.375000 0.765625
vt 0.437500 0.765625
vt 0.437500 0.781250
vt 0.437500 0.796875
vt 0.437500 0.812500
vt 0.421875 0.812500
vt 0.406250 0.812500
vt 0.390625 0.812500
vt 0.375000 0.796875
vt 0.375000 0.812500
vt 0.375000 0.781250
vt 0.453125 0.765625
vt 0.468750 0.765625
vt 0.468750 0.781250
vt 0.453125 0.781250
vt 0.484375 0.765625
vt 0.484375 0.781250
vt 0.468750 0.796875
vt 0.453125 0.796875
vt 0.484375 0.796875
vt 0.437500 0.765625
vt 0.500000 0.765625
vt 0.500000 0.781250
vt 0.500000 0.796875
vt 0.437500 0.781250
vt 0.515625 0.765625
vt 0.531250 0.765625
vt 0.531250 0.781250
vt 0.515625 0.781250
vt 0.546875 0.765625
vt 0.546875 0.781250
vt 0.531250 0.796875
vt 0.515625 0.796875
vt 0.546875 0.796875
vt 0.562500 0.765625
vt 0.562500 0.781250
vt 0.562500 0.796875
vt 0.578125 0.765625
vt 0.593750 0.765625
vt 0.593750 0.781250
vt 0.578125 0.781250
vt 0.609375 0.765625
vt 0.609375 0.781250
vt 0.593750 0.796875
vt 0.578125 0.796875
vt 0.609375 0.796875
vt 0.562500 0.765625
vt 0.625000 0.765625
vt 0.625000 0.781250
vt 0.625000 0.796875
vt 0.625000 0.812500
vt 0.609375 0.812500
vt 0.593750 0.812500
vt 0.578125 0.812500
vt 0.562500 0.812500
vt 0.562500 0.781250
vt 0.578125 0.828125
vt 0.593750 0.828125
vt 0.593750 0.843750
vt 0.578125 0.843750
vt 0.609375 0.828125
vt 0.609375 0.843750
vt 0.593750 0.859375
vt 0.578125 0.859375
vt 0.609375 0.859375
vt 0.562500 0.828125
vt 0.625000 0.828125
vt 0.625000 0.843750
vt 0.625000 0.859375
vt 0.625000 0.875000
vt 0.609375 0.875000
vt 0.593750 0.875000
vt 0.578125 0.875000
vt 0.562500 0.859375
vt 0.562500 0.843750
vt 0.578125 0.890625
vt 0.593750 0.890625
vt 0.593750 0.906250
vt 0.578125 0.906250
vt 0.609375 0.890625
vt 0.609375 0.906250
vt 0.593750 0.921875
vt 0.578125 0.921875
vt 0.609375 0.921875
vt 0.562500 0.890625
vt 0.625000 0.890625
vt 0.625000 0.906250
vt 0.625000 0.921875
vt 0.625000 0.937500
vt 0.609375 0.937500
vt 0.593750 0.937500
vt 0.578125 0.937500
vt 0.562500 0.906250
vt 0.578125 0.953125
vt 0.593750 0.953125
vt 0.593750 0.968750
vt 0.578125 0.968750
vt 0.609375 0.953125
vt 0.609375 0.968750
vt 0.593750 0.984375
vt 0.578125 0.984375
vt 0.609375 0.984375
vt 0.562500 0.953125
vt 0.625000 0.953125
vt 0.625000 0.968750
vt 0.625000 0.984375
vt 0.625000 1.000000
vt 0.609375 1.000000
vt 0.593750 1.000000
vt 0.578125 1.000000
vt 0.562500 0.984375
vt 0.562500 1.000000
vt 0.562500 0.968750
vt 0.515625 0.953125
vt 0.531250 0.953125
vt 0.531250 0.968750
vt 0.515625 0.968750
vt 0.546875 0.953125
vt 0.546875 0.968750
vt 0.531250 0.984375
vt 0.515625 0.984375
vt 0.546875 0.984375
vt 0.515625 0.937500
vt 0.500000 0.953125
vt 0.531250 0.937500
vt 0.546875 0.937500
vt 0.546875 1.000000
vt 0.531250 1.000000
vt 0.515625 1.000000
vt 0.500000 0.984375
vt 0.500000 1.000000
vt 0.500000 0.968750
vt 0.453125 0.953125
vt 0.468750 0.953125
vt 0.468750 0.968750
vt 0.453125 0.968750
vt 0.484375 0.953125
vt 0.484375 0.968750
vt 0.468750 0.984375
vt 0.453125 0.984375
vt 0.484375 0.984375
vt 0.437500 0.937500
vt 0.453125 0.937500
vt 0.437500 0.953125
vt 0.468750 0.937500
vt 0.484375 0.937500
vt 0.484375 1.000000
vt 0.468750 1.000000
vt 0.453125 1.000000
vt 0.437500 0.984375
vt 0.437500 1.000000
vt 0.437500 0.968750
vt 0.390625 0.953125
vt 0.406250 0.953125
vt 0.406250 0.968750
vt 0.390625 0.968750
vt 0.421875 0.953125
vt 0.421875 0.968750
vt 0.406250 0.984375
vt 0.390625 0.984375
vt 0.421875 0.984375
vt 0.375000 0.937500
vt 0.390625 0.937500
vt 0.375000 0.953125
vt 0.406250 0.937500
vt 0.421875 0.937500
vt 0.421875 1.000000
vt 0.406250 1.000000
vt 0.390625 1.000000
vt 0.375000 0.984375
vt 0.375000 1.000000
vt 0.375000 0.968750
vt 0.390625 0.890625
vt 0.406250 0.890625
vt 0.406250 0.906250
vt 0.390625 0.906250
vt 0.421875 0.890625
vt 0.421875 0.906250
vt 0.406250 0.921875
vt 0.390625 0.921875
vt 0.421875 0.921875
vt 0.375000 0.875000
vt 0.390625 0.875000
vt 0.375000 0.890625
vt 0.406250 0.875000
vt 0.421875 0.875000
vt 0.437500 0.890625
vt 0.437500 0.906250
vt 0.437500 0.921875
vt 0.375000 0.921875
vt 0.375000 0.906250
vt 0.390625 0.828125
vt 0.406250 0.828125
vt 0.406250 0.843750
vt 0.390625 0.843750
vt 0.421875 0.828125
vt 0.421875 0.843750
vt 0.406250 0.859375
vt 0.390625 0.859375
vt 0.421875 0.859375
vt 0.375000 0.828125
vt 0.437500 0.828125
vt 0.437500 0.843750
vt 0.437500 0.859375
vt 0.375000 0.859375
vt 0.375000 0.843750
vt 0.203125 0.578125
vt 0.218750 0.578125
vt 0.218750 0.593750
vt 0.203125 0.593750
vt 0.234375 0.578125
vt 0.234375 0.593750
vt 0.218750 0.609375
vt 0.203125 0.609375
vt 0.234375 0.609375
vt 0.187500 0.562500
vt 0.203125 0.562500
vt 0.187500 0.578125
vt 0.218750 0.562500
vt 0.234375 0.562500
vt 0.250000 0.562500
vt 0.250000 0.578125
vt 0.250000 0.593750
vt 0.250000 0.609375
vt 0.250000 0.625000
vt 0.234375 0.625000
vt 0.218750 0.625000
vt 0.203125 0.625000
vt 0.187500 0.609375
vt 0.187500 0.625000
vt 0.187500 0.593750
vt 0.265625 0.578125
vt 0.281250 0.578125
vt 0.281250 0.593750
vt 0.265625 0.593750
vt 0.296875 0.578125
vt 0.296875 0.593750
vt 0.281250 0.609375
vt 0.265625 0.609375
vt 0.296875 0.609375
vt 0.265625 0.562500
vt 0.281250 0.562500
vt 0.296875 0.562500
vt 0.312500 0.562500
vt 0.312500 0.578125
vt 0.312500 0.593750
vt 0.312500 0.609375
vt 0.312500 0.625000
vt 0.296875 0.625000
vt 0.281250 0.625000
vt 0.265625 0.625000
vt 0.203125 0.640625
vt 0.218750 0.640625
vt 0.218750 0.656250
vt 0.203125 0.656250
vt 0.234375 0.640625
vt 0.234375 0.656250
vt 0.218750 0.671875
vt 0.203125 0.671875
vt 0.234375 0.671875
vt 0.187500 0.640625
vt 0.250000 0.640625
vt 0.250000 0.656250
vt 0.250000 0.671875
vt 0.250000 0.687500
vt 0.234375 0.687500
vt 0.218750 0.687500
vt 0.203125 0.687500
vt 0.187500 0.671875
vt 0.187500 0.687500
vt 0.187500 0.656250
vt 0.265625 0.640625
vt 0.281250 0.640625
vt 0.281250 0.656250
vt 0.265625 0.656250
vt 0.296875 0.640625
vt 0.296875 0.656250
vt 0.281250 0.671875
vt 0.265625 0.671875
vt 0.296875 0.671875
vt 0.312500 0.640625
vt 0.312500 0.656250
vt 0.312500 0.671875
vt 0.312500 0.687500
vt 0.296875 0.687500
vt 0.281250 0.687500
vt 0.265625 0.687500
vt 0.140625 0.515625
vt 0.156250 0.515625
vt 0.156250 0.531250
vt 0.140625 0.531250
vt 0.171875 0.515625
vt 0.171875 0.531250
vt 0.156250 0.546875
vt 0.140625 0.546875
vt 0.171875 0.546875
vt 0.125000 0.500000
vt 0.140625 0.500000
vt 0.125000 0.515625
vt 0.156250 0.500000
vt 0.171875 0.500000
vt 0.187500 0.500000
vt 0.187500 0.515625
vt 0.187500 0.531250
vt 0.187500 0.546875
vt 0.187500 0.562500
vt 0.171875 0.562500
vt 0.156250 0.562500
vt 0.140625 0.562500
vt 0.125000 0.546875
vt 0.125000 0.562500
vt 0.125000 0.531250
vt 0.203125 0.515625
vt 0.218750 0.515625
vt 0.218750 0.531250
vt 0.203125 0.531250
vt 0.234375 0.515625
vt 0.234375 0.531250
vt 0.218750 0.546875
vt 0.203125 0.546875
vt 0.234375 0.546875
vt 0.203125 0.500000
vt 0.218750 0.500000
vt 0.234375 0.500000
vt 0.250000 0.500000
vt 0.250000 0.515625
vt 0.250000 0.531250
vt 0.250000 0.546875
vt 0.250000 0.562500
vt 0.218750 0.562500
vt 0.203125 0.562500
vt 0.265625 0.515625
vt 0.281250 0.515625
vt 0.281250 0.531250
vt 0.265625 0.531250
vt 0.296875 0.515625
vt 0.296875 0.531250
vt 0.281250 0.546875
vt 0.265625 0.546875
vt 0.296875 0.546875
vt 0.265625 0.500000
vt 0.281250 0.500000
vt 0.296875 0.500000
vt 0.312500 0.500000
vt 0.312500 0.515625
vt 0.312500 0.531250
vt 0.312500 0.546875
vt 0.312500 0.562500
vt 0.296875 0.562500
vt 0.281250 0.562500
vt 0.265625 0.562500
vt 0.328125 0.515625
vt 0.343750 0.515625
vt 0.343750 0.531250
vt 0.328125 0.531250
vt 0.359375 0.515625
vt 0.359375 0.531250
vt 0.343750 0.546875
vt 0.328125 0.546875
vt 0.359375 0.546875
vt 0.328125 0.500000
vt 0.343750 0.500000
vt 0.359375 0.500000
vt 0.359375 0.562500
vt 0.343750 0.562500
vt 0.328125 0.562500
vt 0.328125 0.578125
vt 0.343750 0.578125
vt 0.343750 0.593750
vt 0.328125 0.593750
vt 0.359375 0.578125
vt 0.359375 0.593750
vt 0.343750 0.609375
vt 0.328125 0.609375
vt 0.359375 0.609375
vt 0.328125 0.562500
vt 0.343750 0.562500
vt 0.359375 0.562500
vt 0.359375 0.625000
vt 0.343750 0.625000
vt 0.328125 0.625000
vt 0.328125 0.640625
vt 0.343750 0.640625
vt 0.343750 0.656250
vt 0.328125 0.656250
vt 0.359375 0.640625
vt 0.359375 0.656250
vt 0.343750 0.671875
vt 0.328125 0.671875
vt 0.359375 0.671875
vt 0.359375 0.687500
vt 0.343750 0.687500
vt 0.328125 0.687500
vt 0.328125 0.703125
vt 0.343750 0.703125
vt 0.343750 0.718750
vt 0.328125 0.718750
vt 0.359375 0.703125
vt 0.359375 0.718750
vt 0.343750 0.734375
vt 0.328125 0.734375
vt 0.359375 0.734375
vt 0.312500 0.687500
vt 0.328125 0.687500
vt 0.312500 0.703125
vt 0.359375 0.687500
vt 0.359375 0.750000
vt 0.343750 0.750000
vt 0.328125 0.750000
vt 0.312500 0.734375
vt 0.312500 0.750000
vt 0.312500 0.718750
vt 0.265625 0.703125
vt 0.281250 0.703125
vt 0.281250 0.718750
vt 0.265625 0.718750
vt 0.296875 0.703125
vt 0.296875 0.718750
vt 0.281250 0.734375
vt 0.265625 0.734375
vt 0.296875 0.734375
vt 0.250000 0.687500
vt 0.265625 0.687500
vt 0.250000 0.703125
vt 0.281250 0.687500
vt 0.296875 0.687500
vt 0.296875 0.750000
vt 0.281250 0.750000
vt 0.265625 0.750000
vt 0.250000 0.734375
vt 0.250000 0.750000
vt 0.250000 0.718750
vt 0.203125 0.703125
vt 0.218750 0.703125
vt 0.218750 0.718750
vt 0.203125 0.718750
vt 0.234375 0.703125
vt 0.234375 0.718750
vt 0.218750 0.734375
vt 0.203125 0.734375
vt 0.234375 0.734375
vt 0.187500 0.687500
vt 0.203125 0.687500
vt 0.187500 0.703125
vt 0.218750 0.687500
vt 0.234375 0.687500
vt 0.234375 0.750000
vt 0.218750 0.750000
vt 0.203125 0.750000
vt 0.187500 0.734375
vt 0.187500 0.750000
vt 0.187500 0.718750
vt 0.140625 0.703125
vt 0.156250 0.703125
vt 0.156250 0.718750
vt 0.140625 0.718750
vt 0.171875 0.703125
vt 0.171875 0.718750
vt 0.156250 0.734375
vt 0.140625 0.734375
vt 0.171875 0.734375
vt 0.125000 0.687500
vt 0.140625 0.687500
vt 0.125000 0.703125
vt 0.156250 0.687500
vt 0.171875 0.687500
vt 0.171875 0.750000
vt 0.156250 0.750000
vt 0.140625 0.750000
vt 0.125000 0.734375
vt 0.125000 0.750000
vt 0.125000 0.718750
vt 0.140625 0.640625
vt 0.156250 0.640625
vt 0.156250 0.656250
vt 0.140625 0.656250
vt 0.171875 0.640625
vt 0.171875 0.656250
vt 0.156250 0.671875
vt 0.140625 0.671875
vt 0.171875 0.671875
vt 0.125000 0.625000
vt 0.140625 0.625000
vt 0.125000 0.640625
vt 0.156250 0.625000
vt 0.171875 0.625000
vt 0.187500 0.625000
vt 0.187500 0.640625
vt 0.187500 0.656250
vt 0.125000 0.671875
vt 0.125000 0.656250
vt 0.140625 0.578125
vt 0.156250 0.578125
vt 0.156250 0.593750
vt 0.140625 0.593750
vt 0.171875 0.578125
vt 0.171875 0.593750
vt 0.156250 0.609375
vt 0.140625 0.609375
vt 0.171875 0.609375
vt 0.125000 0.578125
vt 0.187500 0.578125
vt 0.187500 0.609375
vt 0.125000 0.609375
vt 0.125000 0.593750
vt 0.703125 0.578125
vt 0.718750 0.578125
vt 0.718750 0.593750
vt 0.703125 0.593750
vt 0.734375 0.578125
vt 0.734375 0.593750
vt 0.718750 0.609375
vt 0.703125 0.609375
vt 0.734375 0.609375
vt 0.687500 0.562500
vt 0.703125 0.562500
vt 0.687500 0.578125
vt 0.718750 0.562500
vt 0.734375 0.562500
vt 0.750000 0.562500
vt 0.750000 0.578125
vt 0.750000 0.593750
vt 0.750000 0.609375
vt 0.750000 0.625000
vt 0.734375 0.625000
vt 0.718750 0.625000
vt 0.703125 0.625000
vt 0.687500 0.609375
vt 0.687500 0.625000
vt 0.687500 0.593750
vt 0.765625 0.578125
vt 0.781250 0.578125
vt 0.781250 0.593750
vt 0.765625 0.593750
vt 0.796875 0.578125
vt 0.796875 0.593750
vt 0.781250 0.609375
vt 0.765625 0.609375
vt 0.796875 0.609375
vt 0.765625 0.562500
vt 0.781250 0.562500
vt 0.796875 0.562500
vt 0.812500 0.562500
vt 0.812500 0.578125
vt 0.812500 0.593750
vt 0.812500 0.609375
vt 0.812500 0.625000
vt 0.796875 0.625000
vt 0.781250 0.625000
vt 0.765625 0.625000
vt 0.703125 0.640625
vt 0.718750 0.640625
vt 0.718750 0.656250
vt 0.703125 0.656250
vt 0.734375 0.640625
vt 0.734375 0.656250
vt 0.718750 0.671875
vt 0.703125 0.671875
vt 0.734375 0.671875
vt 0.687500 0.640625
vt 0.750000 0.640625
vt 0.750000 0.656250
vt 0.750000 0.671875
vt 0.750000 0.687500
vt 0.734375 0.687500
vt 0.718750 0.687500
vt 0.703125 0.687500
vt 0.687500 0.671875
vt 0.687500 0.687500
vt 0.687500 0.656250
vt 0.765625 0.640625
vt 0.781250 0.640625
vt 0.781250 0.656250
vt 0.765625 0.656250
vt 0.796875 0.640625
vt 0.796875 0.656250
vt 0.781250 0.671875
vt 0.765625 0.671875
vt 0.796875 0.671875
vt 0.812500 0.640625
vt 0.812500 0.656250
vt 0.812500 0.671875
vt 0.812500 0.687500
vt 0.796875 0.687500
vt 0.781250 0.687500
vt 0.765625 0.687500
vt 0.640625 0.515625
vt 0.656250 0.515625
vt 0.656250 0.531250
vt 0.640625 0.531250
vt 0.671875 0.515625
vt 0.671875 0.531250
vt 0.656250 0.546875
vt 0.640625 0.546875
vt 0.671875 0.546875
vt 0.640625 0.500000
vt 0.656250 0.500000
vt 0.671875 0.500000
vt 0.687500 0.500000
vt 0.687500 0.515625
vt 0.687500 0.531250
vt 0.687500 0.546875
vt 0.687500 0.562500
vt 0.671875 0.562500
vt 0.656250 0.562500
vt 0.640625 0.562500
vt 0.703125 0.515625
vt 0.718750 0.515625
vt 0.718750 0.531250
vt 0.703125 0.531250
vt 0.734375 0.515625
vt 0.734375 0.531250
vt 0.718750 0.546875
vt 0.703125 0.546875
vt 0.734375 0.546875
vt 0.703125 0.500000
vt 0.718750 0.500000
vt 0.734375 0.500000
vt 0.750000 0.500000
vt 0.750000 0.515625
vt 0.750000 0.531250
vt 0.750000 0.546875
vt 0.750000 0.562500
vt 0.734375 0.562500
vt 0.718750 0.562500
vt 0.703125 0.562500
vt 0.765625 0.515625
vt 0.781250 0.515625
vt 0.781250 0.531250
vt 0.765625 0.531250
vt 0.796875 0.515625
vt 0.796875 0.531250
vt 0.781250 0.546875
vt 0.765625 0.546875
vt 0.796875 0.546875
vt 0.765625 0.500000
vt 0.781250 0.500000
vt 0.796875 0.500000
vt 0.812500 0.500000
vt 0.812500 0.515625
vt 0.812500 0.531250
vt 0.812500 0.546875
vt 0.812500 0.562500
vt 0.796875 0.562500
vt 0.781250 0.562500
vt 0.765625 0.562500
vt 0.828125 0.515625
vt 0.843750 0.515625
vt 0.843750 0.531250
vt 0.828125 0.531250
vt 0.859375 0.515625
vt 0.859375 0.531250
vt 0.843750 0.546875
vt 0.828125 0.546875
vt 0.859375 0.546875
vt 0.828125 0.500000
vt 0.843750 0.500000
vt 0.859375 0.500000
vt 0.875000 0.500000
vt 0.875000 0.515625
vt 0.875000 0.531250
vt 0.875000 0.546875
vt 0.875000 0.562500
vt 0.859375 0.562500
vt 0.843750 0.562500
vt 0.828125 0.562500
vt 0.828125 0.578125
vt 0.843750 0.578125
vt 0.843750 0.593750
vt 0.828125 0.593750
vt 0.859375 0.578125
vt 0.859375 0.593750
vt 0.843750 0.609375
vt 0.828125 0.609375
vt 0.859375 0.609375
vt 0.875000 0.578125
vt 0.875000 0.593750
vt 0.875000 0.609375
vt 0.875000 0.625000
vt 0.859375 0.625000
vt 0.843750 0.625000
vt 0.828125 0.625000
vt 0.812500 0.609375
vt 0.812500 0.625000
vt 0.812500 0.593750
vt 0.828125 0.640625
vt 0.843750 0.640625
vt 0.843750 0.656250
vt 0.828125 0.656250
vt 0.859375 0.640625
vt 0.859375 0.656250
vt 0.843750 0.671875
vt 0.828125 0.671875
vt 0.859375 0.671875
vt 0.812500 0.640625
vt 0.875000 0.640625
vt 0.875000 0.656250
vt 0.875000 0.671875
vt 0.875000 0.687500
vt 0.859375 0.687500
vt 0.843750 0.687500
vt 0.828125 0.687500
vt 0.812500 0.671875
vt 0.812500 0.687500
vt 0.812500 0.656250
vt 0.828125 0.703125
vt 0.843750 0.703125
vt 0.843750 0.718750
vt 0.828125 0.718750
vt 0.859375 0.703125
vt 0.859375 0.718750
vt 0.843750 0.734375
vt 0.828125 0.734375
vt 0.859375 0.734375
vt 0.812500 0.703125
vt 0.875000 0.703125
vt 0.875000 0.718750
vt 0.875000 0.734375
vt 0.875000 0.750000
vt 0.859375 0.750000
vt 0.843750 0.750000
vt 0.828125 0.750000
vt 0.812500 0.734375
vt 0.812500 0.750000
vt 0.812500 0.718750
vt 0.765625 0.703125
vt 0.781250 0.703125
vt 0.781250 0.718750
vt 0.765625 0.718750
vt 0.796875 0.703125
vt 0.796875 0.718750
vt 0.781250 0.734375
vt 0.765625 0.734375
vt 0.796875 0.734375
vt 0.750000 0.687500
vt 0.765625 0.687500
vt 0.750000 0.703125
vt 0.781250 0.687500
vt 0.796875 0.687500
vt 0.796875 0.750000
vt 0.781250 0.750000
vt 0.765625 0.750000
vt 0.750000 0.734375
vt 0.750000 0.750000
vt 0.750000 0.718750
vt 0.703125 0.703125
vt 0.718750 0.703125
vt 0.718750 0.718750
vt 0.703125 0.718750
vt 0.734375 0.703125
vt 0.734375 0.718750
vt 0.718750 0.734375
vt 0.703125 0.734375
vt 0.734375 0.734375
vt 0.687500 0.687500
vt 0.687500 0.703125
vt 0.718750 0.687500
vt 0.734375 0.687500
vt 0.734375 0.750000
vt 0.718750 0.750000
vt 0.703125 0.750000
vt 0.687500 0.734375
vt 0.687500 0.750000
vt 0.687500 0.718750
vt 0.640625 0.703125
vt 0.656250 0.703125
vt 0.656250 0.718750
vt 0.640625 0.718750
vt 0.671875 0.703125
vt 0.671875 0.718750
vt 0.656250 0.734375
vt 0.640625 0.734375
vt 0.671875 0.734375
vt 0.640625 0.687500
vt 0.656250 0.687500
vt 0.671875 0.687500
vt 0.671875 0.750000
vt 0.656250 0.750000
vt 0.640625 0.750000
vt 0.640625 0.640625
vt 0.656250 0.640625
vt 0.656250 0.656250
vt 0.640625 0.656250
vt 0.671875 0.640625
vt 0.671875 0.656250
vt 0.656250 0.671875
vt 0.640625 0.671875
vt 0.671875 0.671875
vt 0.640625 0.625000
vt 0.656250 0.625000
vt 0.671875 0.625000
vt 0.671875 0.687500
vt 0.656250 0.687500
vt 0.640625 0.687500
vt 0.640625 0.578125
vt 0.656250 0.578125
vt 0.656250 0.593750
vt 0.640625 0.593750
vt 0.671875 0.578125
vt 0.671875 0.593750
vt 0.656250 0.609375
vt 0.640625 0.609375
vt 0.671875 0.609375
vt 0.640625 0.562500
vt 0.656250 0.562500
vt 0.671875 0.562500
s 1
f 675/1/675 676/2/676 679/3/679 678/4/678
f 676/2/676 677/5/677 680/6/680 679/3/679
f 678/4/678 679/3/679 682/7/682 681/8/681
f 679/3/679 680/6/680 683/9/683 682/7/682
f 45/10/45 243/11/243 675/1/675 249/12/249
f 243/11/243 244/13/244 676/2/676 675/1/675
f 244/13/244 245/14/245 677/5/677 676/2/676
f 245/14/245 46/15/46 252/16/252 677/5/677
f 677/5/677 252/16/252 253/17/253 680/6/680
f 680/6/680 253/17/253 254/18/254 683/9/683
f 683/9/683 254/18/254 49/19/49 260/20/260
f 682/7/682 683/9/683 260/20/260 259/21/259
f 681/8/681 682/7/682 259/21/259 258/22/258
f 251/23/251 681/8/681 258/22/258 48/24/48
f 250/25/250 678/4/678 681/8/681 251/23/251
f 249/12/249 675/1/675 678/4/678 250/25/250
f 684/26/684 685/27/685 688/28/688 687/29/687
f 685/27/685 686/30/686 689/31/689 688/28/688
f 687/29/687 688/28/688 691/32/691 690/33/690
f 688/28/688 689/31/689 692/34/692 691/32/691
f 46/15/46 246/35/246 684/26/684 252/16/252
f 246/35/246 247/36/247 685/27/685 684/26/684
f 247/36/247 248/37/248 686/30/686 685/27/685
f 248/37/248 47/38/47 255/39/255 686/30/686
f 686/30/686 255/39/255 256/40/256 689/31/689
f 689/31/689 256/40/256 257/41/257 692/34/692
f 692/34/692 257/41/257 50/42/50 263/43/263
f 691/32/691 692/34/692 263/43/263 262/44/262
f 690/33/690 691/32/691 262/44/262 261/45/261
f 254/18/254 690/33/690 261/45/261 49/19/49
f 253/17/253 687/29/687 690/33/690 254/18/254
f 252/16/252 684/26/684 687/29/687 253/17/253
f 693/46/693 694/47/694 697/48/697 696/49/696
f 694/47/694 695/50/695 698/51/698 697/48/697
f 696/49/696 697/48/697 700/52/700 699/53/699
f 697/48/697 698/51/698 701/54/701 700/52/700
f 48/24/48 258/22/258 693/46/693 264/55/264
f 258/22/258 259/21/259 694/47/694 693/46/693
f 259/21/259 260/20/260 695/50/695 694/47/694
f 260/20/260 49/19/49 267/56/267 695/50/695
f 695/50/695 267/56/267 268/57/268 698/51/698
f 698/51/698 268/57/268 269/58/269 701/54/701
f 701/54/701 269/58/269 52/59/52 275/60/275
f 700/52/700 701/54/701 275/60/275 274/61/274
f 699/53/699 700/52/700 274/61/274 273/62/273
f 266/63/266 699/53/699 273/62/273 51/64/51
f 265/65/265 696/49/696 699/53/699 266/63/266
f 264/55/264 693/46/693 696/49/696 265/65/265
f 702/66/702 703/67/703 706/68/706 705/69/705
f 703/67/703 704/70/704 707/71/707 706/68/706
f 705/69/705 706/68/706 709/72/709 708/73/708
f 706/68/706 707/71/707 710/74/710 709/72/709
f 49/19/49 261/45/261 702/66/702 267/56/267
f 261/45/261 262/44/262 703/67/703 702/66/702
f 262/44/262 263/43/263 704/70/704 703/67/703
f 263/43/263 50/42/50 270/75/270 704/70/704
f 704/70/704 270/75/270 271/76/271 707/71/707
f 707/71/707 271/76/271 272/77/272 710/74/710
f 710/74/710 272/77/272 53/78/53 278/79/278
f 709/72/709 710/74/710 278/79/278 277/80/277
f 708/73/708 709/72/709 277/80/277 276/81/276
f 269/58/269 708/73/708 276/81/276 52/59/52
f 268/57/268 705/69/705 708/73/708 269/58/269
f 267/56/267 702/66/702 705/69/705 268/57/268
f 711/82/711 712/83/712 715/84/715 714/85/714
f 712/83/712 713/86/713 716/87/716 715/84/715
f 714/85/714 715/84/715 718/88/718 717/89/717
f 715/84/715 716/87/716 719/90/719 718/88/718
f 1/91/1 111/92/111 711/82/711 110/93/110
f 111/92/111 112/94/112 712/83/712 711/82/711
f 112/94/112 113/95/113 713/86/713 712/83/712
f 113/95/113 12/96/12 279/97/279 713/86/713
f 713/86/713 279/97/279 280/98/280 716/87/716
f 716/87/716 280/98/280 281/99/281 719/90/719
f 719/90/719 281/99/281 45/100/45 314/101/314
f 718/88/718 719/90/719 314/101/314 313/102/313
f 717/89/717 718/88/718 313/102/313 312/103/312
f 108/104/108 717/89/717 312/103/312 11/105/11
f 109/106/109 714/85/714 717/89/717 108/104/108
f 110/93/110 711/82/711 714/85/714 109/106/109
f 720/107/720 721/108/721 724/109/724 723/110/723
f 721/108/721 722/111/722 725/112/725 724/109/724
f 723/110/723 724/109/724 727/113/727 726/114/726
f 724/109/724 725/112/725 728/115/728 727/113/727
f 12/96/12 114/116/114 720/107/720 279/97/279
f 114/116/114 115/117/115 721/108/721 720/107/720
f 115/117/115 116/118/116 722/111/722 721/108/721
f 116/118/116 13/119/13 282/120/282 722/111/722
f 722/111/722 282/120/282 283/121/283 725/112/725
f 725/112/725 283/121/283 284/122/284 728/115/728
f 728/115/728 284/122/284 46/123/46 245/14/245
f 727/113/727 728/115/728 245/14/245 244/124/244
f 726/114/726 727/113/727 244/124/244 243/11/243
f 281/99/281 726/114/726 243/11/243 45/100/45
f 280/98/280 723/110/723 726/114/726 281/99/281
f 279/97/279 720/107/720 723/110/723 280/98/280
f 729/125/729 730/126/730 733/127/733 732/128/732
f 730/126/730 731/129/731 734/130/734 733/127/733
f 732/128/732 733/127/733 736/131/736 735/132/735
f 733/127/733 734/130/734 737/133/737 736/131/736
f 13/119/13 117/134/117 729/125/729 282/120/282
f 117/134/117 118/135/118 730/126/730 729/125/729
f 118/135/118 119/136/119 731/129/731 730/126/730
f 119/136/119 14/137/14 285/138/285 731/129/731
f 731/129/731 285/138/285 286/139/286 734/130/734
f 734/130/734 286/139/286 287/140/287 737/133/737
f 737/133/737 287/140/287 47/141/47 248/37/248
f 736/131/736 737/133/737 248/37/248 247/142/247
f 735/132/735 736/131/736 247/142/247 246/143/246
f 284/122/284 735/132/735 246/143/246 46/123/46
f 283/121/283 732/128/732 735/132/735 284/122/284
f 282/120/282 729/125/729 732/128/732 283/121/283
f 738/144/738 739/145/739 742/146/742 741/147/741
f 739/145/739 740/148/740 743/149/743 742/146/742
f 741/147/741 742/146/742 745/150/745 744/151/744
f 742/146/742 743/149/743 746/152/746 745/150/745
f 14/137/14 120/153/120 738/144/738 285/138/285
f 120/153/120 121/154/121 739/145/739 738/144/738
f 121/154/121 122/155/122 740/148/740 739/145/739
f 122/155/122 2/156/2 123/157/123 740/148/740
f 740/148/740 123/157/123 124/158/124 743/149/743
f 743/149/743 124/158/124 125/159/125 746/152/746
f 746/152/746 125/159/125 15/160/15 288/161/288
f 745/150/745 746/152/746 288/161/288 289/162/289
f 744/151/744 745/150/745 289/162/289 290/163/290
f 287/140/287 744/151/744 290/163/290 47/141/47
f 286/139/286 741/147/741 744/151/744 287/140/287
f 285/138/285 738/144/738 741/147/741 286/139/286
f 747/164/747 748/165/748 751/166/751 750/167/750
f 748/165/748 749/168/749 752/169/752 751/166/751
f 750/167/750 751/166/751 754/170/754 753/171/753
f 751/166/751 752/169/752 755/172/755 754/170/754
f 47/141/47 290/163/290 747/164/747 255/39/255
f 290/163/290 289/162/289 748/165/748 747/164/747
f 289/162/289 288/161/288 749/168/749 748/165/748
f 288/161/288 15/160/15 126/173/126 749/168/749
f 749/168/749 126/173/126 127/174/127 752/169/752
f 752/169/752 127/174/127 128/175/128 755/172/755
f 755/172/755 128/175/128 16/176/16 291/177/291
f 754/170/754 755/172/755 291/177/291 292/178/292
f 753/171/753 754/170/754 292/178/292 293/179/293
f 257/180/257 753/171/753 293/179/293 50/181/50
f 256/182/256 750/167/750 753/171/753 257/180/257
f 255/39/255 747/164/747 750/167/750 256/182/256
f 756/183/756 757/184/757 760/185/760 759/186/759
f 757/184/757 758/187/758 761/188/761 760/185/760
f 759/186/759 760/185/760 763/189/763 762/190/762
f 760/185/760 761/188/761 764/191/764 763/189/763
f 50/181/50 293/179/293 756/183/756 270/192/270
f 293/179/293 292/178/292 757/184/757 756/183/756
f 292/178/292 291/177/291 758/187/758 757/184/757
f 291/177/291 16/176/16 129/193/129 758/187/758
f 758/187/758 129/193/129 130/194/130 761/188/761
f 761/188/761 130/194/130 131/195/131 764/191/764
f 764/191/764 131/195/131 17/196/17 294/197/294
f 763/189/763 764/191/764 294/197/294 295/198/295
f 762/190/762 763/189/763 295/198/295 296/199/296
f 272/200/272 762/190/762 296/199/296 53/201/53
f 271/202/271 759/186/759 762/190/762 272/200/272
f 270/192/270 756/183/756 759/186/759 271/202/271
f 765/203/765 766/204/766 769/205/769 768/206/768
f 766/204/766 767/207/767 770/208/770 769/205/769
f 768/206/768 769/205/769 772/209/772 771/210/771
f 769/205/769 770/208/770 773/211/773 772/209/772
f 53/201/53 296/199/296 765/203/765 299/212/299
f 296/199/296 295/198/295 766/204/766 765/203/765
f 295/198/295 294/197/294 767/207/767 766/204/766
f 294/197/294 17/196/17 132/213/132 767/207/767
f 767/207/767 132/213/132 133/214/133 770/208/770
f 770/208/770 133/214/133 134/215/134 773/211/773
f 773/211/773 134/215/134 4/216/4 135/217/135
f 772/209/772 773/211/773 135/217/135 136/218/136
f 771/210/771 772/209/772 136/218/136 137/219/137
f 297/220/297 771/210/771 137/219/137 18/221/18
f 298/222/298 768/206/768 771/210/771 297/220/297
f 299/212/299 765/203/765 768/206/768 298/222/298
f 774/223/774 775/224/775 778/225/778 777/226/777
f 775/224/775 776/227/776 779/228/779 778/225/778
f 777/226/777 778/225/778 781/229/781 780/230/780
f 778/225/778 779/228/779 782/231/782 781/229/781
f 52/59/52 276/81/276 774/223/774 302/232/302
f 276/81/276 277/80/277 775/224/775 774/223/774
f 277/80/277 278/79/278 776/227/776 775/224/775
f 278/79/278 53/78/53 299/233/299 776/227/776
f 776/227/776 299/233/299 298/234/298 779/228/779
f 779/228/779 298/234/298 297/235/297 782/231/782
f 782/231/782 297/235/297 18/221/18 138/236/138
f 781/229/781 782/231/782 138/236/138 139/237/139
f 780/230/780 781/229/781 139/237/139 140/238/140
f 300/239/300 780/230/780 140/238/140 19/240/19
f 301/241/301 777/226/777 780/230/780 300/239/300
f 302/232/302 774/223/774 777/226/777 301/241/301
f 783/242/783 784/243/784 787/244/787 786/245/786
f 784/243/784 785/246/785 788/247/788 787/244/787
f 786/245/786 787/244/787 790/248/790 789/249/789
f 787/244/787 788/247/788 791/250/791 790/248/790
f 51/64/51 273/62/273 783/242/783 305/251/305
f 273/62/273 274/61/274 784/243/784 783/242/783
f 274/61/274 275/60/275 785/246/785 784/243/784
f 275/60/275 52/59/52 302/232/302 785/246/785
f 785/246/785 302/232/302 301/241/301 788/247/788
f 788/247/788 301/241/301 300/239/300 791/250/791
f 791/250/791 300/239/300 19/240/19 141/252/141
f 790/248/790 791/250/791 141/252/141 142/253/142
f 789/249/789 790/248/790 142/253/142 143/254/143
f 303/255/303 789/249/789 143/254/143 20/256/20
f 304/257/304 786/245/786 789/249/789 303/255/303
f 305/251/305 783/242/783 786/245/786 304/257/304
f 792/258/792 793/259/793 796/260/796 795/261/795
f 793/259/793 794/262/794 797/263/797 796/260/796
f 795/261/795 796/260/796 799/264/799 798/265/798
f 796/260/796 797/263/797 800/266/800 799/264/799
f 9/267/9 306/268/306 792/258/792 101/269/101
f 306/268/306 307/270/307 793/259/793 792/258/792
f 307/270/307 308/271/308 794/262/794 793/259/793
f 308/271/308 51/272/51 305/273/305 794/262/794
f 794/262/794 305/273/305 304/274/304 797/263/797
f 797/263/797 304/274/304 303/255/303 800/266/800
f 800/266/800 303/255/303 20/275/20 144/276/144
f 799/264/799 800/266/800 144/276/144 145/277/145
f 798/265/798 799/264/799 145/277/145 146/278/146
f 99/279/99 798/265/798 146/278/146 3/280/3
f 100/281/100 795/261/795 798/265/798 99/279/99
f 101/269/101 792/258/792 795/261/795 100/281/100
f 801/282/801 802/283/802 805/284/805 804/285/804
f 802/283/802 803/286/803 806/287/806 805/284/805
f 804/285/804 805/284/805 808/288/808 807/289/807
f 805/284/805 806/287/806 809/290/809 808/288/808
f 10/291/10 309/292/309 801/282/801 104/293/104
f 309/292/309 310/294/310 802/283/802 801/282/801
f 310/294/310 311/295/311 803/286/803 802/283/802
f 311/295/311 48/296/48 264/297/264 803/286/803
f 803/286/803 264/297/264 265/298/265 806/287/806
f 806/287/806 265/298/265 266/63/266 809/290/809
f 809/290/809 266/63/266 51/272/51 308/271/308
f 808/288/808 809/290/809 308/271/308 307/270/307
f 807/289/807 808/288/808 307/270/307 306/268/306
f 102/299/102 807/289/807 306/268/306 9/267/9
f 103/300/103 804/285/804 807/289/807 102/299/102
f 104/293/104 801/282/801 804/285/804 103/300/103
f 810/301/810 811/302/811 814/303/814 813/304/813
f 811/302/811 812/305/812 815/306/815 814/303/814
f 813/304/813 814/303/814 817/307/817 816/308/816
f 814/303/814 815/306/815 818/309/818 817/307/817
f 11/105/11 312/103/312 810/301/810 107/310/107
f 312/103/312 313/102/313 811/302/811 810/301/810
f 313/102/313 314/101/314 812/305/812 811/302/811
f 314/101/314 45/100/45 249/311/249 812/305/812
f 812/305/812 249/311/249 250/312/250 815/306/815
f 815/306/815 250/312/250 251/313/251 818/309/818
f 818/309/818 251/313/251 48/296/48 311/295/311
f 817/307/817 818/309/818 311/295/311 310/294/310
f 816/308/816 817/307/817 310/294/310 309/292/309
f 105/314/105 816/308/816 309/292/309 10/291/10
f 106/315/106 813/304/813 816/308/816 105/314/105
f 107/310/107 810/301/810 813/304/813 106/315/106
f 819/316/819 820/317/820 823/318/823 822/319/822
f 820/317/820 821/320/821 824/321/824 823/318/823
f 822/319/822 823/318/823 826/322/826 825/323/825
f 823/318/823 824/321/824 827/324/827 826/322/826
f 54/325/54 315/326/315 819/316/819 321/327/321
f 315/326/315 316/328/316 820/317/820 819/316/819
f 316/328/316 317/329/317 821/320/821 820/317/820
f 317/329/317 55/330/55 324/331/324 821/320/821
f 821/320/821 324/331/324 325/332/325 824/321/824
f 824/321/824 325/332/325 326/333/326 827/324/827
f 827/324/827 326/333/326 58/334/58 332/335/332
f 826/322/826 827/324/827 332/335/332 331/336/331
f 825/323/825 826/322/826 331/336/331 330/337/330
f 323/338/323 825/323/825 330/337/330 57/339/57
f 322/340/322 822/319/822 825/323/825 323/338/323
f 321/327/321 819/316/819 822/319/822 322/340/322
f 828/341/828 829/342/829 832/343/832 831/344/831
f 829/342/829 830/345/830 833/346/833 832/343/832
f 831/344/831 832/343/832 835/347/835 834/348/834
f 832/343/832 833/346/833 836/349/836 835/347/835
f 55/330/55 318/350/318 828/341/828 324/331/324
f 318/350/318 319/351/319 829/342/829 828/341/828
f 319/351/319 320/352/320 830/345/830 829/342/829
f 320/352/320 56/353/56 327/354/327 830/345/830
f 830/345/830 327/354/327 328/355/328 833/346/833
f 833/346/833 328/355/328 329/356/329 836/349/836
f 836/349/836 329/356/329 59/357/59 335/358/335
f 835/347/835 836/349/836 335/358/335 334/359/334
f 834/348/834 835/347/835 334/359/334 333/360/333
f 326/333/326 834/348/834 333/360/333 58/334/58
f 325/332/325 831/344/831 834/348/834 326/333/326
f 324/331/324 828/341/828 831/344/831 325/332/325
f 837/361/837 838/362/838 841/363/841 840/364/840
f 838/362/838 839/365/839 842/366/842 841/363/841
f 840/364/840 841/363/841 844/367/844 843/368/843
f 841/363/841 842/366/842 845/369/845 844/367/844
f 57/339/57 330/337/330 837/361/837 336/370/336
f 330/337/330 331/336/331 838/362/838 837/361/837
f 331/336/331 332/335/332 839/365/839 838/362/838
f 332/335/332 58/334/58 339/371/339 839/365/839
f 839/365/839 339/371/339 340/372/340 842/366/842
f 842/366/842 340/372/340 341/373/341 845/369/845
f 845/369/845 341/373/341 61/374/61 347/375/347
f 844/367/844 845/369/845 347/375/347 346/376/346
f 843/368/843 844/367/844 346/376/346 345/377/345
f 338/378/338 843/368/843 345/377/345 60/379/60
f 337/380/337 840/364/840 843/368/843 338/378/338
f 336/370/336 837/361/837 840/364/840 337/380/337
f 846/381/846 847/382/847 850/383/850 849/384/849
f 847/382/847 848/385/848 851/386/851 850/383/850
f 849/384/849 850/383/850 853/387/853 852/388/852
f 850/383/850 851/386/851 854/389/854 853/387/853
f 58/334/58 333/360/333 846/381/846 339/371/339
f 333/360/333 334/359/334 847/382/847 846/381/846
f 334/359/334 335/358/335 848/385/848 847/382/847
f 335/358/335 59/357/59 342/390/342 848/385/848
f 848/385/848 342/390/342 343/391/343 851/386/851
f 851/386/851 343/391/343 344/392/344 854/389/854
f 854/389/854 344/392/344 62/393/62 350/394/350
f 853/387/853 854/389/854 350/394/350 349/395/349
f 852/388/852 853/387/853 349/395/349 348/396/348
f 341/373/341 852/388/852 348/396/348 61/374/61
f 340/372/340 849/384/849 852/388/852 341/373/341
f 339/371/339 846/381/846 849/384/849 340/372/340
f 855/397/855 856/398/856 859/399/859 858/400/858
f 856/398/856 857/401/857 860/402/860 859/399/859
f 858/400/858 859/399/859 862/403/862 861/404/861
f 859/399/859 860/402/860 863/405/863 862/403/862
f 3/280/3 146/278/146 855/397/855 158/406/158
f 146/278/146 145/277/145 856/398/856 855/397/855
f 145/277/145 144/276/144 857/401/857 856/398/856
f 144/276/144 20/275/20 351/407/351 857/401/857
f 857/401/857 351/407/351 352/408/352 860/402/860
f 860/402/860 352/408/352 353/409/353 863/405/863
f 863/405/863 353/409/353 54/325/54 386/410/386
f 862/403/862 863/405/863 386/410/386 385/411/385
f 861/404/861 862/403/862 385/411/385 384/412/384
f 156/413/156 861/404/861 384/412/384 23/414/23
f 157/415/157 858/400/858 861/404/861 156/413/156
f 158/406/158 855/397/855 858/400/858 157/415/157
f 864/416/864 865/417/865 868/418/868 867/419/867
f 865/417/865 866/420/866 869/421/869 868/418/868
f 867/419/867 868/418/868 871/422/871 870/423/870
f 868/418/868 869/421/869 872/424/872 871/422/871
f 20/256/20 143/254/143 864/416/864 351/425/351
f 143/254/143 142/253/142 865/417/865 864/416/864
f 142/253/142 141/252/141 866/420/866 865/417/865
f 141/252/141 19/240/19 354/426/354 866/420/866
f 866/420/866 354/426/354 355/427/355 869/421/869
f 869/421/869 355/427/355 356/428/356 872/424/872
f 872/424/872 356/428/356 55/330/55 317/329/317
f 871/422/871 872/424/872 317/329/317 316/328/316
f 870/423/870 871/422/871 316/328/316 315/326/315
f 353/429/353 870/423/870 315/326/315 54/325/54
f 352/430/352 867/419/867 870/423/870 353/429/353
f 351/425/351 864/416/864 867/419/867 352/430/352
f 873/431/873 874/432/874 877/433/877 876/434/876
f 874/432/874 875/435/875 878/436/878 877/433/877
f 876/434/876 877/433/877 880/437/880 879/438/879
f 877/433/877 878/436/878 881/439/881 880/437/880
f 19/240/19 140/238/140 873/431/873 354/426/354
f 140/238/140 139/237/139 874/432/874 873/431/873
f 139/237/139 138/236/138 875/435/875 874/432/874
f 138/236/138 18/221/18 357/440/357 875/435/875
f 875/435/875 357/440/357 358/441/358 878/436/878
f 878/436/878 358/441/358 359/442/359 881/439/881
f 881/439/881 359/442/359 56/353/56 320/352/320
f 880/437/880 881/439/881 320/352/320 319/351/319
f 879/438/879 880/437/880 319/351/319 318/350/318
f 356/428/356 879/438/879 318/350/318 55/330/55
f 355/427/355 876/434/876 879/438/879 356/428/356
f 354/426/354 873/431/873 876/434/876 355/427/355
f 882/443/882 883/444/883 886/445/886 885/446/885
f 883/444/883 884/447/884 887/448/887 886/445/886
f 885/446/885 886/445/886 889/449/889 888/450/888
f 886/445/886 887/448/887 890/451/890 889/449/889
f 18/221/18 137/219/137 882/443/882 357/452/357
f 137/219/137 136/218/136 883/444/883 882/443/882
f 136/218/136 135/217/135 884/447/884 883/444/883
f 135/217/135 4/216/4 159/453/159 884/447/884
f 884/447/884 159/453/159 160/454/160 887/448/887
f 887/448/887 160/454/160 161/455/161 890/451/890
f 890/451/890 161/455/161 24/456/24 360/457/360
f 889/449/889 890/451/890 360/457/360 361/458/361
f 888/450/888 889/449/889 361/458/361 362/459/362
f 359/442/359 888/450/888 362/459/362 56/353/56
f 358/460/358 885/446/885 888/450/888 359/442/359
f 357/452/357 882/443/882 885/446/885 358/460/358
f 891/461/891 892/462/892 895/463/895 894/464/894
f 892/462/892 893/465/893 896/466/896 895/463/895
f 894/464/894 895/463/895 898/467/898 897/468/897
f 895/463/895 896/466/896 899/469/899 898/467/898
f 56/353/56 362/459/362 891/461/891 327/354/327
f 362/459/362 361/458/361 892/462/892 891/461/891
f 361/458/361 360/457/360 893/465/893 892/462/892
f 360/457/360 24/456/24 162/470/162 893/465/893
f 893/465/893 162/470/162 163/471/163 896/466/896
f 896/466/896 163/471/163 164/472/164 899/469/899
f 899/469/899 164/472/164 25/473/25 363/474/363
f 898/467/898 899/469/899 363/474/363 364/475/364
f 897/468/897 898/467/898 364/475/364 365/476/365
f 329/477/329 897/468/897 365/476/365 59/478/59
f 328/479/328 894/464/894 897/468/897 329/477/329
f 327/354/327 891/461/891 894/464/894 328/479/328
f 900/480/900 901/481/901 904/482/904 903/483/903
f 901/481/901 902/484/902 905/485/905 904/482/904
f 903/483/903 904/482/904 907/486/907 906/487/906
f 904/482/904 905/485/905 908/488/908 907/486/907
f 59/478/59 365/476/365 900/480/900 342/390/342
f 365/476/365 364/475/364 901/481/901 900/480/900
f 364/475/364 363/474/363 902/484/902 901/481/901
f 363/474/363 25/473/25 165/489/165 902/484/902
f 902/484/902 165/489/165 166/490/166 905/485/905
f 905/485/905 166/490/166 167/491/167 908/488/908
f 908/488/908 167/491/167 26/492/26 366/493/366
f 907/486/907 908/488/908 366/493/366 367/494/367
f 906/487/906 907/486/907 367/494/367 368/495/368
f 344/496/344 906/487/906 368/495/368 62/393/62
f 343/497/343 903/483/903 906/487/906 344/496/344
f 342/390/342 900/480/900 903/483/903 343/497/343
f 909/498/909 910/499/910 913/500/913 912/501/912
f 910/499/910 911/502/911 914/503/914 913/500/913
f 912/501/912 913/500/913 916/504/916 915/505/915
f 913/500/913 914/503/914 917/506/917 916/504/916
f 62/393/62 368/495/368 909/498/909 371/507/371
f 368/495/368 367/494/367 910/499/910 909/498/909
f 367/494/367 366/493/366 911/502/911 910/499/910
f 366/493/366 26/492/26 168/508/168 911/502/911
f 911/502/911 168/508/168 169/509/169 914/503/914
f 914/503/914 169/509/169 170/510/170 917/506/917
f 917/506/917 170/510/170 8/511/8 171/512/171
f 916/504/916 917/506/917 171/512/171 172/513/172
f 915/505/915 916/504/916 172/513/172 173/514/173
f 369/515/369 915/505/915 173/514/173 27/516/27
f 370/517/370 912/501/912 915/505/915 369/515/369
f 371/507/371 909/498/909 912/501/912 370/517/370
f 918/518/918 919/519/919 922/520/922 921/521/921
f 919/519/919 920/522/920 923/523/923 922/520/922
f 921/521/921 922/520/922 925/524/925 924/525/924
f 922/520/922 923/523/923 926/526/926 925/524/925
f 61/374/61 348/396/348 918/518/918 374/527/374
f 348/396/348 349/395/349 919/519/919 918/518/918
f 349/395/349 350/394/350 920/522/920 919/519/919
f 350/394/350 62/393/62 371/528/371 920/522/920
f 920/522/920 371/528/371 370/529/370 923/523/923
f 923/523/923 370/529/370 369/530/369 926/526/926
f 926/526/926 369/530/369 27/516/27 174/531/174
f 925/524/925 926/526/926 174/531/174 175/532/175
f 924/525/924 925/524/925 175/532/175 176/533/176
f 372/534/372 924/525/924 176/533/176 28/535/28
f 373/536/373 921/521/921 924/525/924 372/534/372
f 374/527/374 918/518/918 921/521/921 373/536/373
f 927/537/927 928/538/928 931/539/931 930/540/930
f 928/538/928 929/541/929 932/542/932 931/539/931
f 930/540/930 931/539/931 934/543/934 933/544/933
f 931/539/931 932/542/932 935/545/935 934/543/934
f 60/379/60 345/377/345 927/537/927 377/546/377
f 345/377/345 346/376/346 928/538/928 927/537/927
f 346/376/346 347/375/347 929/541/929 928/538/928
f 347/375/347 61/374/61 374/527/374 929/541/929
f 929/541/929 374/527/374 373/536/373 932/542/932
f 932/542/932 373/536/373 372/534/372 935/545/935
f 935/545/935 372/534/372 28/535/28 177/547/177
f 934/543/934 935/545/935 177/547/177 178/548/178
f 933/544/933 934/543/934 178/548/178 179/549/179
f 375/550/375 933/544/933 179/549/179 29/551/29
f 376/552/376 930/540/930 933/544/933 375/550/375
f 377/546/377 927/537/927 930/540/930 376/552/376
f 936/553/936 937/554/937 940/555/940 939/556/939
f 937/554/937 938/557/938 941/558/941 940/555/940
f 939/556/939 940/555/940 943/559/943 942/560/942
f 940/555/940 941/558/941 944/561/944 943/559/943
f 21/562/21 378/563/378 936/553/936 149/564/149
f 378/563/378 379/565/379 937/554/937 936/553/936
f 379/565/379 380/566/380 938/557/938 937/554/937
f 380/566/380 60/567/60 377/568/377 938/557/938
f 938/557/938 377/568/377 376/569/376 941/558/941
f 941/558/941 376/569/376 375/570/375 944/561/944
f 944/561/944 375/570/375 29/571/29 180/572/180
f 943/559/943 944/561/944 180/572/180 181/573/181
f 942/560/942 943/559/943 181/573/181 182/574/182
f 147/575/147 942/560/942 182/574/182 7/576/7
f 148/577/148 939/556/939 942/560/942 147/575/147
f 149/564/149 936/553/936 939/556/939 148/577/148
f 945/578/945 946/579/946 949/580/949 948/581/948
f 946/579/946 947/582/947 950/583/950 949/580/949
f 948/581/948 949/580/949 952/584/952 951/585/951
f 949/580/949 950/583/950 953/586/953 952/584/952
f 22/587/22 381/588/381 945/578/945 152/589/152
f 381/588/381 382/590/382 946/579/946 945/578/945
f 382/590/382 383/591/383 947/582/947 946/579/946
f 383/591/383 57/592/57 336/593/336 947/582/947
f 947/582/947 336/593/336 337/594/337 950/583/950
f 950/583/950 337/594/337 338/595/338 953/586/953
f 953/586/953 338/595/338 60/567/60 380/566/380
f 952/584/952 953/586/953 380/566/380 379/565/379
f 951/585/951 952/584/952 379/565/379 378/563/378
f 150/596/150 951/585/951 378/563/378 21/562/21
f 151/597/151 948/581/948 951/585/951 150/596/150
f 152/589/152 945/578/945 948/581/948 151/597/151
f 954/598/954 955/599/955 958/600/958 957/601/957
f 955/599/955 956/602/956 959/603/959 958/600/958
f 957/601/957 958/600/958 961/604/961 960/605/960
f 958/600/958 959/603/959 962/606/962 961/604/961
f 23/414/23 384/412/384 954/598/954 155/607/155
f 384/412/384 385/411/385 955/599/955 954/598/954
f 385/411/385 386/410/386 956/602/956 955/599/955
f 386/410/386 54/325/54 321/608/321 956/602/956
f 956/602/956 321/608/321 322/609/322 959/603/959
f 959/603/959 322/609/322 323/610/323 962/606/962
f 962/606/962 323/610/323 57/592/57 383/591/383
f 961/604/961 962/606/962 383/591/383 382/590/382
f 960/605/960 961/604/961 382/590/382 381/588/381
f 153/611/153 960/605/960 381/588/381 22/587/22
f 154/612/154 957/601/957 960/605/960 153/611/153
f 155/607/155 954/598/954 957/601/957 154/612/154
f 963/613/963 964/614/964 967/615/967 966/616/966
f 964/614/964 965/617/965 968/618/968 967/615/967
f 966/616/966 967/615/967 970/619/970 969/620/969
f 967/615/967 968/618/968 971/621/971 970/619/970
f 63/622/63 387/623/387 963/613/963 393/624/393
f 387/623/387 388/625/388 964/614/964 963/613/963
f 388/625/388 389/626/389 965/617/965 964/614/964
f 389/626/389 64/627/64 396/628/396 965/617/965
f 965/617/965 396/628/396 397/629/397 968/618/968
f 968/618/968 397/629/397 398/630/398 971/621/971
f 971/621/971 398/630/398 67/631/67 404/632/404
f 970/619/970 971/621/971 404/632/404 403/633/403
f 969/620/969 970/619/970 403/633/403 402/634/402
f 395/635/395 969/620/969 402/634/402 66/636/66
f 394/637/394 966/616/966 969/620/969 395/635/395
f 393/624/393 963/613/963 966/616/966 394/637/394
f 972/638/972 973/639/973 976/640/976 975/641/975
f 973/639/973 974/642/974 977/643/977 976/640/976
f 975/641/975 976/640/976 979/644/979 978/645/978
f 976/640/976 977/643/977 980/646/980 979/644/979
f 64/627/64 390/647/390 972/638/972 396/628/396
f 390/647/390 391/648/391 973/639/973 972/638/972
f 391/648/391 392/649/392 974/642/974 973/639/973
f 392/649/392 65/650/65 399/651/399 974/642/974
f 974/642/974 399/651/399 400/652/400 977/643/977
f 977/643/977 400/652/400 401/653/401 980/646/980
f 980/646/980 401/653/401 68/654/68 407/655/407
f 979/644/979 980/646/980 407/655/407 406/656/406
f 978/645/978 979/644/979 406/656/406 405/657/405
f 398/630/398 978/645/978 405/657/405 67/631/67
f 397/629/397 975/641/975 978/645/978 398/630/398
f 396/628/396 972/638/972 975/641/975 397/629/397
f 981/658/981 982/659/982 985/660/985 984/661/984
f 982/659/982 983/662/983 986/663/986 985/660/985
f 984/661/984 985/660/985 988/664/988 987/665/987
f 985/660/985 986/663/986 989/666/989 988/664/988
f 66/636/66 402/634/402 981/658/981 408/667/408
f 402/634/402 403/633/403 982/659/982 981/658/981
f 403/633/403 404/632/404 983/662/983 982/659/982
f 404/632/404 67/631/67 411/668/411 983/662/983
f 983/662/983 411/668/411 412/669/412 986/663/986
f 986/663/986 412/669/412 413/670/413 989/666/989
f 989/666/989 413/670/413 70/671/70 419/672/419
f 988/664/988 989/666/989 419/672/419 418/673/418
f 987/665/987 988/664/988 418/673/418 417/674/417
f 410/675/410 987/665/987 417/674/417 69/676/69
f 409/677/409 984/661/984 987/665/987 410/675/410
f 408/667/408 981/658/981 984/661/984 409/677/409
f 990/678/990 991/679/991 994/680/994 993/681/993
f 991/679/991 992/682/992 995/683/995 994/680/994
f 993/681/993 994/680/994 997/684/997 996/685/996
f 994/680/994 995/683/995 998/686/998 997/684/997
f 67/631/67 405/657/405 990/678/990 411/668/411
f 405/657/405 406/656/406 991/679/991 990/678/990
f 406/656/406 407/655/407 992/682/992 991/679/991
f 407/655/407 68/654/68 414/687/414 992/682/992
f 992/682/992 414/687/414 415/688/415 995/683/995
f 995/683/995 415/688/415 416/689/416 998/686/998
f 998/686/998 416/689/416 71/690/71 422/691/422
f 997/684/997 998/686/998 422/691/422 421/692/421
f 996/685/996 997/684/997 421/692/421 420/693/420
f 413/670/413 996/685/996 420/693/420 70/671/70
f 412/669/412 993/681/993 996/685/996 413/670/413
f 411/668/411 990/678/990 993/681/993 412/669/412
f 999/694/999 1000/695/1000 1003/696/1003 1002/697/1002
f 1000/695/1000 1001/698/1001 1004/699/1004 1003/696/1003
f 1002/697/1002 1003/696/1003 1006/700/1006 1005/701/1005
f 1003/696/1003 1004/699/1004 1007/702/1007 1006/700/1006
f 7/576/7 182/574/182 999/694/999 194/703/194
f 182/574/182 181/573/181 1000/695/1000 999/694/999
f 181/573/181 180/572/180 1001/698/1001 1000/695/1000
f 180/572/180 29/571/29 423/704/423 1001/698/1001
f 1001/698/1001 423/704/423 424/705/424 1004/699/1004
f 1004/699/1004 424/705/424 425/706/425 1007/702/1007
f 1007/702/1007 425/706/425 63/707/63 458/708/458
f 1006/700/1006 1007/702/1007 458/708/458 457/709/457
f 1005/701/1005 1006/700/1006 457/709/457 456/710/456
f 192/711/192 1005/701/1005 456/710/456 32/712/32
f 193/713/193 1002/697/1002 1005/701/1005 192/711/192
f 194/703/194 999/694/999 1002/697/1002 193/713/193
f 1008/714/1008 1009/715/1009 1012/716/1012 1011/717/1011
f 1009/715/1009 1010/718/1010 1013/719/1013 1012/716/1012
f 1011/717/1011 1012/716/1012 1015/720/1015 1014/721/1014
f 1012/716/1012 1013/719/1013 1016/722/1016 1015/720/1015
f 29/551/29 179/549/179 1008/714/1008 423/723/423
f 179/549/179 178/548/178 1009/715/1009 1008/714/1008
f 178/548/178 177/547/177 1010/718/1010 1009/715/1009
f 177/547/177 28/535/28 426/724/426 1010/718/1010
f 1010/718/1010 426/724/426 427/725/427 1013/719/1013
f 1013/719/1013 427/725/427 428/726/428 1016/722/1016
f 1016/722/1016 428/726/428 64/627/64 389/626/389
f 1015/720/1015 1016/722/1016 389/626/389 388/625/388
f 1014/721/1014 1015/720/1015 388/625/388 387/623/387
f 425/727/425 1014/721/1014 387/623/387 63/622/63
f 424/728/424 1011/717/1011 1014/721/1014 425/727/425
f 423/723/423 1008/714/1008 1011/717/1011 424/728/424
f 1017/729/1017 1018/730/1018 1021/731/1021 1020/732/1020
f 1018/730/1018 1019/733/1019 1022/734/1022 1021/731/1021
f 1020/732/1020 1021/731/1021 1024/735/1024 1023/736/1023
f 1021/731/1021 1022/734/1022 1025/737/1025 1024/735/1024
f 28/535/28 176/533/176 1017/729/1017 426/724/426
f 176/533/176 175/532/175 1018/730/1018 1017/729/1017
f 175/532/175 174/531/174 1019/733/1019 1018/730/1018
f 174/531/174 27/516/27 429/738/429 1019/733/1019
f 1019/733/1019 429/738/429 430/739/430 1022/734/1022
f 1022/734/1022 430/739/430 431/740/431 1025/737/1025
f 1025/737/1025 431/740/431 65/650/65 392/649/392
f 1024/735/1024 1025/737/1025 392/649/392 391/648/391
f 1023/736/1023 1024/735/1024 391/648/391 390/647/390
f 428/726/428 1023/736/1023 390/647/390 64/627/64
f 427/725/427 1020/732/1020 1023/736/1023 428/726/428
f 426/724/426 1017/729/1017 1020/732/1020 427/725/427
f 1026/741/1026 1027/742/1027 1030/743/1030 1029/744/1029
f 1027/742/1027 1028/745/1028 1031/746/1031 1030/743/1030
f 1029/744/1029 1030/743/1030 1033/747/1033 1032/748/1032
f 1030/743/1030 1031/746/1031 1034/749/1034 1033/747/1033
f 27/516/27 173/514/173 1026/741/1026 429/750/429
f 173/514/173 172/513/172 1027/742/1027 1026/741/1026
f 172/513/172 171/512/171 1028/745/1028 1027/742/1027
f 171/512/171 8/511/8 195/751/195 1028/745/1028
f 1028/745/1028 195/751/195 196/752/196 1031/746/1031
f 1031/746/1031 196/752/196 197/753/197 1034/749/1034
f 1034/749/1034 197/753/197 33/754/33 432/755/432
f 1033/747/1033 1034/749/1034 432/755/432 433/756/433
f 1032/748/1032 1033/747/1033 433/756/433 434/757/434
f 431/758/431 1032/748/1032 434/757/434 65/759/65
f 430/760/430 1029/744/1029 1032/748/1032 431/758/431
f 429/750/429 1026/741/1026 1029/744/1029 430/760/430
f 1035/761/1035 1036/762/1036 1039/763/1039 1038/764/1038
f 1036/762/1036 1037/765/1037 1040/766/1040 1039/763/1039
f 1038/764/1038 1039/763/1039 1042/767/1042 1041/768/1041
f 1039/763/1039 1040/766/1040 1043/769/1043 1042/767/1042
f 65/650/65 434/770/434 1035/761/1035 399/651/399
f 434/770/434 433/771/433 1036/762/1036 1035/761/1035
f 433/771/433 432/755/432 1037/765/1037 1036/762/1036
f 432/755/432 33/772/33 198/773/198 1037/765/1037
f 1037/765/1037 198/773/198 199/774/199 1040/766/1040
f 1040/766/1040 199/774/199 200/775/200 1043/769/1043
f 1043/769/1043 200/775/200 34/776/34 435/777/435
f 1042/767/1042 1043/769/1043 435/777/435 436/778/436
f 1041/768/1041 1042/767/1042 436/778/436 437/779/437
f 401/653/401 1041/768/1041 437/779/437 68/654/68
f 400/652/400 1038/764/1038 1041/768/1041 401/653/401
f 399/651/399 1035/761/1035 1038/764/1038 400/652/400
f 1044/780/1044 1045/781/1045 1048/782/1048 1047/783/1047
f 1045/781/1045 1046/784/1046 1049/785/1049 1048/782/1048
f 1047/783/1047 1048/782/1048 1051/786/1051 1050/787/1050
f 1048/782/1048 1049/785/1049 1052/788/1052 1051/786/1051
f 68/654/68 437/779/437 1044/780/1044 414/687/414
f 437/779/437 436/778/436 1045/781/1045 1044/780/1044
f 436/778/436 435/777/435 1046/784/1046 1045/781/1045
f 435/777/435 34/776/34 201/789/201 1046/784/1046
f 1046/784/1046 201/789/201 202/790/202 1049/785/1049
f 1049/785/1049 202/790/202 203/791/203 1052/788/1052
f 1052/788/1052 203/791/203 35/792/35 438/793/438
f 1051/786/1051 1052/788/1052 438/793/438 439/794/439
f 1050/787/1050 1051/786/1051 439/794/439 440/795/440
f 416/689/416 1050/787/1050 440/795/440 71/690/71
f 415/688/415 1047/783/1047 1050/787/1050 416/689/416
f 414/687/414 1044/780/1044 1047/783/1047 415/688/415
f 1053/796/1053 1054/797/1054 1057/798/1057 1056/799/1056
f 1054/797/1054 1055/800/1055 1058/801/1058 1057/798/1057
f 1056/799/1056 1057/798/1057 1060/802/1060 1059/803/1059
f 1057/798/1057 1058/801/1058 1061/804/1061 1060/802/1060
f 71/690/71 440/795/440 1053/796/1053 443/805/443
f 440/795/440 439/806/439 1054/797/1054 1053/796/1053
f 439/806/439 438/807/438 1055/800/1055 1054/797/1054
f 438/807/438 35/808/35 204/809/204 1055/800/1055
f 1055/800/1055 204/809/204 205/810/205 1058/801/1058
f 1058/801/1058 205/810/205 206/811/206 1061/804/1061
f 1061/804/1061 206/811/206 6/812/6 207/813/207
f 1060/802/1060 1061/804/1061 207/813/207 208/814/208
f 1059/803/1059 1060/802/1060 208/814/208 209/815/209
f 441/816/441 1059/803/1059 209/815/209 36/817/36
f 442/818/442 1056/799/1056 1059/803/1059 441/816/441
f 443/805/443 1053/796/1053 1056/799/1056 442/818/442
f 1062/819/1062 1063/820/1063 1066/821/1066 1065/822/1065
f 1063/820/1063 1064/823/1064 1067/824/1067 1066/821/1066
f 1065/822/1065 1066/821/1066 1069/825/1069 1068/826/1068
f 1066/821/1066 1067/824/1067 1070/827/1070 1069/825/1069
f 70/671/70 420/693/420 1062/819/1062 446/828/446
f 420/693/420 421/692/421 1063/820/1063 1062/819/1062
f 421/692/421 422/691/422 1064/823/1064 1063/820/1063
f 422/691/422 71/690/71 443/829/443 1064/823/1064
f 1064/823/1064 443/829/443 442/830/442 1067/824/1067
f 1067/824/1067 442/830/442 441/831/441 1070/827/1070
f 1070/827/1070 441/831/441 36/832/36 210/833/210
f 1069/825/1069 1070/827/1070 210/833/210 211/834/211
f 1068/826/1068 1069/825/1069 211/834/211 212/835/212
f 444/836/444 1068/826/1068 212/835/212 37/837/37
f 445/838/445 1065/822/1065 1068/826/1068 444/836/444
f 446/828/446 1062/819/1062 1065/822/1065 445/838/445
f 1071/839/1071 1072/840/1072 1075/841/1075 1074/842/1074
f 1072/840/1072 1073/843/1073 1076/844/1076 1075/841/1075
f 1074/842/1074 1075/841/1075 1078/845/1078 1077/846/1077
f 1075/841/1075 1076/844/1076 1079/847/1079 1078/845/1078
f 69/676/69 417/674/417 1071/839/1071 449/848/449
f 417/674/417 418/673/418 1072/840/1072 1071/839/1071
f 418/673/418 419/672/419 1073/843/1073 1072/840/1072
f 419/672/419 70/671/70 446/828/446 1073/843/1073
f 1073/843/1073 446/828/446 445/838/445 1076/844/1076
f 1076/844/1076 445/838/445 444/836/444 1079/847/1079
f 1079/847/1079 444/836/444 37/837/37 213/849/213
f 1078/845/1078 1079/847/1079 213/849/213 214/850/214
f 1077/846/1077 1078/845/1078 214/850/214 215/851/215
f 447/852/447 1077/846/1077 215/851/215 38/853/38
f 448/854/448 1074/842/1074 1077/846/1077 447/852/447
f 449/848/449 1071/839/1071 1074/842/1074 448/854/448
f 1080/855/1080 1081/856/1081 1084/857/1084 1083/858/1083
f 1081/856/1081 1082/859/1082 1085/860/1085 1084/857/1084
f 1083/858/1083 1084/857/1084 1087/861/1087 1086/862/1086
f 1084/857/1084 1085/860/1085 1088/863/1088 1087/861/1087
f 30/864/30 450/865/450 1080/855/1080 185/866/185
f 450/865/450 451/867/451 1081/856/1081 1080/855/1080
f 451/867/451 452/868/452 1082/859/1082 1081/856/1081
f 452/868/452 69/869/69 449/870/449 1082/859/1082
f 1082/859/1082 449/870/449 448/871/448 1085/860/1085
f 1085/860/1085 448/871/448 447/872/447 1088/863/1088
f 1088/863/1088 447/872/447 38/853/38 216/873/216
f 1087/861/1087 1088/863/1088 216/873/216 217/874/217
f 1086/862/1086 1087/861/1087 217/874/217 218/875/218
f 183/876/183 1086/862/1086 218/875/218 5/877/5
f 184/878/184 1083/858/1083 1086/862/1086 183/876/183
f 185/866/185 1080/855/1080 1083/858/1083 184/878/184
f 1089/879/1089 1090/880/1090 1093/881/1093 1092/882/1092
f 1090/880/1090 1091/883/1091 1094/884/1094 1093/881/1093
f 1092/882/1092 1093/881/1093 1096/885/1096 1095/886/1095
f 1093/881/1093 1094/884/1094 1097/887/1097 1096/885/1096
f 31/888/31 453/889/453 1089/879/1089 188/890/188
f 453/889/453 454/891/454 1090/880/1090 1089/879/1089
f 454/891/454 455/892/455 1091/883/1091 1090/880/1090
f 455/892/455 66/636/66 408/667/408 1091/883/1091
f 1091/883/1091 408/667/408 409/677/409 1094/884/1094
f 1094/884/1094 409/677/409 410/675/410 1097/887/1097
f 1097/887/1097 410/675/410 69/676/69 452/893/452
f 1096/885/1096 1097/887/1097 452/893/452 451/894/451
f 1095/886/1095 1096/885/1096 451/894/451 450/895/450
f 186/896/186 1095/886/1095 450/895/450 30/897/30
f 187/898/187 1092/882/1092 1095/886/1095 186/896/186
f 188/890/188 1089/879/1089 1092/882/1092 187/898/187
f 1098/899/1098 1099/900/1099 1102/901/1102 1101/902/1101
f 1099/900/1099 1100/903/1100 1103/904/1103 1102/901/1102
f 1101/902/1101 1102/901/1102 1105/905/1105 1104/906/1104
f 1102/901/1102 1103/904/1103 1106/907/1106 1105/905/1105
f 32/908/32 456/909/456 1098/899/1098 191/910/191
f 456/909/456 457/911/457 1099/900/1099 1098/899/1098
f 457/911/457 458/912/458 1100/903/1100 1099/900/1099
f 458/912/458 63/622/63 393/624/393 1100/903/1100
f 1100/903/1100 393/624/393 394/637/394 1103/904/1103
f 1103/904/1103 394/637/394 395/635/395 1106/907/1106
f 1106/907/1106 395/635/395 66/636/66 455/892/455
f 1105/905/1105 1106/907/1106 455/892/455 454/891/454
f 1104/906/1104 1105/905/1105 454/891/454 453/889/453
f 189/913/189 1104/906/1104 453/889/453 31/888/31
f 190/914/190 1101/902/1101 1104/906/1104 189/913/189
f 191/910/191 1098/899/1098 1101/902/1101 190/914/190
f 1107/915/1107 1108/916/1108 1111/917/1111 1110/918/1110
f 1108/916/1108 1109/919/1109 1112/920/1112 1111/917/1111
f 1110/918/1110 1111/917/1111 1114/921/1114 1113/922/1113
f 1111/917/1111 1112/920/1112 1115/923/1115 1114/921/1114
f 72/924/72 459/925/459 1107/915/1107 465/926/465
f 459/925/459 460/927/460 1108/916/1108 1107/915/1107
f 460/927/460 461/928/461 1109/919/1109 1108/916/1108
f 461/928/461 73/929/73 468/930/468 1109/919/1109
f 1109/919/1109 468/930/468 469/931/469 1112/920/1112
f 1112/920/1112 469/931/469 470/932/470 1115/923/1115
f 1115/923/1115 470/932/470 76/933/76 476/934/476
f 1114/921/1114 1115/923/1115 476/934/476 475/935/475
f 1113/922/1113 1114/921/1114 475/935/475 474/936/474
f 467/937/467 1113/922/1113 474/936/474 75/938/75
f 466/939/466 1110/918/1110 1113/922/1113 467/937/467
f 465/926/465 1107/915/1107 1110/918/1110 466/939/466
f 1116/940/1116 1117/941/1117 1120/942/1120 1119/943/1119
f 1117/941/1117 1118/944/1118 1121/945/1121 1120/942/1120
f 1119/943/1119 1120/942/1120 1123/946/1123 1122/947/1122
f 1120/942/1120 1121/945/1121 1124/948/1124 1123/946/1123
f 73/929/73 462/949/462 1116/940/1116 468/930/468
f 462/949/462 463/950/463 1117/941/1117 1116/940/1116
f 463/950/463 464/951/464 1118/944/1118 1117/941/1117
f 464/951/464 74/952/74 471/953/471 1118/944/1118
f 1118/944/1118 471/953/471 472/954/472 1121/945/1121
f 1121/945/1121 472/954/472 473/955/473 1124/948/1124
f 1124/948/1124 473/955/473 77/956/77 479/957/479
f 1123/946/1123 1124/948/1124 479/957/479 478/958/478
f 1122/947/1122 1123/946/1123 478/958/478 477/959/477
f 470/932/470 1122/947/1122 477/959/477 76/933/76
f 469/931/469 1119/943/1119 1122/947/1122 470/932/470
f 468/930/468 1116/940/1116 1119/943/1119 469/931/469
f 1125/960/1125 1126/961/1126 1129/962/1129 1128/963/1128
f 1126/961/1126 1127/964/1127 1130/965/1130 1129/962/1129
f 1128/963/1128 1129/962/1129 1132/966/1132 1131/967/1131
f 1129/962/1129 1130/965/1130 1133/968/1133 1132/966/1132
f 75/938/75 474/936/474 1125/960/1125 480/969/480
f 474/936/474 475/935/475 1126/961/1126 1125/960/1125
f 475/935/475 476/934/476 1127/964/1127 1126/961/1126
f 476/934/476 76/933/76 483/970/483 1127/964/1127
f 1127/964/1127 483/970/483 484/971/484 1130/965/1130
f 1130/965/1130 484/971/484 485/972/485 1133/968/1133
f 1133/968/1133 485/972/485 79/973/79 491/974/491
f 1132/966/1132 1133/968/1133 491/974/491 490/975/490
f 1131/967/1131 1132/966/1132 490/975/490 489/976/489
f 482/977/482 1131/967/1131 489/976/489 78/978/78
f 481/979/481 1128/963/1128 1131/967/1131 482/977/482
f 480/969/480 1125/960/1125 1128/963/1128 481/979/481
f 1134/980/1134 1135/981/1135 1138/982/1138 1137/983/1137
f 1135/981/1135 1136/984/1136 1139/985/1139 1138/982/1138
f 1137/983/1137 1138/982/1138 1141/986/1141 1140/987/1140
f 1138/982/1138 1139/985/1139 1142/988/1142 1141/986/1141
f 76/933/76 477/959/477 1134/980/1134 483/970/483
f 477/959/477 478/958/478 1135/981/1135 1134/980/1134
f 478/958/478 479/957/479 1136/984/1136 1135/981/1135
f 479/957/479 77/956/77 486/989/486 1136/984/1136
f 1136/984/1136 486/989/486 487/990/487 1139/985/1139
f 1139/985/1139 487/990/487 488/991/488 1142/988/1142
f 1142/988/1142 488/991/488 80/992/80 494/993/494
f 1141/986/1141 1142/988/1142 494/993/494 493/994/493
f 1140/987/1140 1141/986/1141 493/994/493 492/995/492
f 485/972/485 1140/987/1140 492/995/492 79/973/79
f 484/971/484 1137/983/1137 1140/987/1140 485/972/485
f 483/970/483 1134/980/1134 1137/983/1137 484/971/484
f 1143/996/1143 1144/997/1144 1147/998/1147 1146/999/1146
f 1144/997/1144 1145/1000/1145 1148/1001/1148 1147/998/1147
f 1146/999/1146 1147/998/1147 1150/1002/1150 1149/1003/1149
f 1147/998/1147 1148/1001/1148 1151/1004/1151 1150/1002/1150
f 5/877/5 218/875/218 1143/996/1143 230/1005/230
f 218/875/218 217/874/217 1144/997/1144 1143/996/1143
f 217/874/217 216/873/216 1145/1000/1145 1144/997/1144
f 216/873/216 38/853/38 495/1006/495 1145/1000/1145
f 1145/1000/1145 495/1006/495 496/1007/496 1148/1001/1148
f 1148/1001/1148 496/1007/496 497/1008/497 1151/1004/1151
f 1151/1004/1151 497/1008/497 72/1009/72 530/1010/530
f 1150/1002/1150 1151/1004/1151 530/1010/530 529/1011/529
f 1149/1003/1149 1150/1002/1150 529/1011/529 528/1012/528
f 228/1013/228 1149/1003/1149 528/1012/528 41/1014/41
f 229/1015/229 1146/999/1146 1149/1003/1149 228/1013/228
f 230/1005/230 1143/996/1143 1146/999/1146 229/1015/229
f 1152/1016/1152 1153/1017/1153 1156/1018/1156 1155/1019/1155
f 1153/1017/1153 1154/1020/1154 1157/1021/1157 1156/1018/1156
f 1155/1019/1155 1156/1018/1156 1159/1022/1159 1158/1023/1158
f 1156/1018/1156 1157/1021/1157 1160/1024/1160 1159/1022/1159
f 38/853/38 215/851/215 1152/1016/1152 495/1025/495
f 215/851/215 214/850/214 1153/1017/1153 1152/1016/1152
f 214/850/214 213/849/213 1154/1020/1154 1153/1017/1153
f 213/849/213 37/837/37 498/1026/498 1154/1020/1154
f 1154/1020/1154 498/1026/498 499/1027/499 1157/1021/1157
f 1157/1021/1157 499/1027/499 500/1028/500 1160/1024/1160
f 1160/1024/1160 500/1028/500 73/929/73 461/928/461
f 1159/1022/1159 1160/1024/1160 461/928/461 460/927/460
f 1158/1023/1158 1159/1022/1159 460/927/460 459/925/459
f 497/1008/497 1158/1023/1158 459/925/459 72/924/72
f 496/1029/496 1155/1019/1155 1158/1023/1158 497/1008/497
f 495/1025/495 1152/1016/1152 1155/1019/1155 496/1029/496
f 1161/1030/1161 1162/1031/1162 1165/1032/1165 1164/1033/1164
f 1162/1031/1162 1163/1034/1163 1166/1035/1166 1165/1032/1165
f 1164/1033/1164 1165/1032/1165 1168/1036/1168 1167/1037/1167
f 1165/1032/1165 1166/1035/1166 1169/1038/1169 1168/1036/1168
f 37/837/37 212/835/212 1161/1030/1161 498/1026/498
f 212/835/212 211/834/211 1162/1031/1162 1161/1030/1161
f 211/834/211 210/833/210 1163/1034/1163 1162/1031/1162
f 210/833/210 36/832/36 501/1039/501 1163/1034/1163
f 1163/1034/1163 501/1039/501 502/1040/502 1166/1035/1166
f 1166/1035/1166 502/1040/502 503/1041/503 1169/1038/1169
f 1169/1038/1169 503/1041/503 74/952/74 464/951/464
f 1168/1036/1168 1169/1038/1169 464/951/464 463/950/463
f 1167/1037/1167 1168/1036/1168 463/950/463 462/949/462
f 500/1028/500 1167/1037/1167 462/949/462 73/929/73
f 499/1027/499 1164/1033/1164 1167/1037/1167 500/1028/500
f 498/1026/498 1161/1030/1161 1164/1033/1164 499/1027/499
f 1170/1042/1170 1171/1043/1171 1174/1044/1174 1173/1045/1173
f 1171/1043/1171 1172/1046/1172 1175/1047/1175 1174/1044/1174
f 1173/1045/1173 1174/1044/1174 1177/1048/1177 1176/1049/1176
f 1174/1044/1174 1175/1047/1175 1178/1050/1178 1177/1048/1177
f 36/817/36 209/815/209 1170/1042/1170 501/1051/501
f 209/815/209 208/814/208 1171/1043/1171 1170/1042/1170
f 208/814/208 207/813/207 1172/1046/1172 1171/1043/1171
f 207/813/207 6/812/6 231/1052/231 1172/1046/1172
f 1172/1046/1172 231/1052/231 232/1053/232 1175/1047/1175
f 1175/1047/1175 232/1053/232 233/1054/233 1178/1050/1178
f 1178/1050/1178 233/1054/233 42/1055/42 504/1056/504
f 1177/1048/1177 1178/1050/1178 504/1056/504 505/1057/505
f 1176/1049/1176 1177/1048/1177 505/1057/505 506/1058/506
f 503/1041/503 1176/1049/1176 506/1058/506 74/1059/74
f 502/1060/502 1173/1045/1173 1176/1049/1176 503/1041/503
f 501/1051/501 1170/1042/1170 1173/1045/1173 502/1060/502
f 1179/1061/1179 1180/1062/1180 1183/1063/1183 1182/1064/1182
f 1180/1062/1180 1181/1065/1181 1184/1066/1184 1183/1063/1183
f 1182/1064/1182 1183/1063/1183 1186/1067/1186 1185/1068/1185
f 1183/1063/1183 1184/1066/1184 1187/1069/1187 1186/1067/1186
f 74/1059/74 506/1058/506 1179/1061/1179 471/1070/471
f 506/1058/506 505/1057/505 1180/1062/1180 1179/1061/1179
f 505/1057/505 504/1056/504 1181/1065/1181 1180/1062/1180
f 504/1056/504 42/1055/42 234/1071/234 1181/1065/1181
f 1181/1065/1181 234/1071/234 235/1072/235 1184/1066/1184
f 1184/1066/1184 235/1072/235 236/1073/236 1187/1069/1187
f 1187/1069/1187 236/1073/236 43/1074/43 507/1075/507
f 1186/1067/1186 1187/1069/1187 507/1075/507 508/1076/508
f 1185/1068/1185 1186/1067/1186 508/1076/508 509/1077/509
f 473/1078/473 1185/1068/1185 509/1077/509 77/956/77
f 472/1079/472 1182/1064/1182 1185/1068/1185 473/1078/473
f 471/1070/471 1179/1061/1179 1182/1064/1182 472/1079/472
f 1188/1080/1188 1189/1081/1189 1192/1082/1192 1191/1083/1191
f 1189/1081/1189 1190/1084/1190 1193/1085/1193 1192/1082/1192
f 1191/1083/1191 1192/1082/1192 1195/1086/1195 1194/1087/1194
f 1192/1082/1192 1193/1085/1193 1196/1088/1196 1195/1086/1195
f 77/956/77 509/1077/509 1188/1080/1188 486/1089/486
f 509/1077/509 508/1076/508 1189/1081/1189 1188/1080/1188
f 508/1076/508 507/1075/507 1190/1084/1190 1189/1081/1189
f 507/1075/507 43/1074/43 237/1090/237 1190/1084/1190
f 1190/1084/1190 237/1090/237 238/1091/238 1193/1085/1193
f 1193/1085/1193 238/1091/238 239/1092/239 1196/1088/1196
f 1196/1088/1196 239/1092/239 44/1093/44 510/1094/510
f 1195/1086/1195 1196/1088/1196 510/1094/510 511/1095/511
f 1194/1087/1194 1195/1086/1195 511/1095/511 512/1096/512
f 488/991/488 1194/1087/1194 512/1096/512 80/992/80
f 487/1097/487 1191/1083/1191 1194/1087/1194 488/991/488
f 486/1089/486 1188/1080/1188 1191/1083/1191 487/1097/487
f 1197/1098/1197 1198/1099/1198 1201/1100/1201 1200/1101/1200
f 1198/1099/1198 1199/1102/1199 1202/1103/1202 1201/1100/1201
f 1200/1101/1200 1201/1100/1201 1204/1104/1204 1203/1105/1203
f 1201/1100/1201 1202/1103/1202 1205/1106/1205 1204/1104/1204
f 80/992/80 512/1096/512 1197/1098/1197 515/1107/515
f 512/1096/512 511/1095/511 1198/1099/1198 1197/1098/1197
f 511/1095/511 510/1094/510 1199/1102/1199 1198/1099/1198
f 510/1094/510 44/1093/44 240/1108/240 1199/1102/1199
f 1199/1102/1199 240/1108/240 241/1109/241 1202/1103/1202
f 1202/1103/1202 241/1109/241 242/1110/242 1205/1106/1205
f 1205/1106/1205 242/1110/242 2/1111/2 122/1112/122
f 1204/1104/1204 1205/1106/1205 122/1112/122 121/1113/121
f 1203/1105/1203 1204/1104/1204 121/1113/121 120/1114/120
f 513/1115/513 1203/1105/1203 120/1114/120 14/1116/14
f 514/1117/514 1200/1101/1200 1203/1105/1203 513/1115/513
f 515/1107/515 1197/1098/1197 1200/1101/1200 514/1117/514
f 1206/1118/1206 1207/1119/1207 1210/1120/1210 1209/1121/1209
f 1207/1119/1207 1208/1122/1208 1211/1123/1211 1210/1120/1210
f 1209/1121/1209 1210/1120/1210 1213/1124/1213 1212/1125/1212
f 1210/1120/1210 1211/1123/1211 1214/1126/1214 1213/1124/1213
f 79/973/79 492/1127/492 1206/1118/1206 518/1128/518
f 492/1127/492 493/1129/493 1207/1119/1207 1206/1118/1206
f 493/1129/493 494/1130/494 1208/1122/1208 1207/1119/1207
f 494/1130/494 80/992/80 515/1107/515 1208/1122/1208
f 1208/1122/1208 515/1107/515 514/1117/514 1211/1123/1211
f 1211/1123/1211 514/1117/514 513/1115/513 1214/1126/1214
f 1214/1126/1214 513/1115/513 14/1116/14 119/1131/119
f 1213/1124/1213 1214/1126/1214 119/1131/119 118/1132/118
f 1212/1125/1212 1213/1124/1213 118/1132/118 117/1133/117
f 516/1134/516 1212/1125/1212 117/1133/117 13/1135/13
f 517/1136/517 1209/1121/1209 1212/1125/1212 516/1134/516
f 518/1128/518 1206/1118/1206 1209/1121/1209 517/1136/517
f 1215/1137/1215 1216/1138/1216 1219/1139/1219 1218/1140/1218
f 1216/1138/1216 1217/1141/1217 1220/1142/1220 1219/1139/1219
f 1218/1140/1218 1219/1139/1219 1222/1143/1222 1221/1144/1221
f 1219/1139/1219 1220/1142/1220 1223/1145/1223 1222/1143/1222
f 78/1146/78 489/1147/489 1215/1137/1215 521/1148/521
f 489/1147/489 490/1149/490 1216/1138/1216 1215/1137/1215
f 490/1149/490 491/1150/491 1217/1141/1217 1216/1138/1216
f 491/1150/491 79/973/79 518/1128/518 1217/1141/1217
f 1217/1141/1217 518/1128/518 517/1136/517 1220/1142/1220
f 1220/1142/1220 517/1136/517 516/1134/516 1223/1145/1223
f 1223/1145/1223 516/1134/516 13/1135/13 116/1151/116
f 1222/1143/1222 1223/1145/1223 116/1151/116 115/1152/115
f 1221/1144/1221 1222/1143/1222 115/1152/115 114/1153/114
f 519/1154/519 1221/1144/1221 114/1153/114 12/1155/12
f 520/1156/520 1218/1140/1218 1221/1144/1221 519/1154/519
f 521/1148/521 1215/1137/1215 1218/1140/1218 520/1156/520
f 1224/1157/1224 1225/1158/1225 1228/1159/1228 1227/1160/1227
f 1225/1158/1225 1226/1161/1226 1229/1162/1229 1228/1159/1228
f 1227/1160/1227 1228/1159/1228 1231/1163/1231 1230/1164/1230
f 1228/1159/1228 1229/1162/1229 1232/1165/1232 1231/1163/1231
f 39/1166/39 522/1167/522 1224/1157/1224 221/1168/221
f 522/1167/522 523/1169/523 1225/1158/1225 1224/1157/1224
f 523/1169/523 524/1170/524 1226/1161/1226 1225/1158/1225
f 524/1170/524 78/1146/78 521/1148/521 1226/1161/1226
f 1226/1161/1226 521/1148/521 520/1156/520 1229/1162/1229
f 1229/1162/1229 520/1156/520 519/1154/519 1232/1165/1232
f 1232/1165/1232 519/1154/519 12/1155/12 113/1171/113
f 1231/1163/1231 1232/1165/1232 113/1171/113 112/1172/112
f 1230/1164/1230 1231/1163/1231 112/1172/112 111/1173/111
f 219/1174/219 1230/1164/1230 111/1173/111 1/1175/1
f 220/1176/220 1227/1160/1227 1230/1164/1230 219/1174/219
f 221/1168/221 1224/1157/1224 1227/1160/1227 220/1176/220
f 1233/1177/1233 1234/1178/1234 1237/1179/1237 1236/1180/1236
f 1234/1178/1234 1235/1181/1235 1238/1182/1238 1237/1179/1237
f 1236/1180/1236 1237/1179/1237 1240/1183/1240 1239/1184/1239
f 1237/1179/1237 1238/1182/1238 1241/1185/1241 1240/1183/1240
f 40/1186/40 525/1187/525 1233/1177/1233 224/1188/224
f 525/1187/525 526/1189/526 1234/1178/1234 1233/1177/1233
f 526/1189/526 527/1190/527 1235/1181/1235 1234/1178/1234
f 527/1190/527 75/938/75 480/1191/480 1235/1181/1235
f 1235/1181/1235 480/1191/480 481/1192/481 1238/1182/1238
f 1238/1182/1238 481/1192/481 482/1193/482 1241/1185/1241
f 1241/1185/1241 482/1193/482 78/1146/78 524/1170/524
f 1240/1183/1240 1241/1185/1241 524/1170/524 523/1169/523
f 1239/1184/1239 1240/1183/1240 523/1169/523 522/1167/522
f 222/1194/222 1239/1184/1239 522/1167/522 39/1166/39
f 223/1195/223 1236/1180/1236 1239/1184/1239 222/1194/222
f 224/1188/224 1233/1177/1233 1236/1180/1236 223/1195/223
f 1242/1196/1242 1243/1197/1243 1246/1198/1246 1245/1199/1245
f 1243/1197/1243 1244/1200/1244 1247/1201/1247 1246/1198/1246
f 1245/1199/1245 1246/1198/1246 1249/1202/1249 1248/1203/1248
f 1246/1198/1246 1247/1201/1247 1250/1204/1250 1249/1202/1249
f 41/1014/41 528/1012/528 1242/1196/1242 227/1205/227
f 528/1012/528 529/1011/529 1243/1197/1243 1242/1196/1242
f 529/1011/529 530/1010/530 1244/1200/1244 1243/1197/1243
f 530/1010/530 72/1009/72 465/1206/465 1244/1200/1244
f 1244/1200/1244 465/1206/465 466/1207/466 1247/1201/1247
f 1247/1201/1247 466/1207/466 467/1208/467 1250/1204/1250
f 1250/1204/1250 467/1208/467 75/938/75 527/1190/527
f 1249/1202/1249 1250/1204/1250 527/1190/527 526/1189/526
f 1248/1203/1248 1249/1202/1249 526/1189/526 525/1187/525
f 225/1209/225 1248/1203/1248 525/1187/525 40/1186/40
f 226/1210/226 1245/1199/1245 1248/1203/1248 225/1209/225
f 227/1205/227 1242/1196/1242 1245/1199/1245 226/1210/226
f 1251/1211/1251 1252/1212/1252 1255/1213/1255 1254/1214/1254
f 1252/1212/1252 1253/1215/1253 1256/1216/1256 1255/1213/1255
f 1254/1214/1254 1255/1213/1255 1258/1217/1258 1257/1218/1257
f 1255/1213/1255 1256/1216/1256 1259/1219/1259 1258/1217/1258
f 81/1220/81 531/1221/531 1251/1211/1251 537/1222/537
f 531/1221/531 532/1223/532 1252/1212/1252 1251/1211/1251
f 532/1223/532 533/1224/533 1253/1215/1253 1252/1212/1252
f 533/1224/533 82/1225/82 540/1226/540 1253/1215/1253
f 1253/1215/1253 540/1226/540 541/1227/541 1256/1216/1256
f 1256/1216/1256 541/1227/541 542/1228/542 1259/1219/1259
f 1259/1219/1259 542/1228/542 85/1229/85 548/1230/548
f 1258/1217/1258 1259/1219/1259 548/1230/548 547/1231/547
f 1257/1218/1257 1258/1217/1258 547/1231/547 546/1232/546
f 539/1233/539 1257/1218/1257 546/1232/546 84/1234/84
f 538/1235/538 1254/1214/1254 1257/1218/1257 539/1233/539
f 537/1222/537 1251/1211/1251 1254/1214/1254 538/1235/538
f 1260/1236/1260 1261/1237/1261 1264/1238/1264 1263/1239/1263
f 1261/1237/1261 1262/1240/1262 1265/1241/1265 1264/1238/1264
f 1263/1239/1263 1264/1238/1264 1267/1242/1267 1266/1243/1266
f 1264/1238/1264 1265/1241/1265 1268/1244/1268 1267/1242/1267
f 82/1225/82 534/1245/534 1260/1236/1260 540/1226/540
f 534/1245/534 535/1246/535 1261/1237/1261 1260/1236/1260
f 535/1246/535 536/1247/536 1262/1240/1262 1261/1237/1261
f 536/1247/536 83/1248/83 543/1249/543 1262/1240/1262
f 1262/1240/1262 543/1249/543 544/1250/544 1265/1241/1265
f 1265/1241/1265 544/1250/544 545/1251/545 1268/1244/1268
f 1268/1244/1268 545/1251/545 86/1252/86 551/1253/551
f 1267/1242/1267 1268/1244/1268 551/1253/551 550/1254/550
f 1266/1243/1266 1267/1242/1267 550/1254/550 549/1255/549
f 542/1228/542 1266/1243/1266 549/1255/549 85/1229/85
f 541/1227/541 1263/1239/1263 1266/1243/1266 542/1228/542
f 540/1226/540 1260/1236/1260 1263/1239/1263 541/1227/541
f 1269/1256/1269 1270/1257/1270 1273/1258/1273 1272/1259/1272
f 1270/1257/1270 1271/1260/1271 1274/1261/1274 1273/1258/1273
f 1272/1259/1272 1273/1258/1273 1276/1262/1276 1275/1263/1275
f 1273/1258/1273 1274/1261/1274 1277/1264/1277 1276/1262/1276
f 84/1234/84 546/1232/546 1269/1256/1269 552/1265/552
f 546/1232/546 547/1231/547 1270/1257/1270 1269/1256/1269
f 547/1231/547 548/1230/548 1271/1260/1271 1270/1257/1270
f 548/1230/548 85/1229/85 555/1266/555 1271/1260/1271
f 1271/1260/1271 555/1266/555 556/1267/556 1274/1261/1274
f 1274/1261/1274 556/1267/556 557/1268/557 1277/1264/1277
f 1277/1264/1277 557/1268/557 88/1269/88 563/1270/563
f 1276/1262/1276 1277/1264/1277 563/1270/563 562/1271/562
f 1275/1263/1275 1276/1262/1276 562/1271/562 561/1272/561
f 554/1273/554 1275/1263/1275 561/1272/561 87/1274/87
f 553/1275/553 1272/1259/1272 1275/1263/1275 554/1273/554
f 552/1265/552 1269/1256/1269 1272/1259/1272 553/1275/553
f 1278/1276/1278 1279/1277/1279 1282/1278/1282 1281/1279/1281
f 1279/1277/1279 1280/1280/1280 1283/1281/1283 1282/1278/1282
f 1281/1279/1281 1282/1278/1282 1285/1282/1285 1284/1283/1284
f 1282/1278/1282 1283/1281/1283 1286/1284/1286 1285/1282/1285
f 85/1229/85 549/1255/549 1278/1276/1278 555/1266/555
f 549/1255/549 550/1254/550 1279/1277/1279 1278/1276/1278
f 550/1254/550 551/1253/551 1280/1280/1280 1279/1277/1279
f 551/1253/551 86/1252/86 558/1285/558 1280/1280/1280
f 1280/1280/1280 558/1285/558 559/1286/559 1283/1281/1283
f 1283/1281/1283 559/1286/559 560/1287/560 1286/1284/1286
f 1286/1284/1286 560/1287/560 89/1288/89 566/1289/566
f 1285/1282/1285 1286/1284/1286 566/1289/566 565/1290/565
f 1284/1283/1284 1285/1282/1285 565/1290/565 564/1291/564
f 557/1268/557 1284/1283/1284 564/1291/564 88/1269/88
f 556/1267/556 1281/1279/1281 1284/1283/1284 557/1268/557
f 555/1266/555 1278/1276/1278 1281/1279/1281 556/1267/556
f 1287/1292/1287 1288/1293/1288 1291/1294/1291 1290/1295/1290
f 1288/1293/1288 1289/1296/1289 1292/1297/1292 1291/1294/1291
f 1290/1295/1290 1291/1294/1291 1294/1298/1294 1293/1299/1293
f 1291/1294/1291 1292/1297/1292 1295/1300/1295 1294/1298/1294
f 3/1301/3 158/1302/158 1287/1292/1287 99/1303/99
f 158/1302/158 157/1304/157 1288/1293/1288 1287/1292/1287
f 157/1304/157 156/1305/156 1289/1296/1289 1288/1293/1288
f 156/1305/156 23/1306/23 567/1307/567 1289/1296/1289
f 1289/1296/1289 567/1307/567 568/1308/568 1292/1297/1292
f 1292/1297/1292 568/1308/568 569/1309/569 1295/1300/1295
f 1295/1300/1295 569/1309/569 81/1310/81 602/1311/602
f 1294/1298/1294 1295/1300/1295 602/1311/602 601/1312/601
f 1293/1299/1293 1294/1298/1294 601/1312/601 600/1313/600
f 101/1314/101 1293/1299/1293 600/1313/600 9/1315/9
f 100/1316/100 1290/1295/1290 1293/1299/1293 101/1314/101
f 99/1303/99 1287/1292/1287 1290/1295/1290 100/1316/100
f 1296/1317/1296 1297/1318/1297 1300/1319/1300 1299/1320/1299
f 1297/1318/1297 1298/1321/1298 1301/1322/1301 1300/1319/1300
f 1299/1320/1299 1300/1319/1300 1303/1323/1303 1302/1324/1302
f 1300/1319/1300 1301/1322/1301 1304/1325/1304 1303/1323/1303
f 23/1306/23 155/1326/155 1296/1317/1296 567/1307/567
f 155/1326/155 154/1327/154 1297/1318/1297 1296/1317/1296
f 154/1327/154 153/1328/153 1298/1321/1298 1297/1318/1297
f 153/1328/153 22/1329/22 570/1330/570 1298/1321/1298
f 1298/1321/1298 570/1330/570 571/1331/571 1301/1322/1301
f 1301/1322/1301 571/1331/571 572/1332/572 1304/1325/1304
f 1304/1325/1304 572/1332/572 82/1333/82 533/1224/533
f 1303/1323/1303 1304/1325/1304 533/1224/533 532/1334/532
f 1302/1324/1302 1303/1323/1303 532/1334/532 531/1335/531
f 569/1309/569 1302/1324/1302 531/1335/531 81/1310/81
f 568/1308/568 1299/1320/1299 1302/1324/1302 569/1309/569
f 567/1307/567 1296/1317/1296 1299/1320/1299 568/1308/568
f 1305/1336/1305 1306/1337/1306 1309/1338/1309 1308/1339/1308
f 1306/1337/1306 1307/1340/1307 1310/1341/1310 1309/1338/1309
f 1308/1339/1308 1309/1338/1309 1312/1342/1312 1311/1343/1311
f 1309/1338/1309 1310/1341/1310 1313/1344/1313 1312/1342/1312
f 22/1329/22 152/1345/152 1305/1336/1305 570/1330/570
f 152/1345/152 151/1346/151 1306/1337/1306 1305/1336/1305
f 151/1346/151 150/1347/150 1307/1340/1307 1306/1337/1306
f 150/1347/150 21/1348/21 573/1349/573 1307/1340/1307
f 1307/1340/1307 573/1349/573 574/1350/574 1310/1341/1310
f 1310/1341/1310 574/1350/574 575/1351/575 1313/1344/1313
f 1313/1344/1313 575/1351/575 83/1352/83 536/1353/536
f 1312/1342/1312 1313/1344/1313 536/1353/536 535/1354/535
f 1311/1343/1311 1312/1342/1312 535/1354/535 534/1355/534
f 572/1332/572 1311/1343/1311 534/1355/534 82/1333/82
f 571/1331/571 1308/1339/1308 1311/1343/1311 572/1332/572
f 570/1330/570 1305/1336/1305 1308/1339/1308 571/1331/571
f 1314/1356/1314 1315/1357/1315 1318/1358/1318 1317/1359/1317
f 1315/1357/1315 1316/1360/1316 1319/1361/1319 1318/1358/1318
f 1317/1359/1317 1318/1358/1318 1321/1362/1321 1320/1363/1320
f 1318/1358/1318 1319/1361/1319 1322/1364/1322 1321/1362/1321
f 21/1348/21 149/1365/149 1314/1356/1314 573/1349/573
f 149/1365/149 148/1366/148 1315/1357/1315 1314/1356/1314
f 148/1366/148 147/1367/147 1316/1360/1316 1315/1357/1315
f 147/1367/147 7/576/7 194/703/194 1316/1360/1316
f 1316/1360/1316 194/703/194 193/713/193 1319/1361/1319
f 1319/1361/1319 193/713/193 192/711/192 1322/1364/1322
f 1322/1364/1322 192/711/192 32/712/32 576/1368/576
f 1321/1362/1321 1322/1364/1322 576/1368/576 577/1369/577
f 1320/1363/1320 1321/1362/1321 577/1369/577 578/1370/578
f 575/1351/575 1320/1363/1320 578/1370/578 83/1352/83
f 574/1350/574 1317/1359/1317 1320/1363/1320 575/1351/575
f 573/1349/573 1314/1356/1314 1317/1359/1317 574/1350/574
f 1323/1371/1323 1324/1372/1324 1327/1373/1327 1326/1374/1326
f 1324/1372/1324 1325/1375/1325 1328/1376/1328 1327/1373/1327
f 1326/1374/1326 1327/1373/1327 1330/1377/1330 1329/1378/1329
f 1327/1373/1327 1328/1376/1328 1331/1379/1331 1330/1377/1330
f 83/1248/83 578/1380/578 1323/1371/1323 543/1249/543
f 578/1380/578 577/1381/577 1324/1372/1324 1323/1371/1323
f 577/1381/577 576/1382/576 1325/1375/1325 1324/1372/1324
f 576/1382/576 32/908/32 191/910/191 1325/1375/1325
f 1325/1375/1325 191/910/191 190/914/190 1328/1376/1328
f 1328/1376/1328 190/914/190 189/913/189 1331/1379/1331
f 1331/1379/1331 189/913/189 31/888/31 579/1383/579
f 1330/1377/1330 1331/1379/1331 579/1383/579 580/1384/580
f 1329/1378/1329 1330/1377/1330 580/1384/580 581/1385/581
f 545/1251/545 1329/1378/1329 581/1385/581 86/1252/86
f 544/1250/544 1326/1374/1326 1329/1378/1329 545/1251/545
f 543/1249/543 1323/1371/1323 1326/1374/1326 544/1250/544
f 1332/1386/1332 1333/1387/1333 1336/1388/1336 1335/1389/1335
f 1333/1387/1333 1334/1390/1334 1337/1391/1337 1336/1388/1336
f 1335/1389/1335 1336/1388/1336 1339/1392/1339 1338/1393/1338
f 1336/1388/1336 1337/1391/1337 1340/1394/1340 1339/1392/1339
f 86/1252/86 581/1385/581 1332/1386/1332 558/1285/558
f 581/1385/581 580/1384/580 1333/1387/1333 1332/1386/1332
f 580/1384/580 579/1383/579 1334/1390/1334 1333/1387/1333
f 579/1383/579 31/888/31 188/890/188 1334/1390/1334
f 1334/1390/1334 188/890/188 187/898/187 1337/1391/1337
f 1337/1391/1337 187/898/187 186/896/186 1340/1394/1340
f 1340/1394/1340 186/896/186 30/897/30 582/1395/582
f 1339/1392/1339 1340/1394/1340 582/1395/582 583/1396/583
f 1338/1393/1338 1339/1392/1339 583/1396/583 584/1397/584
f 560/1287/560 1338/1393/1338 584/1397/584 89/1288/89
f 559/1286/559 1335/1389/1335 1338/1393/1338 560/1287/560
f 558/1285/558 1332/1386/1332 1335/1389/1335 559/1286/559
f 1341/1398/1341 1342/1399/1342 1345/1400/1345 1344/1401/1344
f 1342/1399/1342 1343/1402/1343 1346/1403/1346 1345/1400/1345
f 1344/1401/1344 1345/1400/1345 1348/1404/1348 1347/1405/1347
f 1345/1400/1345 1346/1403/1346 1349/1406/1349 1348/1404/1348
f 89/1407/89 584/1408/584 1341/1398/1341 587/1409/587
f 584/1408/584 583/1396/583 1342/1399/1342 1341/1398/1341
f 583/1396/583 582/1410/582 1343/1402/1343 1342/1399/1342
f 582/1410/582 30/864/30 185/866/185 1343/1402/1343
f 1343/1402/1343 185/866/185 184/878/184 1346/1403/1346
f 1346/1403/1346 184/878/184 183/876/183 1349/1406/1349
f 1349/1406/1349 183/876/183 5/877/5 230/1411/230
f 1348/1404/1348 1349/1406/1349 230/1411/230 229/1412/229
f 1347/1405/1347 1348/1404/1348 229/1412/229 228/1413/228
f 585/1414/585 1347/1405/1347 228/1413/228 41/1415/41
f 586/1416/586 1344/1401/1344 1347/1405/1347 585/1414/585
f 587/1409/587 1341/1398/1341 1344/1401/1344 586/1416/586
f 1350/1417/1350 1351/1418/1351 1354/1419/1354 1353/1420/1353
f 1351/1418/1351 1352/1421/1352 1355/1422/1355 1354/1419/1354
f 1353/1420/1353 1354/1419/1354 1357/1423/1357 1356/1424/1356
f 1354/1419/1354 1355/1422/1355 1358/1425/1358 1357/1423/1357
f 88/1426/88 564/1427/564 1350/1417/1350 590/1428/590
f 564/1427/564 565/1429/565 1351/1418/1351 1350/1417/1350
f 565/1429/565 566/1430/566 1352/1421/1352 1351/1418/1351
f 566/1430/566 89/1407/89 587/1409/587 1352/1421/1352
f 1352/1421/1352 587/1409/587 586/1416/586 1355/1422/1355
f 1355/1422/1355 586/1416/586 585/1414/585 1358/1425/1358
f 1358/1425/1358 585/1414/585 41/1415/41 227/1431/227
f 1357/1423/1357 1358/1425/1358 227/1431/227 226/1432/226
f 1356/1424/1356 1357/1423/1357 226/1432/226 225/1433/225
f 588/1434/588 1356/1424/1356 225/1433/225 40/1435/40
f 589/1436/589 1353/1420/1353 1356/1424/1356 588/1434/588
f 590/1428/590 1350/1417/1350 1353/1420/1353 589/1436/589
f 1359/1437/1359 1360/1438/1360 1363/1439/1363 1362/1440/1362
f 1360/1438/1360 1361/1441/1361 1364/1442/1364 1363/1439/1363
f 1362/1440/1362 1363/1439/1363 1366/1443/1366 1365/1444/1365
f 1363/1439/1363 1364/1442/1364 1367/1445/1367 1366/1443/1366
f 87/1446/87 561/1447/561 1359/1437/1359 593/1448/593
f 561/1447/561 562/1449/562 1360/1438/1360 1359/1437/1359
f 562/1449/562 563/1450/563 1361/1441/1361 1360/1438/1360
f 563/1450/563 88/1426/88 590/1428/590 1361/1441/1361
f 1361/1441/1361 590/1428/590 589/1436/589 1364/1442/1364
f 1364/1442/1364 589/1436/589 588/1434/588 1367/1445/1367
f 1367/1445/1367 588/1434/588 40/1435/40 224/1451/224
f 1366/1443/1366 1367/1445/1367 224/1451/224 223/1452/223
f 1365/1444/1365 1366/1443/1366 223/1452/223 222/1453/222
f 591/1454/591 1365/1444/1365 222/1453/222 39/1455/39
f 592/1456/592 1362/1440/1362 1365/1444/1365 591/1454/591
f 593/1448/593 1359/1437/1359 1362/1440/1362 592/1456/592
f 1368/1457/1368 1369/1458/1369 1372/1459/1372 1371/1460/1371
f 1369/1458/1369 1370/1461/1370 1373/1462/1373 1372/1459/1372
f 1371/1460/1371 1372/1459/1372 1375/1463/1375 1374/1464/1374
f 1372/1459/1372 1373/1462/1373 1376/1465/1376 1375/1463/1375
f 11/1466/11 594/1467/594 1368/1457/1368 108/1468/108
f 594/1467/594 595/1469/595 1369/1458/1369 1368/1457/1368
f 595/1469/595 596/1470/596 1370/1461/1370 1369/1458/1369
f 596/1470/596 87/1446/87 593/1448/593 1370/1461/1370
f 1370/1461/1370 593/1448/593 592/1456/592 1373/1462/1373
f 1373/1462/1373 592/1456/592 591/1454/591 1376/1465/1376
f 1376/1465/1376 591/1454/591 39/1455/39 221/1471/221
f 1375/1463/1375 1376/1465/1376 221/1471/221 220/1472/220
f 1374/1464/1374 1375/1463/1375 220/1472/220 219/1473/219
f 110/1474/110 1374/1464/1374 219/1473/219 1/1475/1
f 109/1476/109 1371/1460/1371 1374/1464/1374 110/1474/110
f 108/1468/108 1368/1457/1368 1371/1460/1371 109/1476/109
f 1377/1477/1377 1378/1478/1378 1381/1479/1381 1380/1480/1380
f 1378/1478/1378 1379/1481/1379 1382/1482/1382 1381/1479/1381
f 1380/1480/1380 1381/1479/1381 1384/1483/1384 1383/1484/1383
f 1381/1479/1381 1382/1482/1382 1385/1485/1385 1384/1483/1384
f 10/1486/10 597/1487/597 1377/1477/1377 105/1488/105
f 597/1487/597 598/1489/598 1378/1478/1378 1377/1477/1377
f 598/1489/598 599/1490/599 1379/1481/1379 1378/1478/1378
f 599/1490/599 84/1491/84 552/1492/552 1379/1481/1379
f 1379/1481/1379 552/1492/552 553/1493/553 1382/1482/1382
f 1382/1482/1382 553/1493/553 554/1273/554 1385/1485/1385
f 1385/1485/1385 554/1273/554 87/1446/87 596/1470/596
f 1384/1483/1384 1385/1485/1385 596/1470/596 595/1469/595
f 1383/1484/1383 1384/1483/1384 595/1469/595 594/1467/594
f 107/1494/107 1383/1484/1383 594/1467/594 11/1466/11
f 106/1495/106 1380/1480/1380 1383/1484/1383 107/1494/107
f 105/1488/105 1377/1477/1377 1380/1480/1380 106/1495/106
f 1386/1496/1386 1387/1497/1387 1390/1498/1390 1389/1499/1389
f 1387/1497/1387 1388/1500/1388 1391/1501/1391 1390/1498/1390
f 1389/1499/1389 1390/1498/1390 1393/1502/1393 1392/1503/1392
f 1390/1498/1390 1391/1501/1391 1394/1504/1394 1393/1502/1393
f 9/1315/9 600/1313/600 1386/1496/1386 102/1505/102
f 600/1313/600 601/1312/601 1387/1497/1387 1386/1496/1386
f 601/1312/601 602/1311/602 1388/1500/1388 1387/1497/1387
f 602/1311/602 81/1310/81 537/1506/537 1388/1500/1388
f 1388/1500/1388 537/1506/537 538/1235/538 1391/1501/1391
f 1391/1501/1391 538/1235/538 539/1507/539 1394/1504/1394
f 1394/1504/1394 539/1507/539 84/1491/84 599/1490/599
f 1393/1502/1393 1394/1504/1394 599/1490/599 598/1489/598
f 1392/1503/1392 1393/1502/1393 598/1489/598 597/1487/597
f 104/1508/104 1392/1503/1392 597/1487/597 10/1486/10
f 103/1509/103 1389/1499/1389 1392/1503/1392 104/1508/104
f 102/1505/102 1386/1496/1386 1389/1499/1389 103/1509/103
f 1395/1510/1395 1396/1511/1396 1399/1512/1399 1398/1513/1398
f 1396/1511/1396 1397/1514/1397 1400/1515/1400 1399/1512/1399
f 1398/1513/1398 1399/1512/1399 1402/1516/1402 1401/1517/1401
f 1399/1512/1399 1400/1515/1400 1403/1518/1403 1402/1516/1402
f 90/1519/90 603/1520/603 1395/1510/1395 609/1521/609
f 603/1520/603 604/1522/604 1396/1511/1396 1395/1510/1395
f 604/1522/604 605/1523/605 1397/1514/1397 1396/1511/1396
f 605/1523/605 91/1524/91 612/1525/612 1397/1514/1397
f 1397/1514/1397 612/1525/612 613/1526/613 1400/1515/1400
f 1400/1515/1400 613/1526/613 614/1527/614 1403/1518/1403
f 1403/1518/1403 614/1527/614 94/1528/94 620/1529/620
f 1402/1516/1402 1403/1518/1403 620/1529/620 619/1530/619
f 1401/1517/1401 1402/1516/1402 619/1530/619 618/1531/618
f 611/1532/611 1401/1517/1401 618/1531/618 93/1533/93
f 610/1534/610 1398/1513/1398 1401/1517/1401 611/1532/611
f 609/1521/609 1395/1510/1395 1398/1513/1398 610/1534/610
f 1404/1535/1404 1405/1536/1405 1408/1537/1408 1407/1538/1407
f 1405/1536/1405 1406/1539/1406 1409/1540/1409 1408/1537/1408
f 1407/1538/1407 1408/1537/1408 1411/1541/1411 1410/1542/1410
f 1408/1537/1408 1409/1540/1409 1412/1543/1412 1411/1541/1411
f 91/1524/91 606/1544/606 1404/1535/1404 612/1525/612
f 606/1544/606 607/1545/607 1405/1536/1405 1404/1535/1404
f 607/1545/607 608/1546/608 1406/1539/1406 1405/1536/1405
f 608/1546/608 92/1547/92 615/1548/615 1406/1539/1406
f 1406/1539/1406 615/1548/615 616/1549/616 1409/1540/1409
f 1409/1540/1409 616/1549/616 617/1550/617 1412/1543/1412
f 1412/1543/1412 617/1550/617 95/1551/95 623/1552/623
f 1411/1541/1411 1412/1543/1412 623/1552/623 622/1553/622
f 1410/1542/1410 1411/1541/1411 622/1553/622 621/1554/621
f 614/1527/614 1410/1542/1410 621/1554/621 94/1528/94
f 613/1526/613 1407/1538/1407 1410/1542/1410 614/1527/614
f 612/1525/612 1404/1535/1404 1407/1538/1407 613/1526/613
f 1413/1555/1413 1414/1556/1414 1417/1557/1417 1416/1558/1416
f 1414/1556/1414 1415/1559/1415 1418/1560/1418 1417/1557/1417
f 1416/1558/1416 1417/1557/1417 1420/1561/1420 1419/1562/1419
f 1417/1557/1417 1418/1560/1418 1421/1563/1421 1420/1561/1420
f 93/1533/93 618/1531/618 1413/1555/1413 624/1564/624
f 618/1531/618 619/1530/619 1414/1556/1414 1413/1555/1413
f 619/1530/619 620/1529/620 1415/1559/1415 1414/1556/1414
f 620/1529/620 94/1528/94 627/1565/627 1415/1559/1415
f 1415/1559/1415 627/1565/627 628/1566/628 1418/1560/1418
f 1418/1560/1418 628/1566/628 629/1567/629 1421/1563/1421
f 1421/1563/1421 629/1567/629 97/1568/97 635/1569/635
f 1420/1561/1420 1421/1563/1421 635/1569/635 634/1570/634
f 1419/1562/1419 1420/1561/1420 634/1570/634 633/1571/633
f 626/1572/626 1419/1562/1419 633/1571/633 96/1573/96
f 625/1574/625 1416/1558/1416 1419/1562/1419 626/1572/626
f 624/1564/624 1413/1555/1413 1416/1558/1416 625/1574/625
f 1422/1575/1422 1423/1576/1423 1426/1577/1426 1425/1578/1425
f 1423/1576/1423 1424/1579/1424 1427/1580/1427 1426/1577/1426
f 1425/1578/1425 1426/1577/1426 1429/1581/1429 1428/1582/1428
f 1426/1577/1426 1427/1580/1427 1430/1583/1430 1429/1581/1429
f 94/1528/94 621/1554/621 1422/1575/1422 627/1565/627
f 621/1554/621 622/1553/622 1423/1576/1423 1422/1575/1422
f 622/1553/622 623/1552/623 1424/1579/1424 1423/1576/1423
f 623/1552/623 95/1551/95 630/1584/630 1424/1579/1424
f 1424/1579/1424 630/1584/630 631/1585/631 1427/1580/1427
f 1427/1580/1427 631/1585/631 632/1586/632 1430/1583/1430
f 1430/1583/1430 632/1586/632 98/1587/98 638/1588/638
f 1429/1581/1429 1430/1583/1430 638/1588/638 637/1589/637
f 1428/1582/1428 1429/1581/1429 637/1589/637 636/1590/636
f 629/1567/629 1428/1582/1428 636/1590/636 97/1568/97
f 628/1566/628 1425/1578/1425 1428/1582/1428 629/1567/629
f 627/1565/627 1422/1575/1422 1425/1578/1425 628/1566/628
f 1431/1591/1431 1432/1592/1432 1435/1593/1435 1434/1594/1434
f 1432/1592/1432 1433/1595/1433 1436/1596/1436 1435/1593/1435
f 1434/1594/1434 1435/1593/1435 1438/1597/1438 1437/1598/1437
f 1435/1593/1435 1436/1596/1436 1439/1599/1439 1438/1597/1438
f 8/511/8 170/1600/170 1431/1591/1431 195/751/195
f 170/1600/170 169/1601/169 1432/1592/1432 1431/1591/1431
f 169/1601/169 168/1602/168 1433/1595/1433 1432/1592/1432
f 168/1602/168 26/1603/26 639/1604/639 1433/1595/1433
f 1433/1595/1433 639/1604/639 640/1605/640 1436/1596/1436
f 1436/1596/1436 640/1605/640 641/1606/641 1439/1599/1439
f 1439/1599/1439 641/1606/641 90/1607/90 674/1608/674
f 1438/1597/1438 1439/1599/1439 674/1608/674 673/1609/673
f 1437/1598/1437 1438/1597/1438 673/1609/673 672/1610/672
f 197/753/197 1437/1598/1437 672/1610/672 33/754/33
f 196/752/196 1434/1594/1434 1437/1598/1437 197/753/197
f 195/751/195 1431/1591/1431 1434/1594/1434 196/752/196
f 1440/1611/1440 1441/1612/1441 1444/1613/1444 1443/1614/1443
f 1441/1612/1441 1442/1615/1442 1445/1616/1445 1444/1613/1444
f 1443/1614/1443 1444/1613/1444 1447/1617/1447 1446/1618/1446
f 1444/1613/1444 1445/1616/1445 1448/1619/1448 1447/1617/1447
f 26/1603/26 167/1620/167 1440/1611/1440 639/1604/639
f 167/1620/167 166/1621/166 1441/1612/1441 1440/1611/1440
f 166/1621/166 165/1622/165 1442/1615/1442 1441/1612/1441
f 165/1622/165 25/1623/25 642/1624/642 1442/1615/1442
f 1442/1615/1442 642/1624/642 643/1625/643 1445/1616/1445
f 1445/1616/1445 643/1625/643 644/1626/644 1448/1619/1448
f 1448/1619/1448 644/1626/644 91/1627/91 605/1628/605
f 1447/1617/1447 1448/1619/1448 605/1628/605 604/1629/604
f 1446/1618/1446 1447/1617/1447 604/1629/604 603/1630/603
f 641/1606/641 1446/1618/1446 603/1630/603 90/1607/90
f 640/1605/640 1443/1614/1443 1446/1618/1446 641/1606/641
f 639/1604/639 1440/1611/1440 1443/1614/1443 640/1605/640
f 1449/1631/1449 1450/1632/1450 1453/1633/1453 1452/1634/1452
f 1450/1632/1450 1451/1635/1451 1454/1636/1454 1453/1633/1453
f 1452/1634/1452 1453/1633/1453 1456/1637/1456 1455/1638/1455
f 1453/1633/1453 1454/1636/1454 1457/1639/1457 1456/1637/1456
f 25/1623/25 164/1640/164 1449/1631/1449 642/1624/642
f 164/1640/164 163/1641/163 1450/1632/1450 1449/1631/1449
f 163/1641/163 162/1642/162 1451/1635/1451 1450/1632/1450
f 162/1642/162 24/1643/24 645/1644/645 1451/1635/1451
f 1451/1635/1451 645/1644/645 646/1645/646 1454/1636/1454
f 1454/1636/1454 646/1645/646 647/1646/647 1457/1639/1457
f 1457/1639/1457 647/1646/647 92/1647/92 608/1648/608
f 1456/1637/1456 1457/1639/1457 608/1648/608 607/1649/607
f 1455/1638/1455 1456/1637/1456 607/1649/607 606/1650/606
f 644/1626/644 1455/1638/1455 606/1650/606 91/1627/91
f 643/1625/643 1452/1634/1452 1455/1638/1455 644/1626/644
f 642/1624/642 1449/1631/1449 1452/1634/1452 643/1625/643
f 1458/1651/1458 1459/1652/1459 1462/1653/1462 1461/1654/1461
f 1459/1652/1459 1460/1655/1460 1463/1656/1463 1462/1653/1462
f 1461/1654/1461 1462/1653/1462 1465/1657/1465 1464/1658/1464
f 1462/1653/1462 1463/1656/1463 1466/1659/1466 1465/1657/1465
f 24/1643/24 161/1660/161 1458/1651/1458 645/1644/645
f 161/1660/161 160/1661/160 1459/1652/1459 1458/1651/1458
f 160/1661/160 159/1662/159 1460/1655/1460 1459/1652/1459
f 159/1662/159 4/1663/4 134/1664/134 1460/1655/1460
f 1460/1655/1460 134/1664/134 133/1665/133 1463/1656/1463
f 1463/1656/1463 133/1665/133 132/1666/132 1466/1659/1466
f 1466/1659/1466 132/1666/132 17/1667/17 648/1668/648
f 1465/1657/1465 1466/1659/1466 648/1668/648 649/1669/649
f 1464/1658/1464 1465/1657/1465 649/1669/649 650/1670/650
f 647/1646/647 1464/1658/1464 650/1670/650 92/1647/92
f 646/1645/646 1461/1654/1461 1464/1658/1464 647/1646/647
f 645/1644/645 1458/1651/1458 1461/1654/1461 646/1645/646
f 1467/1671/1467 1468/1672/1468 1471/1673/1471 1470/1674/1470
f 1468/1672/1468 1469/1675/1469 1472/1676/1472 1471/1673/1471
f 1470/1674/1470 1471/1673/1471 1474/1677/1474 1473/1678/1473
f 1471/1673/1471 1472/1676/1472 1475/1679/1475 1474/1677/1474
f 92/1647/92 650/1670/650 1467/1671/1467 615/1548/615
f 650/1670/650 649/1669/649 1468/1672/1468 1467/1671/1467
f 649/1669/649 648/1668/648 1469/1675/1469 1468/1672/1468
f 648/1668/648 17/1667/17 131/1680/131 1469/1675/1469
f 1469/1675/1469 131/1680/131 130/1681/130 1472/1676/1472
f 1472/1676/1472 130/1681/130 129/1682/129 1475/1679/1475
f 1475/1679/1475 129/1682/129 16/1683/16 651/1684/651
f 1474/1677/1474 1475/1679/1475 651/1684/651 652/1685/652
f 1473/1678/1473 1474/1677/1474 652/1685/652 653/1686/653
f 617/1687/617 1473/1678/1473 653/1686/653 95/1688/95
f 616/1689/616 1470/1674/1470 1473/1678/1473 617/1687/617
f 615/1548/615 1467/1671/1467 1470/1674/1470 616/1689/616
f 1476/1690/1476 1477/1691/1477 1480/1692/1480 1479/1693/1479
f 1477/1691/1477 1478/1694/1478 1481/1695/1481 1480/1692/1480
f 1479/1693/1479 1480/1692/1480 1483/1696/1483 1482/1697/1482
f 1480/1692/1480 1481/1695/1481 1484/1698/1484 1483/1696/1483
f 95/1688/95 653/1686/653 1476/1690/1476 630/1699/630
f 653/1686/653 652/1685/652 1477/1691/1477 1476/1690/1476
f 652/1685/652 651/1684/651 1478/1694/1478 1477/1691/1477
f 651/1684/651 16/1683/16 128/1700/128 1478/1694/1478
f 1478/1694/1478 128/1700/128 127/1701/127 1481/1695/1481
f 1481/1695/1481 127/1701/127 126/1702/126 1484/1698/1484
f 1484/1698/1484 126/1702/126 15/1703/15 654/1704/654
f 1483/1696/1483 1484/1698/1484 654/1704/654 655/1705/655
f 1482/1697/1482 1483/1696/1483 655/1705/655 656/1706/656
f 632/1707/632 1482/1697/1482 656/1706/656 98/1708/98
f 631/1709/631 1479/1693/1479 1482/1697/1482 632/1707/632
f 630/1699/630 1476/1690/1476 1479/1693/1479 631/1709/631
f 1485/1710/1485 1486/1711/1486 1489/1712/1489 1488/1713/1488
f 1486/1711/1486 1487/1714/1487 1490/1715/1490 1489/1712/1489
f 1488/1713/1488 1489/1712/1489 1492/1716/1492 1491/1717/1491
f 1489/1712/1489 1490/1715/1490 1493/1718/1493 1492/1716/1492
f 98/1708/98 656/1706/656 1485/1710/1485 659/1719/659
f 656/1706/656 655/1705/655 1486/1711/1486 1485/1710/1485
f 655/1705/655 654/1704/654 1487/1714/1487 1486/1711/1486
f 654/1704/654 15/1703/15 125/1720/125 1487/1714/1487
f 1487/1714/1487 125/1720/125 124/1721/124 1490/1715/1490
f 1490/1715/1490 124/1721/124 123/1722/123 1493/1718/1493
f 1493/1718/1493 123/1722/123 2/1723/2 242/1724/242
f 1492/1716/1492 1493/1718/1493 242/1724/242 241/1725/241
f 1491/1717/1491 1492/1716/1492 241/1725/241 240/1726/240
f 657/1727/657 1491/1717/1491 240/1726/240 44/1728/44
f 658/1729/658 1488/1713/1488 1491/1717/1491 657/1727/657
f 659/1719/659 1485/1710/1485 1488/1713/1488 658/1729/658
f 1494/1730/1494 1495/1731/1495 1498/1732/1498 1497/1733/1497
f 1495/1731/1495 1496/1734/1496 1499/1735/1499 1498/1732/1498
f 1497/1733/1497 1498/1732/1498 1501/1736/1501 1500/1737/1500
f 1498/1732/1498 1499/1735/1499 1502/1738/1502 1501/1736/1501
f 97/1739/97 636/1740/636 1494/1730/1494 662/1741/662
f 636/1740/636 637/1742/637 1495/1731/1495 1494/1730/1494
f 637/1742/637 638/1743/638 1496/1734/1496 1495/1731/1495
f 638/1743/638 98/1708/98 659/1719/659 1496/1734/1496
f 1496/1734/1496 659/1719/659 658/1729/658 1499/1735/1499
f 1499/1735/1499 658/1729/658 657/1727/657 1502/1738/1502
f 1502/1738/1502 657/1727/657 44/1728/44 239/1744/239
f 1501/1736/1501 1502/1738/1502 239/1744/239 238/1745/238
f 1500/1737/1500 1501/1736/1501 238/1745/238 237/1746/237
f 660/1747/660 1500/1737/1500 237/1746/237 43/1748/43
f 661/1749/661 1497/1733/1497 1500/1737/1500 660/1747/660
f 662/1741/662 1494/1730/1494 1497/1733/1497 661/1749/661
f 1503/1750/1503 1504/1751/1504 1507/1752/1507 1506/1753/1506
f 1504/1751/1504 1505/1754/1505 1508/1755/1508 1507/1752/1507
f 1506/1753/1506 1507/1752/1507 1510/1756/1510 1509/1757/1509
f 1507/1752/1507 1508/1755/1508 1511/1758/1511 1510/1756/1510
f 96/1759/96 633/1571/633 1503/1750/1503 665/1760/665
f 633/1571/633 634/1761/634 1504/1751/1504 1503/1750/1503
f 634/1761/634 635/1762/635 1505/1754/1505 1504/1751/1504
f 635/1762/635 97/1739/97 662/1741/662 1505/1754/1505
f 1505/1754/1505 662/1741/662 661/1749/661 1508/1755/1508
f 1508/1755/1508 661/1749/661 660/1747/660 1511/1758/1511
f 1511/1758/1511 660/1747/660 43/1748/43 236/1763/236
f 1510/1756/1510 1511/1758/1511 236/1763/236 235/1764/235
f 1509/1757/1509 1510/1756/1510 235/1764/235 234/1765/234
f 663/1766/663 1509/1757/1509 234/1765/234 42/1767/42
f 664/1768/664 1506/1753/1506 1509/1757/1509 663/1766/663
f 665/1760/665 1503/1750/1503 1506/1753/1506 664/1768/664
f 1512/1769/1512 1513/1770/1513 1516/1771/1516 1515/1772/1515
f 1513/1770/1513 1514/1773/1514 1517/1774/1517 1516/1771/1516
f 1515/1772/1515 1516/1771/1516 1519/1775/1519 1518/1776/1518
f 1516/1771/1516 1517/1774/1517 1520/1777/1520 1519/1775/1519
f 35/808/35 666/1778/666 1512/1769/1512 204/809/204
f 666/1778/666 667/1779/667 1513/1770/1513 1512/1769/1512
f 667/1779/667 668/1780/668 1514/1773/1514 1513/1770/1513
f 668/1780/668 96/1759/96 665/1760/665 1514/1773/1514
f 1514/1773/1514 665/1760/665 664/1768/664 1517/1774/1517
f 1517/1774/1517 664/1768/664 663/1766/663 1520/1777/1520
f 1520/1777/1520 663/1766/663 42/1767/42 233/1781/233
f 1519/1775/1519 1520/1777/1520 233/1781/233 232/1782/232
f 1518/1776/1518 1519/1775/1519 232/1782/232 231/1783/231
f 206/811/206 1518/1776/1518 231/1783/231 6/812/6
f 205/810/205 1515/1772/1515 1518/1776/1518 206/811/206
f 204/809/204 1512/1769/1512 1515/1772/1515 205/810/205
f 1521/1784/1521 1522/1785/1522 1525/1786/1525 1524/1787/1524
f 1522/1785/1522 1523/1788/1523 1526/1789/1526 1525/1786/1525
f 1524/1787/1524 1525/1786/1525 1528/1790/1528 1527/1791/1527
f 1525/1786/1525 1526/1789/1526 1529/1792/1529 1528/1790/1528
f 34/776/34 669/1793/669 1521/1784/1521 201/789/201
f 669/1793/669 670/1794/670 1522/1785/1522 1521/1784/1521
f 670/1794/670 671/1795/671 1523/1788/1523 1522/1785/1522
f 671/1795/671 93/1533/93 624/1564/624 1523/1788/1523
f 1523/1788/1523 624/1564/624 625/1574/625 1526/1789/1526
f 1526/1789/1526 625/1574/625 626/1572/626 1529/1792/1529
f 1529/1792/1529 626/1572/626 96/1573/96 668/1796/668
f 1528/1790/1528 1529/1792/1529 668/1796/668 667/1797/667
f 1527/1791/1527 1528/1790/1528 667/1797/667 666/1798/666
f 203/791/203 1527/1791/1527 666/1798/666 35/792/35
f 202/790/202 1524/1787/1524 1527/1791/1527 203/791/203
f 201/789/201 1521/1784/1521 1524/1787/1524 202/790/202
f 1530/1799/1530 1531/1800/1531 1534/1801/1534 1533/1802/1533
f 1531/1800/1531 1532/1803/1532 1535/1804/1535 1534/1801/1534
f 1533/1802/1533 1534/1801/1534 1537/1805/1537 1536/1806/1536
f 1534/1801/1534 1535/1804/1535 1538/1807/1538 1537/1805/1537
f 33/772/33 672/1808/672 1530/1799/1530 198/773/198
f 672/1808/672 673/1809/673 1531/1800/1531 1530/1799/1530
f 673/1809/673 674/1810/674 1532/1803/1532 1531/1800/1531
f 674/1810/674 90/1519/90 609/1521/609 1532/1803/1532
f 1532/1803/1532 609/1521/609 610/1534/610 1535/1804/1535
f 1535/1804/1535 610/1534/610 611/1532/611 1538/1807/1538
f 1538/1807/1538 611/1532/611 93/1533/93 671/1795/671
f 1537/1805/1537 1538/1807/1538 671/1795/671 670/1794/670
f 1536/1806/1536 1537/1805/1537 670/1794/670 669/1793/669
f 200/775/200 1536/1806/1536 669/1793/669 34/776/34
f 199/774/199 1533/1802/1533 1536/1806/1536 200/775/200
f 198/773/198 1530/1799/1530 1533/1802/1533 199/774/199
