# This file uses centimeters as units for non-parametric coordinates.

mtllib parsely.mtl
g default
v 2.624182 0.612351 0.163012
v 1.471727 0.333351 0.203385
v 1.592835 0.463961 0.530959
v 1.698625 0.515518 0.622126
v 1.728599 0.484558 0.487844
v 1.929538 0.576503 0.639987
v 2.074200 0.613774 0.647891
v 2.107798 0.586484 0.523421
v 2.020984 0.523528 0.376063
v 2.166006 0.592219 0.494059
v 2.263422 0.615848 0.494221
v 2.251558 0.586516 0.401247
v 2.315786 0.600695 0.396436
v 2.281155 0.555098 0.265678
v 2.438287 0.613764 0.338151
v 2.504224 0.626024 0.325141
v 2.474706 0.594379 0.239059
v 2.588930 0.615534 0.216227
v 1.643314 0.497128 0.604560
v 1.731962 0.507118 0.564256
v 2.313735 0.581173 0.329586
v 1.471727 0.333351 0.163012
v 2.474890 0.576209 0.163012
v 2.274258 0.527637 0.163012
v 1.953245 0.449923 0.163012
v 1.616183 0.368323 0.163012
v 2.113751 0.488780 0.163012
v 1.874792 0.504043 0.431954
v 1.784714 0.409123 0.163012
v 1.471727 0.333351 0.122639
v 1.592835 0.463961 -0.204935
v 1.698625 0.515518 -0.296102
v 1.728599 0.484558 -0.161820
v 1.929538 0.576503 -0.313963
v 2.074200 0.613774 -0.321867
v 2.107798 0.586484 -0.197397
v 2.020984 0.523528 -0.050039
v 2.166006 0.592219 -0.168035
v 2.263422 0.615848 -0.168197
v 2.251558 0.586516 -0.075223
v 2.315786 0.600695 -0.070412
v 2.281155 0.555098 0.060346
v 2.438287 0.613764 -0.012127
v 2.504224 0.626024 0.000883
v 2.474706 0.594379 0.086965
v 2.588930 0.615534 0.109797
v 1.643314 0.497128 -0.278537
v 1.731962 0.507118 -0.238232
v 2.313735 0.581173 -0.003562
v 1.874792 0.504043 -0.105930
v 0.763817 0.165003 0.086609
v 1.736121 0.497179 -1.144467
v 0.788208 0.169264 0.114109
v 1.078871 0.238654 -0.191150
v 1.367423 0.457942 -0.103504
v 1.491171 0.533716 -0.136755
v 1.419599 0.465650 -0.237419
v 1.640650 0.597821 -0.312555
v 1.732107 0.636144 -0.424563
v 1.669230 0.574415 -0.522554
v 1.519364 0.471666 -0.536607
v 1.684356 0.571638 -0.586167
v 1.742507 0.594558 -0.664533
v 1.673518 0.539787 -0.707961
v 1.708583 0.552149 -0.762432
v 1.600865 0.470913 -0.809055
v 1.742754 0.548266 -0.894309
v 1.773376 0.556444 -0.954829
v 1.698459 0.501388 -0.980110
v 1.751311 0.515391 -1.085119
v 1.446517 0.510931 -0.102218
v 1.472493 0.509168 -0.196583
v 1.662839 0.514286 -0.798877
v 1.049462 0.227086 -0.216274
v 1.647170 0.462190 -1.024227
v 1.527628 0.415170 -0.862636
v 1.336361 0.339936 -0.604091
v 1.135531 0.260941 -0.332619
v 1.431995 0.377553 -0.733364
v 1.469482 0.468658 -0.387013
v 1.235946 0.300438 -0.468355
v 0.742302 0.156540 0.069222
v 1.020051 0.215518 -0.241397
v 0.831350 0.247081 -0.561440
v 0.822275 0.270610 -0.708153
v 0.946343 0.279498 -0.641694
v 0.945732 0.324480 -0.906182
v 1.025673 0.358273 -1.028027
v 1.144139 0.367874 -0.971107
v 1.208964 0.349572 -0.801763
v 1.202045 0.381923 -0.998178
v 1.259958 0.404751 -1.076745
v 1.326427 0.403261 -1.004460
v 1.368500 0.418380 -1.052944
v 1.451289 0.412078 -0.936829
v 1.487589 0.447898 -1.112282
v 1.537166 0.463532 -1.156610
v 1.587664 0.457808 -1.074755
v 1.673780 0.484895 -1.151348
v 0.803213 0.257891 -0.651754
v 0.887908 0.279225 -0.695958
v 1.420153 0.418827 -1.006189
v 1.077653 0.314535 -0.721729
v 0.762990 0.162839 0.234968
v 1.817449 0.577553 1.358603
v 0.780999 0.165861 0.203228
v 1.060883 0.279962 0.494502
v 1.337658 0.494618 0.366634
v 1.464113 0.571457 0.382931
v 1.404092 0.507934 0.493615
v 1.631700 0.642684 0.538496
v 1.734723 0.685557 0.638131
v 1.683038 0.628230 0.744941
v 1.535835 0.526528 0.779623
v 1.705009 0.628145 0.806589
v 1.771295 0.654266 0.877100
v 1.707575 0.601567 0.930091
v 1.748335 0.616170 0.979838
v 1.646527 0.537258 1.041354
v 1.796676 0.617860 1.107254
v 1.833689 0.628551 1.163672
v 1.762100 0.574805 1.199298
v 1.826041 0.593170 1.297228
v 1.416017 0.547317 0.354472
v 1.452119 0.549538 0.445434
v 1.706923 0.580010 1.022637
v 1.034411 0.269550 0.523151
v 1.716013 0.537653 1.250377
v 1.579693 0.484033 1.104932
v 1.361580 0.398240 0.872220
v 1.132562 0.308157 0.627872
v 1.470636 0.441136 0.988576
v 1.469963 0.517231 0.636619
v 1.247071 0.353198 0.750046
v 0.743557 0.155144 0.253578
v 1.007940 0.259137 0.551801
v 0.855146 0.304826 0.888844
v 0.862049 0.334639 1.034530
v 0.978120 0.340381 0.954634
v 1.006215 0.396654 1.215443
v 1.098872 0.435450 1.326296
v 1.210411 0.442326 1.256452
v 1.256449 0.416634 1.081996
v 1.270888 0.457386 1.276428
v 1.336961 0.483424 1.347170
v 1.395163 0.478682 1.268206
v 1.442233 0.495766 1.311126
v 1.511895 0.484301 1.187062
v 1.567006 0.527521 1.355820
v 1.621079 0.544923 1.393774
v 1.662375 0.535579 1.307228
v 1.756258 0.565721 1.372754
v 0.836988 0.319560 0.981140
v 0.925945 0.342571 1.014900
v 1.488484 0.494089 1.259047
v 1.117284 0.378507 1.018315
v 0.784624 0.167010 0.159572
v 0.339645 0.735433 2.248201
v 0.117849 0.356973 1.145840
v -0.196649 0.404966 1.340312
v -0.272026 0.439165 1.464043
v -0.131312 0.448061 1.461096
v -0.253207 0.512915 1.691124
v -0.238091 0.559102 1.832606
v -0.106729 0.569203 1.835485
v 0.028561 0.540779 1.716727
v -0.067706 0.587626 1.884689
v -0.052303 0.618703 1.978736
v 0.039913 0.614457 1.945219
v 0.055047 0.634922 2.006060
v 0.181871 0.623227 1.941602
v 0.133620 0.673711 2.110443
v 0.157326 0.694681 2.170987
v 0.239745 0.684838 2.122068
v 0.281108 0.721163 2.226880
v -0.263084 0.421434 1.406497
v -0.208121 0.449513 1.482478
v 0.122387 0.633937 1.988214
v 0.155486 0.367797 1.136030
v 0.315788 0.687809 2.104128
v 0.283728 0.623807 1.910508
v 0.232431 0.521403 1.600717
v 0.178569 0.413879 1.275436
v 0.258079 0.572605 1.755613
v -0.051376 0.494420 1.588911
v 0.205500 0.467641 1.438076
v 0.193123 0.378621 1.126220
v 0.489382 0.602267 1.161496
v 0.583983 0.685351 1.240922
v 0.474332 0.622243 1.303234
v 0.636103 0.768679 1.459323
v 0.665956 0.819104 1.596964
v 0.565247 0.762462 1.660332
v 0.425789 0.655021 1.613188
v 0.549526 0.765141 1.723806
v 0.565230 0.796304 1.817775
v 0.484097 0.742204 1.829441
v 0.490261 0.760089 1.892620
v 0.373289 0.678279 1.891708
v 0.460163 0.767625 2.025329
v 0.459612 0.781618 2.092196
v 0.381533 0.725616 2.085111
v 0.380327 0.749698 2.201019
v 0.560175 0.658201 1.191913
v 0.539990 0.664668 1.287481
v 0.432961 0.723257 1.907262
v 0.450061 0.638632 1.458211
v 0.112738 0.165363 0.434241
v 1.226128 0.890286 1.182939
v 0.091461 0.164194 0.464494
v 0.335975 0.332402 0.631562
v 0.214350 0.529352 0.923879
v 0.234934 0.617223 1.042268
v 0.344161 0.578544 0.961880
v 0.396833 0.737100 1.171794
v 0.500382 0.810897 1.250601
v 0.605994 0.777885 1.179029
v 0.635949 0.676971 1.030255
v 0.668674 0.794658 1.187584
v 0.741735 0.842303 1.236980
v 0.792864 0.799592 1.164821
v 0.844211 0.829052 1.193890
v 0.902639 0.760219 1.083327
v 0.973857 0.865744 1.214388
v 1.031781 0.892784 1.238487
v 1.065199 0.844186 1.162301
v 1.165735 0.890912 1.203839
v 0.204735 0.583232 1.001788
v 0.297343 0.610527 1.017954
v 0.885841 0.801508 1.145284
v 0.360547 0.327386 0.599924
v 1.114000 0.817367 1.107414
v 0.963309 0.719370 1.005916
v 0.722205 0.562577 0.843519
v 0.469045 0.397943 0.673002
v 0.842757 0.640973 0.924717
v 0.490055 0.627758 0.996068
v 0.595625 0.480260 0.758260
v 0.126423 0.160039 0.409318
v 0.385120 0.322369 0.568285
v 0.662246 0.437911 0.347191
v 0.793805 0.503125 0.322694
v 0.739574 0.497818 0.452768
v 0.977446 0.618564 0.424226
v 1.090616 0.690396 0.490645
v 1.044713 0.688317 0.614156
v 0.895291 0.624025 0.696339
v 1.071652 0.712387 0.668729
v 1.144910 0.759992 0.717872
v 1.082863 0.740386 0.791432
v 1.128353 0.771043 0.828042
v 1.027613 0.734704 0.922418
v 1.187050 0.822218 0.939891
v 1.229138 0.852492 0.984380
v 1.157770 0.825287 1.043112
v 1.230512 0.877687 1.120436
v 0.742224 0.473500 0.309744
v 0.785770 0.510811 0.389080
v 1.088607 0.760111 0.884211
v 0.817432 0.560921 0.574553
v -0.025148 0.123439 0.469531
v -0.948965 0.311534 1.757015
v 0.007695 0.136410 0.479225
v -0.232145 0.192066 0.819186
v -0.110217 0.456309 1.052298
v -0.118197 0.536631 1.177380
v -0.217200 0.440801 1.147320
v -0.245058 0.577797 1.376304
v -0.326519 0.601154 1.499581
v -0.421754 0.513031 1.476542
v -0.459038 0.393386 1.344218
v -0.474195 0.498326 1.512834
v -0.532167 0.510232 1.593736
v -0.581272 0.439935 1.545857
v -0.622467 0.444143 1.597186
v -0.680829 0.343107 1.514957
v -0.730709 0.415796 1.674996
v -0.777876 0.414138 1.724390
v -0.812293 0.346809 1.664679
v -0.894181 0.343719 1.750125
v -0.095839 0.516928 1.124297
v -0.173036 0.497802 1.181370
v -0.661637 0.394382 1.568137
v -0.261957 0.172099 0.800681
v -0.859968 0.293471 1.633129
v -0.740366 0.269197 1.466640
v -0.549003 0.230358 1.200256
v -0.348071 0.189577 0.920553
v -0.644685 0.249777 1.333447
v -0.338120 0.417094 1.245769
v -0.448537 0.209967 1.060404
v -0.044762 0.109382 0.455358
v -0.291770 0.152132 0.782175
v -0.653633 0.092353 0.714988
v -0.796254 0.082498 0.756494
v -0.696939 0.119493 0.849535
v -0.949493 0.105997 0.939044
v -1.042628 0.121535 1.055076
v -0.954036 0.156531 1.146142
v -0.773689 0.182647 1.148907
v -0.963112 0.170871 1.209350
v -1.021324 0.182616 1.290105
v -0.933117 0.204285 1.327458
v -0.967206 0.213251 1.383198
v -0.832454 0.241555 1.420839
v -0.989369 0.242557 1.514440
v -1.017322 0.253767 1.575760
v -0.924605 0.271587 1.594965
v -0.972772 0.291081 1.701341
v -0.747953 0.080171 0.719513
v -0.765626 0.100911 0.813535
v -0.907646 0.229616 1.415433
v -0.735314 0.151070 0.999221
v 0.048895 0.149532 0.472110
v 0.339644 0.735433 -1.929057
v 0.117849 0.356973 -0.826697
v -0.196649 0.404966 -1.021169
v -0.272027 0.439165 -1.144901
v -0.131311 0.448061 -1.141953
v -0.253207 0.512915 -1.371981
v -0.238091 0.559102 -1.513463
v -0.106729 0.569203 -1.516341
v 0.028561 0.540779 -1.397583
v -0.067706 0.587626 -1.565545
v -0.052303 0.618703 -1.659594
v 0.039913 0.614457 -1.626076
v 0.055047 0.634922 -1.686917
v 0.181871 0.623227 -1.622459
v 0.133620 0.673711 -1.791300
v 0.157326 0.694681 -1.851845
v 0.239745 0.684838 -1.802925
v 0.281109 0.721163 -1.907737
v -0.263084 0.421434 -1.087354
v -0.208121 0.449513 -1.163335
v 0.122387 0.633937 -1.669071
v 0.155486 0.367797 -0.816887
v 0.315788 0.687809 -1.784985
v 0.283727 0.623806 -1.591366
v 0.232431 0.521403 -1.281574
v 0.178569 0.413879 -0.956293
v 0.258079 0.572605 -1.436470
v -0.051375 0.494420 -1.269769
v 0.205500 0.467641 -1.118933
v 0.193123 0.378621 -0.807077
v 0.489382 0.602267 -0.842353
v 0.583983 0.685351 -0.921779
v 0.474332 0.622243 -0.984090
v 0.636103 0.768679 -1.140180
v 0.665957 0.819104 -1.277820
v 0.565247 0.762462 -1.341189
v 0.425789 0.655021 -1.294045
v 0.549525 0.765141 -1.404663
v 0.565230 0.796304 -1.498631
v 0.484097 0.742204 -1.510298
v 0.490261 0.760089 -1.573477
v 0.373289 0.678278 -1.572565
v 0.460163 0.767625 -1.706186
v 0.459612 0.781618 -1.773052
v 0.381533 0.725616 -1.765967
v 0.380327 0.749698 -1.881876
v 0.560175 0.658201 -0.872770
v 0.539991 0.664668 -0.968338
v 0.432960 0.723257 -1.588118
v 0.450061 0.638632 -1.139068
v 0.112739 0.165364 -0.115098
v 1.226128 0.890286 -0.863796
v 0.091461 0.164194 -0.145351
v 0.335975 0.332402 -0.312418
v 0.214350 0.529352 -0.604736
v 0.234934 0.617222 -0.723125
v 0.344161 0.578544 -0.642737
v 0.396833 0.737100 -0.852650
v 0.500382 0.810897 -0.931458
v 0.605994 0.777885 -0.859887
v 0.635949 0.676971 -0.711112
v 0.668674 0.794658 -0.868440
v 0.741735 0.842303 -0.917837
v 0.792864 0.799592 -0.845678
v 0.844211 0.829052 -0.874746
v 0.902639 0.760219 -0.764184
v 0.973857 0.865744 -0.895245
v 1.031781 0.892784 -0.919344
v 1.065199 0.844186 -0.843158
v 1.165735 0.890912 -0.884696
v 0.204736 0.583232 -0.682645
v 0.297343 0.610527 -0.698811
v 0.885841 0.801508 -0.826141
v 0.360547 0.327386 -0.280780
v 1.114000 0.817367 -0.788271
v 0.963309 0.719370 -0.686773
v 0.722205 0.562577 -0.524376
v 0.469045 0.397943 -0.353859
v 0.842757 0.640973 -0.605574
v 0.490055 0.627758 -0.676925
v 0.595625 0.480260 -0.439117
v 0.126423 0.160039 -0.090175
v 0.385120 0.322369 -0.249142
v 0.662246 0.437911 -0.028048
v 0.793805 0.503125 -0.003550
v 0.739574 0.497818 -0.133625
v 0.977446 0.618564 -0.105083
v 1.090616 0.690396 -0.171502
v 1.044713 0.688317 -0.295013
v 0.895292 0.624025 -0.377195
v 1.071652 0.712387 -0.349586
v 1.144910 0.759992 -0.398729
v 1.082863 0.740386 -0.472289
v 1.128353 0.771043 -0.508899
v 1.027612 0.734704 -0.603275
v 1.187050 0.822218 -0.620748
v 1.229138 0.852492 -0.665237
v 1.157770 0.825287 -0.723969
v 1.230512 0.877687 -0.801293
v 0.742224 0.473500 0.009399
v 0.785770 0.510811 -0.069937
v 1.088607 0.760111 -0.565068
v 0.817432 0.560921 -0.255410
v -0.025148 0.123440 -0.150388
v -0.948965 0.311534 -1.437872
v 0.007695 0.136411 -0.160082
v -0.232145 0.192066 -0.500043
v -0.110217 0.456309 -0.733155
v -0.118196 0.536631 -0.858237
v -0.217200 0.440801 -0.828177
v -0.245058 0.577797 -1.057161
v -0.326519 0.601154 -1.180438
v -0.421754 0.513031 -1.157399
v -0.459038 0.393386 -1.025075
v -0.474195 0.498326 -1.193690
v -0.532167 0.510232 -1.274593
v -0.581272 0.439935 -1.226714
v -0.622467 0.444143 -1.278043
v -0.680829 0.343107 -1.195814
v -0.730709 0.415796 -1.355853
v -0.777876 0.414137 -1.405246
v -0.812293 0.346809 -1.345536
v -0.894180 0.343719 -1.430982
v -0.095839 0.516929 -0.805154
v -0.173036 0.497802 -0.862226
v -0.661637 0.394383 -1.248994
v -0.261958 0.172099 -0.481538
v -0.859968 0.293471 -1.313986
v -0.740366 0.269197 -1.147497
v -0.549003 0.230358 -0.881112
v -0.348071 0.189577 -0.601410
v -0.644685 0.249777 -1.014305
v -0.338120 0.417094 -0.926626
v -0.448537 0.209967 -0.741261
v -0.044762 0.109382 -0.136215
v -0.291770 0.152132 -0.463032
v -0.653633 0.092353 -0.395845
v -0.796254 0.082498 -0.437351
v -0.696939 0.119493 -0.530392
v -0.949493 0.105997 -0.619901
v -1.042628 0.121535 -0.735933
v -0.954036 0.156531 -0.826999
v -0.773689 0.182647 -0.829764
v -0.963112 0.170871 -0.890208
v -1.021324 0.182616 -0.970962
v -0.933117 0.204285 -1.008315
v -0.967206 0.213251 -1.064055
v -0.832454 0.241555 -1.101696
v -0.989369 0.242557 -1.195297
v -1.017322 0.253767 -1.256617
v -0.924604 0.271587 -1.275821
v -0.972772 0.291081 -1.382198
v -0.747953 0.080171 -0.400371
v -0.765626 0.100911 -0.494392
v -0.907646 0.229616 -1.096290
v -0.735314 0.151070 -0.680078
v 0.048896 0.149532 -0.152966
v 0.040750 0.140007 0.165668
v -4.117148 0.025645 0.164380
v 0.048472 0.149189 0.381473
v 0.003473 0.117032 0.382337
v 0.043398 0.149123 -0.038622
v 0.008809 0.117159 -0.061508
v 0.044611 0.144598 0.218434
v -0.022152 0.119676 0.225959
v 0.042074 0.144565 0.118659
v -0.019485 0.119739 0.098835
v 0.742930 0.155842 0.161400
v 0.763405 0.163925 0.160538
v 0.606047 0.155112 0.120417
v 0.614663 0.153113 0.163586
v 0.616235 0.154399 0.208356
v -4.118964 0.023976 0.201336
v -4.117630 0.024008 0.125440
vt 0.537957 0.227477
vt 0.518513 0.214101
vt 0.534189 0.204893
vt 0.544938 0.206353
vt 0.545111 0.217548
vt 0.481668 0.282325
vt 0.482124 0.274962
vt 0.507718 0.283321
vt 0.358600 0.274404
vt 0.358682 0.265989
vt 0.562107 0.238755
vt 0.538928 0.284450
vt 0.533762 0.341205
vt 0.513371 0.353120
vt 0.481337 0.289715
vt 0.356062 0.273720
vt 0.352607 0.264481
vt 0.359002 0.283248
vt 0.597148 0.197105
vt 0.572605 0.200076
vt 0.588231 0.246111
vt 0.570866 0.285621
vt 0.558674 0.331720
vt 0.540151 0.351658
vt 0.539137 0.362812
vt 0.528311 0.363459
vt 0.352879 0.283076
vt 0.327915 0.197025
vt 0.334791 0.193726
vt 0.603526 0.218146
vt 0.628958 0.247241
vt 0.599072 0.286667
vt 0.585258 0.326304
vt 0.590550 0.375841
vt 0.566292 0.371062
vt 0.330937 0.354357
vt 0.324486 0.350380
vt 0.316507 0.173599
vt 0.357742 0.121359
vt 0.375726 0.135130
vt 0.621816 0.228362
vt 0.638616 0.235729
vt 0.631925 0.269325
vt 0.628177 0.287756
vt 0.625938 0.328216
vt 0.598465 0.355327
vt 0.367249 0.415131
vt 0.346223 0.425614
vt 0.311263 0.372708
vt 0.303093 0.145245
vt 0.336495 0.103660
vt 0.361299 0.112417
vt 0.371433 0.107772
vt 0.377398 0.116872
vt 0.640272 0.247722
vt 0.638946 0.259375
vt 0.665054 0.276533
vt 0.662821 0.289065
vt 0.630534 0.306415
vt 0.634706 0.340425
vt 0.617403 0.346510
vt 0.367605 0.433417
vt 0.360956 0.442045
vt 0.351201 0.436650
vt 0.325101 0.441586
vt 0.295546 0.399780
vt 0.288889 0.117929
vt 0.315474 0.087235
vt 0.665178 0.259005
vt 0.675446 0.266321
vt 0.684574 0.280773
vt 0.689924 0.290095
vt 0.664102 0.301731
vt 0.636800 0.316860
vt 0.637253 0.328581
vt 0.345882 0.491854
vt 0.354563 0.468802
vt 0.306646 0.461295
vt 0.279652 0.427562
vt 0.275277 0.092953
vt 0.299092 0.050023
vt 0.322609 0.058468
vt 0.342721 0.045276
vt 0.683882 0.298983
vt 0.673691 0.312703
vt 0.662898 0.319219
vt 0.324329 0.487814
vt 0.287034 0.496757
vt 0.265708 0.452110
vt 0.262579 0.066809
vt 0.277910 0.056084
vt 0.305520 0.036679
vt 0.319104 0.049153
vt 0.306956 0.499326
vt 0.292429 0.510633
vt 0.266184 0.489215
vt 0.251481 0.477524
vt 0.247600 0.035538
vt 0.258261 0.028597
vt 0.283953 0.045782
vt 0.293969 0.039837
vt 0.281217 0.506565
vt 0.271612 0.499947
vt 0.244891 0.515402
vt 0.234676 0.507825
vt 0.236127 0.010971
vt 0.246796 0.012277
vt 0.263247 0.015053
vt 0.274190 0.021407
vt 0.260312 0.523596
vt 0.248977 0.529226
vt 0.232506 0.531007
vt 0.221785 0.531690
vt 0.359390 0.069412
vt 0.247701 0.368882
vt 0.235452 0.369615
vt 0.226079 0.363494
vt 0.230586 0.353632
vt 0.246704 0.345278
vt 0.318001 0.346422
vt 0.244438 0.395411
vt 0.348462 0.282031
vt 0.236947 0.421591
vt 0.190559 0.403420
vt 0.206004 0.384041
vt 0.352097 0.273500
vt 0.216510 0.457027
vt 0.205153 0.419906
vt 0.327513 0.279978
vt 0.919407 0.945969
vt 0.348188 0.265097
vt 0.233775 0.471164
vt 0.201594 0.459131
vt 0.204207 0.440992
vt 0.911678 0.846887
vt 0.919849 0.846644
vt 0.927156 0.946254
vt 0.321077 0.200222
vt 0.222778 0.503336
vt 0.221570 0.471890
vt 0.210956 0.466870
vt 0.906468 0.836093
vt 0.913531 0.126867
vt 0.920273 0.126981
vt 0.929011 0.847341
vt 0.250387 0.197018
vt 0.253187 0.173665
vt 0.216479 0.522340
vt 0.208578 0.506858
vt 0.207736 0.494300
vt 0.884884 0.851713
vt 0.719509 0.526624
vt 0.933107 0.835639
vt 0.926673 0.126640
vt 0.234972 0.187515
vt 0.231192 0.177393
vt 0.240999 0.171986
vt 0.251451 0.147390
vt 0.709553 0.538211
vt 0.708827 0.523247
vt 0.958593 0.845756
vt 0.179080 0.745988
vt 0.198092 0.136890
vt 0.212528 0.156888
vt 0.245386 0.121330
vt 0.705433 0.539367
vt 0.704588 0.522696
vt 0.189712 0.749990
vt 0.185108 0.748419
vt 0.183841 0.734282
vt 0.188470 0.732890
vt 0.213389 0.121143
vt 0.226644 0.085072
vt 0.727288 0.453876
vt 0.734659 0.456892
vt 0.743021 0.585436
vt 0.736259 0.589984
vt 0.164902 0.803222
vt 0.158080 0.799543
vt 0.154545 0.669872
vt 0.161352 0.666448
vt 0.213561 0.100425
vt 0.211935 0.082137
vt 0.244583 0.072066
vt 0.737295 0.429991
vt 0.801574 0.423506
vt 0.807251 0.446313
vt 0.817122 0.584181
vt 0.815379 0.607659
vt 0.750785 0.611315
vt 0.152304 0.826039
vt 0.088649 0.825607
vt 0.086386 0.802055
vt 0.083455 0.668221
vt 0.085681 0.644729
vt 0.149256 0.643333
vt 0.221652 0.074951
vt 0.232533 0.070552
vt 0.235458 0.039341
vt 0.748952 0.399909
vt 0.800364 0.397365
vt 0.814289 0.420729
vt 0.824521 0.425286
vt 0.821293 0.435403
vt 0.832747 0.592697
vt 0.837708 0.601969
vt 0.828375 0.608328
vt 0.818452 0.634101
vt 0.768066 0.638845
vt 0.137680 0.854169
vt 0.086797 0.852321
vt 0.076134 0.826735
vt 0.066530 0.820820
vt 0.070832 0.811022
vt 0.067851 0.659359
vt 0.063590 0.649474
vt 0.073166 0.643648
vt 0.083481 0.618451
vt 0.135075 0.615187
vt 0.219922 0.047506
vt 0.221490 0.035013
vt 0.230280 0.019997
vt 0.761547 0.370904
vt 0.806537 0.371106
vt 0.853499 0.384462
vt 0.840804 0.404495
vt 0.828253 0.659529
vt 0.784570 0.666924
vt 0.123711 0.882626
vt 0.080447 0.878698
vt 0.029754 0.609599
vt 0.044646 0.629051
vt 0.076381 0.592536
vt 0.120131 0.588116
vt 0.773842 0.345145
vt 0.821300 0.333279
vt 0.838208 0.369698
vt 0.044418 0.593430
vt 0.057188 0.556421
vt 0.105895 0.563516
vt 0.784742 0.317806
vt 0.803700 0.321611
vt 0.835559 0.327903
vt 0.836357 0.345990
vt 0.044182 0.571731
vt 0.042404 0.553519
vt 0.074653 0.543067
vt 0.092729 0.537540
vt 0.797134 0.286172
vt 0.809402 0.288077
vt 0.814879 0.319157
vt 0.825702 0.322448
vt 0.051988 0.546281
vt 0.062710 0.541784
vt 0.065284 0.510347
vt 0.077366 0.506683
vt 0.806636 0.260205
vt 0.813104 0.268650
vt 0.822450 0.281296
vt 0.825869 0.293406
vt 0.049732 0.518329
vt 0.051367 0.505848
vt 0.059988 0.491056
vt 0.065781 0.482035
vt 0.082504 0.964710
vt 0.070259 0.989029
vt 0.064709 0.979840
vt 0.070418 0.960781
vt 0.098057 0.933816
vt 0.079958 0.928245
vt 0.056275 0.964978
vt 0.054950 0.952497
vt 0.111134 0.907736
vt 0.062183 0.915020
vt 0.067839 0.929598
vt 0.057024 0.925077
vt 0.047182 0.917853
vt 0.048956 0.899751
vt 0.033271 0.862265
vt 0.047917 0.842406
vt 0.048358 0.878241
vt 0.832492 0.745216
vt 0.844242 0.740918
vt 0.851624 0.759181
vt 0.846954 0.768771
vt 0.814631 0.716107
vt 0.832676 0.709016
vt 0.799244 0.690957
vt 0.848359 0.694540
vt 0.859451 0.732497
vt 0.858497 0.745012
vt 0.854533 0.704335
vt 0.844330 0.709536
vt 0.861201 0.679399
vt 0.863597 0.697219
vt 0.872962 0.638826
vt 0.857126 0.620793
vt 0.859924 0.655894
vt 0.378532 0.699644
vt 0.360057 0.684763
vt 0.376087 0.676667
vt 0.386678 0.678529
vt 0.386311 0.689775
vt 0.317631 0.750222
vt 0.318336 0.742816
vt 0.343539 0.753041
vt 0.194145 0.741910
vt 0.193925 0.734229
vt 0.401715 0.713029
vt 0.374703 0.756561
vt 0.365254 0.812780
vt 0.344205 0.823382
vt 0.316972 0.757635
vt 0.194808 0.750314
vt 0.439929 0.674136
vt 0.415330 0.675156
vt 0.427428 0.722269
vt 0.406709 0.760382
vt 0.390666 0.805109
vt 0.370954 0.823806
vt 0.369121 0.834883
vt 0.358342 0.834652
vt 0.171733 0.807011
vt 0.168186 0.662925
vt 0.444713 0.695511
vt 0.468033 0.727308
vt 0.434722 0.763828
vt 0.417643 0.802420
vt 0.418370 0.852011
vt 0.394872 0.845185
vt 0.209426 0.867640
vt 0.188538 0.876535
vt 0.189173 0.589819
vt 0.207483 0.602803
vt 0.462748 0.707838
vt 0.478766 0.716544
vt 0.469219 0.749462
vt 0.463681 0.767592
vt 0.457851 0.807576
vt 0.428087 0.832484
vt 0.208693 0.885996
vt 0.201853 0.894260
vt 0.192425 0.888344
vt 0.170488 0.894984
vt 0.167516 0.572624
vt 0.192149 0.580731
vt 0.201964 0.575608
vt 0.208390 0.584458
vt 0.479313 0.728691
vt 0.477025 0.740146
vt 0.501562 0.760061
vt 0.497921 0.772197
vt 0.464313 0.786506
vt 0.465876 0.820280
vt 0.448226 0.825176
vt 0.152617 0.914363
vt 0.146143 0.556721
vt 0.503571 0.742660
vt 0.513057 0.750903
vt 0.520521 0.766270
vt 0.524877 0.776075
vt 0.498066 0.784866
vt 0.469658 0.797152
vt 0.469278 0.808747
vt 0.134650 0.951042
vt 0.128743 0.520208
vt 0.152163 0.527848
vt 0.171768 0.513707
vt 0.517945 0.784256
vt 0.506935 0.796287
vt 0.495722 0.802137
vt 0.154643 0.952736
vt 0.140892 0.964770
vt 0.113406 0.944890
vt 0.107972 0.526464
vt 0.134080 0.506544
vt 0.148429 0.518174
vt 0.129358 0.961241
vt 0.119429 0.955205
vt 0.092875 0.972000
vt 0.087781 0.499548
vt 0.113537 0.516263
vt 0.123136 0.510045
vt 0.108570 0.979683
vt 0.097526 0.985791
vt 0.080952 0.988026
vt 0.076409 0.483329
vt 0.091751 0.485875
vt 0.103133 0.491533
vt 0.189353 0.537473
vt 0.191549 0.943266
vt 0.199609 0.919595
vt 0.169886 0.939266
vt 0.509778 0.507120
vt 0.500482 0.498047
vt 0.498720 0.486940
vt 0.508937 0.484130
vt 0.525831 0.489817
vt 0.576977 0.552069
vt 0.551594 0.557004
vt 0.575558 0.544509
vt 0.578310 0.559649
vt 0.553855 0.628987
vt 0.532686 0.618923
vt 0.520257 0.563244
vt 0.488520 0.523140
vt 0.700100 0.531998
vt 0.699384 0.524274
vt 0.700329 0.540497
vt 0.540123 0.640541
vt 0.529550 0.641544
vt 0.527220 0.630534
vt 0.507139 0.612460
vt 0.487556 0.570025
vt 0.462937 0.533369
vt 0.447314 0.486979
vt 0.471220 0.485905
vt 0.484037 0.662080
vt 0.506150 0.653597
vt 0.479834 0.613587
vt 0.459797 0.575907
vt 0.423357 0.542960
vt 0.444029 0.508115
vt 0.719915 0.450704
vt 0.729561 0.594721
vt 0.472644 0.644159
vt 0.440250 0.621033
vt 0.430979 0.582271
vt 0.423577 0.564342
vt 0.410903 0.533924
vt 0.425443 0.523252
vt 0.675974 0.391550
vt 0.694317 0.376267
vt 0.721158 0.666466
vt 0.698784 0.660912
vt 0.449838 0.638220
vt 0.432208 0.633897
vt 0.431880 0.601619
vt 0.397714 0.589725
vt 0.392551 0.578376
vt 0.415245 0.556251
vt 0.411948 0.545343
vt 0.674613 0.373380
vt 0.680381 0.364250
vt 0.690376 0.369013
vt 0.712311 0.358335
vt 0.739219 0.683232
vt 0.718353 0.678865
vt 0.709733 0.686007
vt 0.702316 0.678616
vt 0.428614 0.623162
vt 0.427462 0.611937
vt 0.398063 0.602182
vt 0.370787 0.595992
vt 0.374323 0.585943
vt 0.379656 0.571151
vt 0.387891 0.561661
vt 0.732784 0.341366
vt 0.757366 0.701152
vt 0.400565 0.619240
vt 0.389205 0.613624
vt 0.378385 0.603454
vt 0.705355 0.302941
vt 0.725543 0.313134
vt 0.747905 0.304120
vt 0.779942 0.735956
vt 0.728649 0.302165
vt 0.742629 0.290326
vt 0.768272 0.307800
vt 0.800009 0.728805
vt 0.775938 0.750677
vt 0.760819 0.740737
vt 0.752937 0.293214
vt 0.762554 0.298619
vt 0.786625 0.279591
vt 0.823301 0.753654
vt 0.795383 0.739104
vt 0.786318 0.745913
vt 0.771403 0.271787
vt 0.782711 0.265921
vt 0.796254 0.262480
vt 0.836284 0.768608
vt 0.820965 0.768050
vt 0.809139 0.763588
vt 0.691270 0.328415
vt 0.721741 0.729318
vt 0.713168 0.707571
vt 0.741792 0.724624
vt 0.722386 0.532961
vt 0.879544 0.844394
vt 0.956175 0.855016
vt 0.176090 0.739703
vt 0.328574 0.273744
vt 0.328706 0.267296
vt 0.911929 0.944481
vn -0.239577 0.936867 -0.254723
vn -0.255860 0.934309 -0.248199
vn -0.226778 0.936748 -0.266598
vn -0.226778 0.936748 -0.266598
vn -0.226778 0.936748 -0.266598
vn -0.235001 0.971952 0.009151
vn -0.235481 0.971874 0.003133
vn -0.256051 0.948265 -0.187702
vn -0.256888 0.966435 0.003321
vn -0.232322 0.972639 0.000000
vn -0.226436 0.943441 -0.242169
vn -0.225378 0.949426 -0.218623
vn -0.230966 0.972962 -0.000000
vn -0.226778 0.936748 -0.266599
vn -0.226049 0.938655 -0.260439
vn -0.226778 0.936748 -0.266598
vn -0.221186 0.942829 -0.249299
vn -0.226036 0.939144 -0.258684
vn -0.226780 0.936748 -0.266598
vn -0.226780 0.936748 -0.266598
vn -0.227096 0.939228 -0.257445
vn -0.226778 0.936748 -0.266599
vn -0.226778 0.936748 -0.266599
vn -0.256159 0.966635 0.000000
vn -0.226777 0.936748 -0.266599
vn -0.226777 0.936748 -0.266599
vn -0.234351 0.972152 0.000000
vn -0.234147 0.972201 0.000000
vn -0.233379 0.972386 -0.000000
vn -0.228392 0.973569 0.000000
vn -0.226779 0.936748 -0.266599
vn -0.239576 0.936867 0.254723
vn -0.226778 0.936748 0.266598
vn -0.226778 0.936748 0.266598
vn -0.226778 0.936748 0.266598
vn -0.255859 0.934309 0.248199
vn -0.225379 0.949425 0.218623
vn -0.226436 0.943441 0.242169
vn -0.226779 0.936748 0.266599
vn -0.226779 0.936748 0.266598
vn -0.226050 0.938655 0.260438
vn -0.221186 0.942829 0.249299
vn -0.226780 0.936748 0.266598
vn -0.226780 0.936748 0.266598
vn -0.226036 0.939144 0.258684
vn -0.226778 0.936748 0.266600
vn -0.226778 0.936748 0.266600
vn -0.227096 0.939228 0.257445
vn -0.255503 0.947748 0.191030
vn -0.226777 0.936748 0.266599
vn -0.226777 0.936748 0.266599
vn -0.226779 0.936748 0.266599
vn -0.546684 0.824012 -0.148795
vn -0.551938 0.823392 -0.131875
vn -0.547004 0.820527 -0.165900
vn -0.547004 0.820527 -0.165900
vn -0.547004 0.820527 -0.165900
vn -0.276055 0.959356 -0.058562
vn -0.253711 0.966769 -0.031425
vn -0.515374 0.849318 -0.114231
vn -0.362199 0.932059 0.008819
vn -0.364272 0.931289 -0.002393
vn -0.530455 0.833940 -0.152191
vn -0.513932 0.846421 -0.139448
vn -0.363463 0.931602 -0.003485
vn -0.547003 0.820527 -0.165899
vn -0.542462 0.824121 -0.162972
vn -0.547003 0.820527 -0.165900
vn -0.532106 0.831324 -0.160509
vn -0.541282 0.825092 -0.161981
vn -0.547004 0.820527 -0.165899
vn -0.547004 0.820527 -0.165899
vn -0.541086 0.825525 -0.160418
vn -0.547004 0.820526 -0.165901
vn -0.547004 0.820526 -0.165901
vn -0.378423 0.925479 0.016848
vn -0.547005 0.820526 -0.165901
vn -0.547005 0.820526 -0.165901
vn -0.365482 0.930818 -0.000759
vn -0.365360 0.930866 -0.000924
vn -0.364903 0.931044 -0.001542
vn -0.361925 0.932191 -0.005555
vn -0.547004 0.820527 -0.165899
vn -0.175571 0.969987 0.168224
vn -0.158589 0.973307 0.165899
vn -0.158589 0.973307 0.165899
vn -0.158589 0.973307 0.165899
vn -0.190329 0.965628 0.177024
vn -0.210565 0.967015 0.143337
vn -0.300054 0.949844 -0.088116
vn -0.195407 0.971710 0.132648
vn -0.177631 0.972720 0.149206
vn -0.158589 0.973307 0.165900
vn -0.158589 0.973307 0.165899
vn -0.163022 0.973371 0.161160
vn -0.168897 0.974190 0.149759
vn -0.158589 0.973307 0.165901
vn -0.158589 0.973307 0.165901
vn -0.164398 0.973336 0.159968
vn -0.158588 0.973307 0.165900
vn -0.158588 0.973307 0.165900
vn -0.166008 0.973060 0.159988
vn -0.158588 0.973307 0.165901
vn -0.158588 0.973307 0.165901
vn -0.158589 0.973307 0.165900
vn -0.529153 0.830908 0.172013
vn -0.527602 0.828157 0.189186
vn -0.527602 0.828157 0.189186
vn -0.527602 0.828157 0.189186
vn -0.536216 0.829576 0.155809
vn -0.349851 0.936566 -0.021193
vn -0.380654 0.924421 -0.023417
vn -0.512324 0.849662 0.124891
vn -0.336418 0.940926 -0.038482
vn -0.364024 0.931387 0.002154
vn -0.363102 0.931744 0.003136
vn -0.497666 0.852820 0.158202
vn -0.512674 0.840933 0.173194
vn -0.527599 0.828160 0.189185
vn -0.527599 0.828160 0.189183
vn -0.523412 0.831614 0.185628
vn -0.513404 0.838680 0.181748
vn -0.527594 0.828162 0.189188
vn -0.527594 0.828162 0.189188
vn -0.522349 0.832539 0.184475
vn -0.527599 0.828160 0.189186
vn -0.527599 0.828160 0.189186
vn -0.522326 0.832904 0.182883
vn -0.380172 0.924791 -0.015165
vn -0.527599 0.828159 0.189188
vn -0.527599 0.828159 0.189188
vn -0.365404 0.930849 0.000684
vn -0.365264 0.930904 0.000832
vn -0.364743 0.931107 0.001388
vn -0.361349 0.932417 0.005000
vn -0.527599 0.828160 0.189186
vn -0.195120 0.962298 -0.189502
vn -0.210738 0.957600 -0.196446
vn -0.177992 0.965675 -0.189185
vn -0.177992 0.965675 -0.189185
vn -0.177992 0.965675 -0.189185
vn -0.366473 0.930429 0.000534
vn -0.235584 0.956261 -0.173390
vn -0.195103 0.965848 -0.170506
vn -0.210970 0.965589 -0.152081
vn -0.177994 0.965675 -0.189185
vn -0.181884 0.965952 -0.183998
vn -0.177995 0.965675 -0.189184
vn -0.186484 0.967272 -0.172072
vn -0.183122 0.965971 -0.182663
vn -0.177994 0.965675 -0.189185
vn -0.177994 0.965674 -0.189185
vn -0.184723 0.965698 -0.182495
vn -0.177993 0.965675 -0.189185
vn -0.177993 0.965675 -0.189185
vn -0.177993 0.965675 -0.189185
vn -0.177993 0.965675 -0.189185
vn -0.177993 0.965675 -0.189185
vn -0.171314 0.984976 0.021750
vn -0.171314 0.984976 0.021750
vn -0.158002 0.987273 0.018092
vn -0.159651 0.986999 0.018545
vn -0.370112 0.928929 0.010410
vn -0.370112 0.928929 0.010410
vn -0.366682 0.930288 0.010421
vn -0.366868 0.930215 0.010420
vn -0.234466 0.971997 0.015728
vn -0.080471 0.946420 -0.312753
vn -0.089544 0.940804 -0.326909
vn -0.066451 0.950600 -0.303224
vn -0.066451 0.950600 -0.303224
vn -0.066451 0.950600 -0.303224
vn -0.335285 0.909732 -0.244890
vn -0.329762 0.911229 -0.246817
vn -0.149908 0.937958 -0.312670
vn -0.333286 0.904104 -0.267424
vn -0.326335 0.913078 -0.244529
vn -0.091027 0.950501 -0.297089
vn -0.114418 0.950022 -0.290460
vn -0.326117 0.913505 -0.243219
vn -0.066451 0.950599 -0.303224
vn -0.072563 0.950841 -0.301059
vn -0.066452 0.950599 -0.303225
vn -0.083013 0.952281 -0.293719
vn -0.074332 0.950840 -0.300628
vn -0.066452 0.950598 -0.303228
vn -0.066452 0.950598 -0.303228
vn -0.075753 0.950498 -0.301357
vn -0.066448 0.950600 -0.303223
vn -0.066448 0.950600 -0.303223
vn -0.330080 0.905249 -0.267528
vn -0.066450 0.950600 -0.303224
vn -0.066450 0.950600 -0.303224
vn -0.326661 0.912435 -0.246487
vn -0.326628 0.912499 -0.246290
vn -0.326505 0.912743 -0.245550
vn -0.325702 0.914311 -0.240737
vn -0.066451 0.950600 -0.303224
vn -0.555397 0.809832 -0.188962
vn -0.563518 0.807644 -0.173664
vn -0.563518 0.807644 -0.173664
vn -0.563518 0.807644 -0.173664
vn -0.552306 0.807715 -0.206288
vn -0.522035 0.832794 -0.184212
vn -0.542546 0.820646 -0.179399
vn -0.563519 0.807643 -0.173663
vn -0.563520 0.807643 -0.173662
vn -0.558146 0.811188 -0.174490
vn -0.547826 0.818602 -0.172564
vn -0.563517 0.807645 -0.173661
vn -0.563517 0.807645 -0.173661
vn -0.556643 0.812129 -0.174914
vn -0.563516 0.807645 -0.173665
vn -0.563516 0.807645 -0.173665
vn -0.555754 0.812450 -0.176244
vn -0.502707 0.835967 -0.220100
vn -0.563518 0.807644 -0.173661
vn -0.563518 0.807644 -0.173661
vn -0.563519 0.807643 -0.173663
vn -0.154667 0.804966 -0.572807
vn -0.171048 0.799151 -0.576282
vn -0.137409 0.806658 -0.574824
vn -0.137409 0.806658 -0.574824
vn -0.137409 0.806658 -0.574824
vn -0.342239 0.872207 -0.349467
vn -0.365456 0.872267 -0.324950
vn -0.200011 0.811184 -0.549524
vn -0.337298 0.857855 -0.387704
vn -0.308690 0.872767 -0.378139
vn -0.152880 0.816196 -0.557182
vn -0.167159 0.825127 -0.539651
vn -0.307669 0.873424 -0.377453
vn -0.137406 0.806658 -0.574824
vn -0.140834 0.809438 -0.570066
vn -0.137406 0.806658 -0.574824
vn -0.144352 0.816070 -0.559636
vn -0.141955 0.810128 -0.568807
vn -0.137407 0.806658 -0.574823
vn -0.137407 0.806658 -0.574823
vn -0.143550 0.810091 -0.568459
vn -0.137406 0.806658 -0.574824
vn -0.137406 0.806658 -0.574824
vn -0.326562 0.860901 -0.390137
vn -0.137407 0.806658 -0.574824
vn -0.137407 0.806658 -0.574824
vn -0.310214 0.871780 -0.379165
vn -0.310060 0.871880 -0.379062
vn -0.309484 0.872253 -0.378674
vn -0.305735 0.874667 -0.376144
vn -0.137407 0.806658 -0.574824
vn -0.464736 0.868269 -0.173577
vn -0.461932 0.872913 -0.156979
vn -0.461932 0.872913 -0.156979
vn -0.461932 0.872913 -0.156979
vn -0.473174 0.860833 -0.187277
vn -0.459444 0.862508 -0.212111
vn -0.317920 0.871106 -0.374300
vn -0.433292 0.879461 -0.196993
vn -0.447670 0.876379 -0.177627
vn -0.461933 0.872912 -0.156983
vn -0.461933 0.872911 -0.156983
vn -0.457862 0.874161 -0.161879
vn -0.447819 0.878026 -0.168905
vn -0.461935 0.872910 -0.156982
vn -0.461935 0.872910 -0.156982
vn -0.456846 0.874415 -0.163369
vn -0.461932 0.872912 -0.156981
vn -0.461932 0.872912 -0.156981
vn -0.456933 0.874071 -0.164963
vn -0.461934 0.872912 -0.156979
vn -0.461934 0.872912 -0.156979
vn -0.461932 0.872912 -0.156982
vn -0.514486 0.705230 -0.487806
vn -0.529369 0.698122 -0.482073
vn -0.529369 0.698122 -0.482073
vn -0.529369 0.698122 -0.482073
vn -0.500616 0.707683 -0.498567
vn -0.323216 0.873957 -0.362947
vn -0.324748 0.860229 -0.393122
vn -0.471996 0.737316 -0.483306
vn -0.305268 0.883938 -0.354211
vn -0.346756 0.861498 -0.370919
vn -0.347564 0.861657 -0.369793
vn -0.500598 0.732685 -0.461059
vn -0.514650 0.715961 -0.471736
vn -0.529367 0.698124 -0.482073
vn -0.529368 0.698123 -0.482072
vn -0.526069 0.702755 -0.478944
vn -0.522157 0.711443 -0.470321
vn -0.529366 0.698124 -0.482074
vn -0.529366 0.698124 -0.482074
vn -0.525011 0.704043 -0.478212
vn -0.529369 0.698122 -0.482072
vn -0.529369 0.698123 -0.482072
vn -0.523625 0.704823 -0.478582
vn -0.332436 0.858413 -0.390658
vn -0.529368 0.698123 -0.482072
vn -0.529368 0.698123 -0.482072
vn -0.345549 0.861257 -0.372603
vn -0.345670 0.861282 -0.372433
vn -0.346127 0.861373 -0.371797
vn -0.349090 0.861955 -0.367654
vn -0.529366 0.698124 -0.482073
vn -0.138291 0.957189 -0.254293
vn -0.134055 0.953189 -0.271035
vn -0.135634 0.961829 -0.237673
vn -0.135634 0.961829 -0.237673
vn -0.135634 0.961829 -0.237673
vn -0.345526 0.860806 -0.373663
vn -0.160834 0.943569 -0.289501
vn -0.156994 0.955504 -0.249730
vn -0.177712 0.948940 -0.260635
vn -0.135635 0.961829 -0.237672
vn -0.141434 0.960367 -0.240191
vn -0.135635 0.961829 -0.237673
vn -0.153971 0.958037 -0.241780
vn -0.142966 0.959921 -0.241067
vn -0.135636 0.961830 -0.237669
vn -0.135636 0.961830 -0.237669
vn -0.143410 0.959475 -0.242574
vn -0.135634 0.961830 -0.237671
vn -0.135634 0.961829 -0.237671
vn -0.135634 0.961829 -0.237672
vn -0.135634 0.961829 -0.237672
vn -0.135635 0.961829 -0.237672
vn -0.330593 0.928561 -0.168768
vn -0.330593 0.928561 -0.168768
vn -0.330593 0.928561 -0.168768
vn -0.330593 0.928561 -0.168768
vn -0.330593 0.928561 -0.168768
vn -0.356058 0.929577 -0.095448
vn -0.356058 0.929577 -0.095448
vn -0.394884 0.917663 -0.044285
vn -0.401287 0.915260 -0.035609
vn -0.356058 0.929577 -0.095448
vn -0.356058 0.929577 -0.095448
vn -0.341308 0.908058 -0.242774
vn -0.080471 0.946420 0.312753
vn -0.066452 0.950599 0.303225
vn -0.066452 0.950599 0.303225
vn -0.066452 0.950599 0.303225
vn -0.089544 0.940804 0.326908
vn -0.335284 0.909733 0.244890
vn -0.333285 0.904105 0.267424
vn -0.149908 0.937958 0.312669
vn -0.329759 0.911230 0.246817
vn -0.326336 0.913077 0.244530
vn -0.326117 0.913505 0.243220
vn -0.114418 0.950022 0.290460
vn -0.091027 0.950501 0.297090
vn -0.066451 0.950599 0.303226
vn -0.066451 0.950599 0.303225
vn -0.072564 0.950841 0.301059
vn -0.083013 0.952281 0.293719
vn -0.066451 0.950599 0.303225
vn -0.066451 0.950599 0.303225
vn -0.074331 0.950841 0.300628
vn -0.066447 0.950600 0.303223
vn -0.066447 0.950600 0.303223
vn -0.075753 0.950497 0.301357
vn -0.330079 0.905249 0.267528
vn -0.066449 0.950600 0.303224
vn -0.066449 0.950600 0.303224
vn -0.326662 0.912434 0.246487
vn -0.326628 0.912499 0.246290
vn -0.326506 0.912743 0.245550
vn -0.325702 0.914311 0.240736
vn -0.066452 0.950599 0.303226
vn -0.555397 0.809832 0.188962
vn -0.552306 0.807715 0.206288
vn -0.563518 0.807644 0.173662
vn -0.563518 0.807644 0.173662
vn -0.563518 0.807644 0.173662
vn -0.542547 0.820645 0.179400
vn -0.522036 0.832793 0.184213
vn -0.563518 0.807644 0.173662
vn -0.558146 0.811189 0.174490
vn -0.563520 0.807643 0.173660
vn -0.547826 0.818602 0.172563
vn -0.556643 0.812129 0.174914
vn -0.563518 0.807644 0.173663
vn -0.563518 0.807644 0.173663
vn -0.555754 0.812450 0.176244
vn -0.563517 0.807644 0.173665
vn -0.563517 0.807644 0.173665
vn -0.502708 0.835967 0.220099
vn -0.563520 0.807643 0.173662
vn -0.563520 0.807643 0.173662
vn -0.563517 0.807644 0.173664
vn -0.154666 0.804966 0.572807
vn -0.137408 0.806658 0.574824
vn -0.137408 0.806658 0.574824
vn -0.137408 0.806658 0.574824
vn -0.171047 0.799151 0.576282
vn -0.342239 0.872207 0.349467
vn -0.337298 0.857856 0.387703
vn -0.200010 0.811184 0.549523
vn -0.365454 0.872267 0.324952
vn -0.308689 0.872767 0.378139
vn -0.307670 0.873424 0.377451
vn -0.167159 0.825128 0.539649
vn -0.152880 0.816195 0.557183
vn -0.137406 0.806658 0.574824
vn -0.137406 0.806658 0.574824
vn -0.140834 0.809438 0.570066
vn -0.144351 0.816070 0.559636
vn -0.137406 0.806659 0.574823
vn -0.137406 0.806659 0.574823
vn -0.141955 0.810128 0.568807
vn -0.137406 0.806658 0.574824
vn -0.137406 0.806658 0.574824
vn -0.143550 0.810091 0.568459
vn -0.326562 0.860901 0.390137
vn -0.137407 0.806657 0.574825
vn -0.137407 0.806657 0.574825
vn -0.310214 0.871780 0.379165
vn -0.310060 0.871880 0.379062
vn -0.309484 0.872253 0.378674
vn -0.305735 0.874667 0.376144
vn -0.137406 0.806658 0.574824
vn -0.464736 0.868270 0.173577
vn -0.473174 0.860833 0.187276
vn -0.461931 0.872913 0.156979
vn -0.461931 0.872913 0.156979
vn -0.461931 0.872913 0.156979
vn -0.317921 0.871107 0.374299
vn -0.459444 0.862508 0.212110
vn -0.447670 0.876380 0.177626
vn -0.433292 0.879461 0.196994
vn -0.461932 0.872912 0.156982
vn -0.457862 0.874161 0.161879
vn -0.461933 0.872912 0.156983
vn -0.447820 0.878025 0.168906
vn -0.456847 0.874415 0.163370
vn -0.461935 0.872910 0.156985
vn -0.461935 0.872910 0.156985
vn -0.456933 0.874071 0.164963
vn -0.461933 0.872912 0.156982
vn -0.461933 0.872912 0.156982
vn -0.461933 0.872912 0.156978
vn -0.461933 0.872912 0.156978
vn -0.461932 0.872912 0.156982
vn -0.514487 0.705230 0.487806
vn -0.500617 0.707683 0.498566
vn -0.529369 0.698123 0.482071
vn -0.529369 0.698123 0.482071
vn -0.529369 0.698123 0.482071
vn -0.323219 0.873955 0.362949
vn -0.305271 0.883937 0.354212
vn -0.471997 0.737316 0.483305
vn -0.324749 0.860228 0.393123
vn -0.346756 0.861499 0.370919
vn -0.514650 0.715961 0.471736
vn -0.500597 0.732685 0.461059
vn -0.347562 0.861658 0.369793
vn -0.529367 0.698124 0.482072
vn -0.526069 0.702755 0.478944
vn -0.529367 0.698124 0.482072
vn -0.522156 0.711443 0.470322
vn -0.525012 0.704042 0.478212
vn -0.529364 0.698121 0.482079
vn -0.529364 0.698121 0.482079
vn -0.523625 0.704823 0.478582
vn -0.529372 0.698120 0.482072
vn -0.529372 0.698120 0.482072
vn -0.332437 0.858412 0.390658
vn -0.529368 0.698124 0.482071
vn -0.529368 0.698124 0.482071
vn -0.345549 0.861257 0.372602
vn -0.345670 0.861282 0.372432
vn -0.346127 0.861373 0.371797
vn -0.349088 0.861956 0.367654
vn -0.529367 0.698124 0.482073
vn -0.138291 0.957189 0.254293
vn -0.135633 0.961829 0.237672
vn -0.135633 0.961829 0.237672
vn -0.135633 0.961829 0.237672
vn -0.134055 0.953189 0.271035
vn -0.160834 0.943568 0.289501
vn -0.345530 0.860804 0.373666
vn -0.177710 0.948941 0.260635
vn -0.156993 0.955504 0.249729
vn -0.135635 0.961829 0.237672
vn -0.135634 0.961829 0.237671
vn -0.141434 0.960367 0.240191
vn -0.153970 0.958037 0.241780
vn -0.135636 0.961829 0.237671
vn -0.135636 0.961829 0.237671
vn -0.142966 0.959921 0.241067
vn -0.135634 0.961829 0.237673
vn -0.135634 0.961829 0.237673
vn -0.143410 0.959475 0.242574
vn -0.135634 0.961829 0.237671
vn -0.135634 0.961829 0.237671
vn -0.135635 0.961829 0.237673
vn -0.330592 0.928560 0.168773
vn -0.330592 0.928560 0.168773
vn -0.330592 0.928560 0.168773
vn -0.330592 0.928561 0.168773
vn -0.330592 0.928560 0.168773
vn -0.354769 0.857961 0.371540
vn -0.354769 0.857961 0.371540
vn -0.354769 0.857961 0.371540
vn -0.354769 0.857961 0.371540
vn -0.341309 0.908058 0.242773
vn -0.041724 0.982163 -0.183346
vn -0.040142 0.982151 -0.183763
vn -0.028202 0.981975 -0.186893
vn -0.028202 0.981975 -0.186893
vn -0.028202 0.981975 -0.186893
vn -0.047517 0.979505 0.195735
vn -0.039705 0.979317 0.198400
vn -0.354702 0.933081 -0.059550
vn -0.354702 0.933081 -0.059550
vn -0.408898 0.911065 -0.052566
vn -0.433260 0.899920 -0.049305
vn -0.028585 0.978933 0.202169
vn -0.028585 0.978933 0.202169
vn -0.028585 0.978933 0.202169
vn -0.363232 0.931640 0.010431
vn -0.363232 0.931640 0.010431
vn -0.142534 0.989693 0.013848
vn -0.142534 0.989693 0.013848
vn -0.012906 0.999908 -0.004085
vn -0.012906 0.999908 -0.004085
vn -0.018808 0.998752 -0.046270
vn -0.018432 0.998880 -0.043572
vn -0.011531 0.999719 0.020709
vn -0.011531 0.999719 0.020709
vn -0.018353 0.998002 0.060460
vn -0.017873 0.998176 0.057659
vn -0.020703 0.997031 0.074172
vn -0.020703 0.997031 0.074172
vn -0.020583 0.998047 -0.058985
vn -0.020583 0.998047 -0.058985
s 1
g pPlane6 group1
usemtl initialShadingGroup
f 5/1/1 3/2/2 19/3/3 4/4/4 20/5/5
f 157/9/6 106/10/7 2/7/8 22/6/9
f 23/58/10 17/57/11 18/71/12 1/72/13
f 7/19/14 28/11/15 5/1/1 6/20/16
f 14/43/17 12/31/18 13/55/19 21/56/20
f 12/31/18 9/21/21 10/41/22 11/42/23
f 22/6/9 2/7/8 3/2/2 5/1/1 26/8/24
f 17/57/11 14/43/17 15/69/25 16/70/26
f 25/22/27 9/21/21 12/31/18 27/32/28
f 26/8/24 5/1/1 28/11/15 29/12/29
f 24/44/30 14/43/17 17/57/11 23/58/10
f 27/32/28 12/31/18 14/43/17 24/44/30
f 9/21/21 28/11/15 7/19/14 8/30/31
f 29/12/29 28/11/15 9/21/21 25/22/27
f 33/13/32 48/24/33 32/25/34 47/26/35 31/14/36
f 23/58/10 1/72/13 46/84/37 45/73/38
f 35/34/39 34/35/40 33/13/32 50/23/41
f 42/59/42 49/74/43 41/75/44 40/45/45
f 40/45/45 39/60/46 38/61/47 37/33/48
f 22/6/9 26/8/24 33/13/32 31/14/36 30/15/49
f 45/73/38 44/85/50 43/86/51 42/59/42
f 25/22/27 27/32/28 40/45/45 37/33/48
f 26/8/24 29/12/29 50/23/41 33/13/32
f 24/44/30 23/58/10 45/73/38 42/59/42
f 27/32/28 24/44/30 42/59/42 40/45/45
f 37/33/48 36/46/52 35/34/39 50/23/41
f 29/12/29 25/22/27 37/33/48 50/23/41
s 6
f 57/48/53 55/47/54 71/62/55 56/63/56 72/64/57
f 51/27/58 53/18/59 54/36/60 74/37/61
f 75/105/62 69/104/63 70/112/64 52/113/65
f 59/76/66 80/65/67 57/48/53 58/77/68
f 66/96/69 64/88/70 65/102/71 73/103/72
f 64/88/70 61/78/73 62/94/74 63/95/75
f 74/37/61 54/36/60 55/47/54 57/48/53 78/49/76
f 69/104/63 66/96/69 67/110/77 68/111/78
f 77/79/79 61/78/73 64/88/70 79/89/80
f 78/49/76 57/48/53 80/65/67 81/66/81
f 76/97/82 66/96/69 69/104/63 75/105/62
f 79/89/80 64/88/70 66/96/69 76/97/82
f 61/78/73 80/65/67 59/76/66 60/87/83
f 81/66/81 80/65/67 61/78/73 77/79/79
f 86/115/84 101/116/85 85/117/86 100/118/87 84/119/88
f 51/27/58 74/37/61 83/120/89 82/122/90
f 75/105/62 52/113/65 99/148/91 98/139/92
f 88/124/93 87/125/94 86/115/84 103/121/95
f 95/132/96 102/140/97 94/141/98 93/127/99
f 93/127/99 92/133/100 91/134/101 90/123/102
f 74/37/61 78/49/76 86/115/84 84/119/88 83/120/89
f 98/139/92 97/149/103 96/150/104 95/132/96
f 77/79/79 79/89/80 93/127/99 90/123/102
f 78/49/76 81/66/81 103/121/95 86/115/84
f 76/97/82 75/105/62 98/139/92 95/132/96
f 79/89/80 76/97/82 95/132/96 93/127/99
f 90/123/102 89/128/105 88/124/93 103/121/95
f 81/66/81 77/79/79 90/123/102 103/121/95
s 11
f 110/39/106 125/52/107 109/53/108 124/54/109 108/40/110
f 104/17/111 127/28/112 107/29/113 106/10/114
f 128/98/115 105/106/116 123/107/117 122/99/118
f 112/83/119 111/114/120 110/39/106 133/51/121
f 119/91/122 126/100/123 118/101/124 117/81/125
f 117/81/125 116/92/126 115/93/127 114/68/128
f 127/28/112 131/38/129 110/39/106 108/40/110 107/29/113
f 122/99/118 121/108/130 120/109/131 119/91/122
f 130/67/132 132/80/133 117/81/125 114/68/128
f 131/38/129 134/50/134 133/51/121 110/39/106
f 129/90/135 128/98/115 122/99/118 119/91/122
f 132/80/133 129/90/135 119/91/122 117/81/125
f 114/68/128 113/82/136 112/83/119 133/51/121
f 134/50/134 130/67/132 114/68/128 133/51/121
f 139/147/137 137/146/138 153/155/139 138/156/140 154/157/141
f 104/17/111 135/131/142 136/138/143 127/28/112
f 128/98/115 151/199/144 152/222/145 105/106/116
f 141/163/146 156/158/147 139/147/137 140/164/148
f 148/184/149 146/173/150 147/197/151 155/198/152
f 146/173/150 143/165/153 144/182/154 145/183/155
f 127/28/112 136/138/143 137/146/138 139/147/137 131/38/129
f 151/199/144 148/184/149 149/220/156 150/221/157
f 130/67/132 143/165/153 146/173/150 132/80/133
f 131/38/129 139/147/137 156/158/147 134/50/134
f 129/90/135 148/184/149 151/199/144 128/98/115
f 132/80/133 146/173/150 148/184/149 129/90/135
f 143/165/153 156/158/147 141/163/146 142/172/158
f 134/50/134 156/158/147 143/165/153 130/67/132
s 18
f 53/18/159 51/27/160 483/16/161 157/9/162
s 19
f 51/27/163 82/122/164 482/126/165 483/16/166
s 1
f 157/9/6 22/6/9 30/15/49 53/18/167
s 20
f 162/299/168 160/300/169 176/301/170 161/302/171 177/303/172
f 314/307/173 263/308/174 159/305/175 179/304/176
f 180/352/177 174/351/178 175/360/179 158/361/180
f 164/315/181 185/309/182 162/299/168 163/316/183
f 171/337/184 169/326/185 170/349/186 178/350/187
f 169/326/185 166/317/188 167/335/189 168/336/190
f 179/304/176 159/305/175 160/300/169 162/299/168 183/306/191
f 174/351/178 171/337/184 172/358/192 173/359/193
f 182/318/194 166/317/188 169/326/185 184/327/195
f 183/306/191 162/299/168 185/309/182 186/310/196
f 181/338/197 171/337/184 174/351/178 180/352/177
f 184/327/195 169/326/185 171/337/184 181/338/197
f 166/317/188 185/309/182 164/315/181 165/325/198
f 186/310/196 185/309/182 166/317/188 182/318/194
f 190/311/199 205/320/200 189/321/201 204/322/202 188/312/203
f 180/352/177 158/361/180 203/369/204 202/362/205
f 192/329/206 191/330/207 190/311/199 207/319/208
f 199/353/209 206/363/210 198/364/211 197/339/212
f 197/339/212 196/354/213 195/355/214 194/328/215
f 179/304/176 183/306/191 190/311/199 188/312/203 187/313/216
f 202/362/205 201/370/217 200/371/218 199/353/209
f 182/318/194 184/327/195 197/339/212 194/328/215
f 183/306/191 186/310/196 207/319/208 190/311/199
f 181/338/197 180/352/177 202/362/205 199/353/209
f 184/327/195 181/338/197 199/353/209 197/339/212
f 194/328/215 193/340/219 192/329/206 207/319/208
f 186/310/196 182/318/194 194/328/215 207/319/208
s 25
f 214/332/220 212/331/221 228/341/222 213/342/223 229/343/224
f 208/168/225 210/314/226 211/323/227 231/178/228
f 232/265/229 226/380/230 227/386/231 209/266/232
f 216/391/233 237/344/234 214/332/220 215/392/235
f 223/374/236 221/365/237 222/378/238 230/379/239
f 221/365/237 218/356/240 219/372/241 220/373/242
f 231/178/228 211/323/227 212/331/221 214/332/220 235/191/243
f 226/380/230 223/374/236 224/384/244 225/385/245
f 234/229/246 218/356/240 221/365/237 236/273/247
f 235/191/243 214/332/220 237/344/234 238/210/248
f 233/269/249 223/374/236 226/380/230 232/265/229
f 236/273/247 221/365/237 223/374/236 233/269/249
f 218/356/240 237/344/234 216/391/233 217/393/250
f 238/210/248 237/344/234 218/356/240 234/229/246
f 243/192/251 258/212/252 242/213/253 257/214/254 241/193/255
f 208/168/225 231/178/228 240/179/256 239/169/257
f 232/265/229 209/266/232 256/267/258 255/268/259
f 245/279/260 244/280/261 243/192/251 260/211/262
f 252/270/263 259/275/264 251/276/265 250/274/266
f 250/274/266 249/277/267 248/278/268 247/230/269
f 231/178/228 235/191/243 243/192/251 241/193/255 240/179/256
f 255/268/259 254/271/270 253/272/271 252/270/263
f 234/229/246 236/273/247 250/274/266 247/230/269
f 235/191/243 238/210/248 260/211/262 243/192/251
f 233/269/249 232/265/229 255/268/259 252/270/263
f 236/273/247 233/269/249 252/270/263 250/274/266
f 247/230/269 246/281/272 245/279/260 260/211/262
f 238/210/248 234/229/246 247/230/269 260/211/262
s 30
f 267/333/273 282/346/274 266/347/275 281/348/276 265/334/277
f 261/171/278 284/181/279 264/324/280 263/308/281
f 285/256/282 262/264/283 280/387/284 279/381/285
f 269/368/286 268/390/287 267/333/273 290/345/288
f 276/375/289 283/382/290 275/383/291 274/366/292
f 274/366/292 273/376/293 272/377/294 271/357/295
f 284/181/279 288/196/296 267/333/273 265/334/277 264/324/280
f 279/381/285 278/388/297 277/389/298 276/375/289
f 287/234/299 289/240/300 274/366/292 271/357/295
f 288/196/296 291/219/301 290/345/288 267/333/273
f 286/248/302 285/256/282 279/381/285 276/375/289
f 289/240/300 286/248/302 276/375/289 274/366/292
f 271/357/295 270/367/303 269/368/286 290/345/288
f 291/219/301 287/234/299 271/357/295 290/345/288
f 296/195/304 294/194/305 310/215/306 295/216/307 311/217/308
f 261/171/278 292/170/309 293/180/310 284/181/279
f 285/256/282 308/255/311 309/263/312 262/264/283
f 298/231/313 313/218/314 296/195/304 297/232/315
f 305/247/316 303/239/317 304/253/318 312/254/319
f 303/239/317 300/233/320 301/245/321 302/246/322
f 284/181/279 293/180/310 294/194/305 296/195/304 288/196/296
f 308/255/311 305/247/316 306/261/323 307/262/324
f 287/234/299 300/233/320 303/239/317 289/240/300
f 288/196/296 296/195/304 313/218/314 291/219/301
f 286/248/302 305/247/316 308/255/311 285/256/282
f 289/240/300 303/239/317 305/247/316 286/248/302
f 300/233/320 313/218/314 298/231/313 299/238/325
f 291/219/301 313/218/314 300/233/320 287/234/299
s off
f 210/314/326 208/168/327 261/171/328 263/308/329 314/307/330
s 37
f 208/168/331 239/169/332 474/162/333 475/492/334 292/170/335 261/171/336
s 20
f 314/307/173 179/304/176 187/313/216 210/314/337
s 38
f 319/394/338 334/395/339 318/396/340 333/397/341 317/398/342
f 471/407/343 336/399/344 316/401/345 420/408/346
f 337/439/347 315/454/348 332/455/349 331/440/350
f 321/416/351 320/417/352 319/394/338 342/406/353
f 328/429/354 335/441/355 327/442/356 326/422/357
f 326/422/357 325/430/358 324/431/359 323/415/360
f 336/399/344 340/400/361 319/394/338 317/398/342 316/401/345
f 331/440/350 330/456/362 329/457/363 328/429/354
f 339/414/364 341/421/365 326/422/357 323/415/360
f 340/400/361 343/405/366 342/406/353 319/394/338
f 338/428/367 337/439/347 331/440/350 328/429/354
f 341/421/365 338/428/367 328/429/354 326/422/357
f 323/415/360 322/423/368 321/416/351 342/406/353
f 343/405/366 339/414/364 323/415/360 342/406/353
f 347/404/369 345/403/370 361/410/371 346/411/372 362/412/373
f 337/439/347 359/453/374 360/462/375 315/454/348
f 349/418/376 364/413/377 347/404/369 348/419/378
f 356/438/379 354/427/380 355/451/381 363/452/382
f 354/427/380 351/420/383 352/436/384 353/437/385
f 336/399/344 344/402/386 345/403/370 347/404/369 340/400/361
f 359/453/374 356/438/379 357/460/387 358/461/388
f 339/414/364 351/420/383 354/427/380 341/421/365
f 340/400/361 347/404/369 364/413/377 343/405/366
f 338/428/367 356/438/379 359/453/374 337/439/347
f 341/421/365 354/427/380 356/438/379 338/428/367
f 351/420/383 364/413/377 349/418/376 350/426/389
f 343/405/366 364/413/377 351/420/383 339/414/364
s 45
f 371/434/390 386/448/391 370/449/392 385/450/393 369/435/394
f 365/166/395 388/177/396 368/425/397 367/409/398
f 389/282/399 366/285/400 384/482/401 383/476/402
f 373/486/403 372/487/404 371/434/390 394/447/405
f 380/470/406 387/477/407 379/478/408 378/466/409
f 378/466/409 377/471/410 376/472/411 375/459/412
f 388/177/396 392/190/413 371/434/390 369/435/394 368/425/397
f 383/476/402 382/483/414 381/484/415 380/470/406
f 391/228/416 393/288/417 378/466/409 375/459/412
f 392/190/413 395/209/418 394/447/405 371/434/390
f 390/286/419 389/282/399 383/476/402 380/470/406
f 393/288/417 390/286/419 380/470/406 378/466/409
f 375/459/412 374/488/420 373/486/403 394/447/405
f 395/209/418 391/228/416 375/459/412 394/447/405
f 400/189/421 398/188/422 414/205/423 399/206/424 415/207/425
f 365/166/395 396/159/426 397/176/427 388/177/396
f 389/282/399 412/283/428 413/284/429 366/285/400
f 402/296/430 417/208/431 400/189/421 401/297/432
f 409/287/433 407/289/434 408/292/435 416/293/436
f 407/289/434 404/227/437 405/294/438 406/295/439
f 388/177/396 397/176/427 398/188/422 400/189/421 392/190/413
f 412/283/428 409/287/433 410/290/440 411/291/441
f 391/228/416 404/227/437 407/289/434 393/288/417
f 392/190/413 400/189/421 417/208/431 395/209/418
f 390/286/419 409/287/433 412/283/428 389/282/399
f 393/288/417 407/289/434 409/287/433 390/286/419
f 404/227/437 417/208/431 402/296/430 403/298/442
f 395/209/418 417/208/431 404/227/437 391/228/416
s 52
f 424/433/443 422/432/444 438/443/445 423/444/446 439/445/447
f 418/167/448 420/408/449 421/424/450 441/174/451
f 442/249/452 436/475/453 437/481/454 419/257/455
f 426/463/456 447/446/457 424/433/443 425/485/458
f 433/469/459 431/465/460 432/473/461 440/474/462
f 431/465/460 428/458/463 429/467/464 430/468/465
f 441/174/451 421/424/450 422/432/444 424/433/443 445/185/466
f 436/475/453 433/469/459 434/479/467 435/480/468
f 444/223/469 428/458/463 431/465/460 446/235/470
f 445/185/466 424/433/443 447/446/457 448/200/471
f 443/241/472 433/469/459 436/475/453 442/249/452
f 446/235/470 431/465/460 433/469/459 443/241/472
f 428/458/463 447/446/457 426/463/456 427/464/473
f 448/200/471 447/446/457 428/458/463 444/223/469
f 453/186/474 468/202/475 452/203/476 467/204/477 451/187/478
f 418/167/448 441/174/451 450/175/479 449/160/480
f 442/249/452 419/257/455 466/258/481 465/250/482
f 455/225/483 454/226/484 453/186/474 470/201/485
f 462/242/486 469/251/487 461/252/488 460/236/489
f 460/236/489 459/243/490 458/244/491 457/224/492
f 441/174/451 445/185/466 453/186/474 451/187/478 450/175/479
f 465/250/482 464/259/493 463/260/494 462/242/486
f 444/223/469 446/235/470 460/236/489 457/224/492
f 445/185/466 448/200/471 470/201/485 453/186/474
f 443/241/472 442/249/452 465/250/482 462/242/486
f 446/235/470 443/241/472 462/242/486 460/236/489
f 457/224/492 456/237/495 455/225/483 470/201/485
f 448/200/471 444/223/469 457/224/492 470/201/485
s off
f 367/409/496 471/407/497 420/408/498 418/167/499 365/166/500
f 365/166/501 418/167/502 449/160/503 396/159/504
s 38
f 471/407/343 367/409/505 344/402/386 336/399/344
s 57
f 480/135/506 481/142/507 488/143/508 473/144/509 472/136/510
s 37
f 475/161/334 474/491/333 478/145/511 479/153/512
s 57
f 396/159/513 449/160/514 477/152/515 476/489/516
s 37
f 479/153/512 478/145/511 472/136/517 473/144/518 487/154/519
s 57
f 476/151/516 477/490/515 481/142/507 480/135/506
s 19
f 483/16/166 482/126/165 135/131/520 104/17/521
s 18
f 157/9/162 483/16/161 104/17/522 106/10/523
s 58
f 135/131/524 482/126/525 485/493/526 486/494/527
s 59
f 482/126/528 82/122/529 484/129/530 485/493/531
f 485/130/531 484/495/530 480/135/532 472/136/533
s 58
f 486/137/527 485/130/526 472/136/534 478/145/535
g default
v 4.051151 0.479620 -0.244637
v 2.898535 0.220877 -0.134392
v 3.041460 0.349467 0.185090
v 3.153444 0.399196 0.269632
v 3.174712 0.367665 0.133831
v 3.386044 0.456132 0.273438
v 3.531549 0.490865 0.272545
v 3.557091 0.462943 0.146314
v 3.460453 0.401464 0.004553
v 3.613512 0.467646 0.113484
v 3.711156 0.489564 0.107734
v 3.693192 0.460409 0.015687
v 3.757250 0.473460 0.006988
v 3.713999 0.428427 -0.121376
v 3.876219 0.484357 -0.058601
v 3.941455 0.495455 -0.075584
v 3.906246 0.464300 -0.159683
v 4.019237 0.483440 -0.189397
v 3.096862 0.381773 0.255463
v 3.183075 0.390192 0.209868
v 3.750829 0.453952 -0.059588
v 2.896098 0.220862 -0.174691
v 3.901523 0.446100 -0.235576
v 3.700438 0.401053 -0.223399
v 3.378702 0.328976 -0.203916
v 3.040880 0.253296 -0.183459
v 3.539570 0.365014 -0.213658
v 3.317583 0.384564 0.069192
v 3.209791 0.291136 -0.193687
v 2.893662 0.220847 -0.214990
v 2.997040 0.349190 -0.549463
v 3.098018 0.398851 -0.646922
v 3.135498 0.367421 -0.514649
v 3.328462 0.455772 -0.678772
v 3.473013 0.490500 -0.695445
v 3.513581 0.462672 -0.573191
v 3.434733 0.401303 -0.420771
v 3.573547 0.467397 -0.547403
v 3.671172 0.489315 -0.553477
v 3.664432 0.460230 -0.459914
v 3.729070 0.473284 -0.459008
v 3.701605 0.428350 -0.326333
v 3.855076 0.484225 -0.408241
v 3.921882 0.495333 -0.399251
v 3.897065 0.464242 -0.311499
v 4.012812 0.483400 -0.295632
v 3.043556 0.381440 -0.626024
v 3.134636 0.389890 -0.591157
v 3.730719 0.453826 -0.392128
v 3.285116 0.384362 -0.467710
v 2.182035 0.064917 -0.207994
v 3.083912 0.379538 -1.495976
v 2.208112 0.068761 -0.182022
v 2.480987 0.132931 -0.504365
v 2.778091 0.347161 -0.434606
v 2.900911 0.420742 -0.475372
v 2.822216 0.353903 -0.571436
v 3.040602 0.482151 -0.659964
v 3.125787 0.518824 -0.777342
v 3.056041 0.458169 -0.871271
v 2.903828 0.358057 -0.876108
v 3.067250 0.455103 -0.935677
v 3.120955 0.476972 -1.017442
v 3.048525 0.423401 -1.056549
v 3.080448 0.435127 -1.113055
v 2.968710 0.355773 -1.152976
v 3.106523 0.430595 -1.246748
v 3.133575 0.438213 -1.309017
v 3.056318 0.384469 -1.329652
v 3.102972 0.397504 -1.437679
v 2.858032 0.398756 -0.438171
v 2.878229 0.396503 -0.533928
v 3.031934 0.398057 -1.146618
v 2.449917 0.121871 -0.527651
v 3.001783 0.346160 -1.370538
v 2.891409 0.301302 -1.201960
v 2.714812 0.229529 -0.932237
v 2.529386 0.154168 -0.649027
v 2.803111 0.265416 -1.067098
v 2.863023 0.355980 -0.723772
v 2.622099 0.191849 -0.790632
v 2.159366 0.056827 -0.224039
v 2.418846 0.110810 -0.550937
v 2.211752 0.145556 -0.859054
v 2.194249 0.169185 -1.004986
v 2.322239 0.175922 -0.946148
v 2.306450 0.220808 -1.210181
v 2.379469 0.253150 -1.336676
v 2.501304 0.260694 -1.287023
v 2.575903 0.241322 -1.121874
v 2.557707 0.273716 -1.317559
v 2.611162 0.295496 -1.399510
v 2.681837 0.292868 -1.331367
v 2.721165 0.307229 -1.382322
v 2.810688 0.299521 -1.271407
v 2.836952 0.334634 -1.448781
v 2.884028 0.349379 -1.496042
v 2.939267 0.342802 -1.417376
v 3.021064 0.368347 -1.499065
v 2.178407 0.156823 -0.947522
v 2.260640 0.176653 -0.996786
v 2.775546 0.306788 -1.338770
v 2.449071 0.208622 -1.034011
v 2.190126 0.062825 -0.059853
v 3.317573 0.459417 0.997507
v 2.206237 0.065519 -0.092626
v 2.505143 0.174807 0.181063
v 2.777403 0.384530 0.036419
v 2.905935 0.459147 0.044945
v 2.851603 0.396728 0.159140
v 3.083825 0.527485 0.190011
v 3.193407 0.568583 0.283185
v 3.147270 0.512211 0.393002
v 3.000675 0.413118 0.436650
v 3.172918 0.511764 0.453212
v 3.243785 0.536746 0.519557
v 3.182469 0.485192 0.576372
v 3.226407 0.499096 0.623548
v 3.127134 0.422004 0.691208
v 3.282372 0.499987 0.747812
v 3.322904 0.510050 0.801878
v 3.252668 0.457580 0.841836
v 3.322716 0.474858 0.935703
v 2.855794 0.435843 0.019474
v 2.897355 0.437465 0.108089
v 3.187027 0.463684 0.668820
v 2.480272 0.164871 0.211273
v 3.209107 0.421261 0.895657
v 3.063339 0.369983 0.758780
v 2.830113 0.287938 0.539777
v 2.585223 0.201791 0.309824
v 2.946725 0.328960 0.649279
v 2.926139 0.404923 0.297895
v 2.707668 0.244864 0.424801
v 2.171721 0.055479 -0.040094
v 2.455400 0.154934 0.241482
v 2.324051 0.203420 0.587066
v 2.340255 0.233163 0.732027
v 2.451374 0.236840 0.645264
v 2.496139 0.292710 0.903821
v 2.595983 0.329918 1.008825
v 2.703205 0.334811 0.932368
v 2.738173 0.308251 0.755489
v 2.765031 0.348817 0.948637
v 2.835699 0.373719 1.015224
v 2.888937 0.367928 0.932900
v 2.938802 0.384201 0.972876
v 3.000639 0.371470 0.844851
v 3.066582 0.413781 1.009914
v 3.123143 0.430247 1.044510
v 3.158970 0.420148 0.955643
v 3.257149 0.448664 1.015341
v 2.311757 0.218506 0.680268
v 2.402977 0.239966 0.708566
v 2.981790 0.381694 0.918103
v 2.594773 0.272545 0.700376
v 2.207240 0.066587 -0.136423
v 1.899145 0.643508 1.974435
v 1.604634 0.268578 0.888012
v 1.303335 0.322149 1.101039
v 1.236173 0.357711 1.229044
v 1.376587 0.364138 1.217598
v 1.269951 0.431206 1.454469
v 1.294384 0.477174 1.594715
v 1.425836 0.484972 1.589647
v 1.553194 0.454136 1.462982
v 1.468074 0.502727 1.636380
v 1.489666 0.533564 1.729282
v 1.579603 0.527690 1.690267
v 1.598737 0.547910 1.750054
v 1.721215 0.533969 1.678077
v 1.684133 0.585355 1.849450
v 1.711813 0.605929 1.908423
v 1.790944 0.594624 1.854633
v 1.839188 0.630258 1.956706
v 1.241314 0.339804 1.171089
v 1.301245 0.366944 1.243574
v 1.664849 0.545738 1.728178
v 1.641793 0.278738 0.875933
v 1.865806 0.596255 1.832133
v 1.821004 0.532752 1.640893
v 1.749320 0.431146 1.334909
v 1.674051 0.324460 1.013625
v 1.785162 0.481949 1.487901
v 1.464891 0.409137 1.340290
v 1.711685 0.377803 1.174267
v 1.678953 0.288897 0.863853
v 1.980664 0.507329 0.880867
v 2.081323 0.588772 0.954320
v 1.974548 0.527619 1.023226
v 2.147980 0.671256 1.169059
v 2.186963 0.721202 1.304574
v 2.089288 0.666358 1.373986
v 1.945383 0.561359 1.335497
v 2.077477 0.669335 1.438288
v 2.099366 0.700254 1.531094
v 2.018153 0.647588 1.547712
v 2.028430 0.665387 1.610378
v 1.910205 0.585638 1.616644
v 2.006534 0.673499 1.744651
v 2.010265 0.687525 1.811409
v 1.930934 0.632897 1.809129
v 1.937148 0.657040 1.924864
v 2.054130 0.562025 0.906876
v 2.039867 0.568881 1.003479
v 1.971484 0.629571 1.628504
v 1.959966 0.544489 1.179362
v 1.553233 0.076820 0.178293
v 2.722281 0.782399 0.857398
v 1.533803 0.076035 0.209776
v 1.790857 0.239995 0.361543
v 1.690558 0.439157 0.660385
v 1.719783 0.526697 0.777190
v 1.823266 0.486080 0.690413
v 1.891275 0.643768 0.896537
v 2.000666 0.715768 0.968847
v 2.101172 0.680883 0.891079
v 2.120324 0.579404 0.740914
v 2.164538 0.696558 0.895811
v 2.241269 0.742933 0.940640
v 2.287194 0.699306 0.865589
v 2.340709 0.727873 0.891464
v 2.391146 0.657984 0.777676
v 2.471977 0.762294 0.904049
v 2.531714 0.788324 0.924569
v 2.559618 0.739119 0.846575
v 2.663280 0.784092 0.881904
v 1.686607 0.493226 0.738655
v 1.780484 0.518900 0.749164
v 2.378841 0.699585 0.840474
v 1.813384 0.234537 0.328487
v 2.604541 0.711428 0.788882
v 2.446309 0.616050 0.696803
v 2.193139 0.463445 0.549477
v 1.927310 0.303209 0.394784
v 2.319724 0.539747 0.623140
v 1.971796 0.532742 0.715664
v 2.060225 0.383327 0.472130
v 1.565293 0.071248 0.152598
v 1.835910 0.229078 0.295431
v 2.101162 0.339662 0.057851
v 2.232122 0.402551 0.025365
v 2.185756 0.398245 0.158483
v 2.423545 0.514792 0.115465
v 2.541756 0.584655 0.174831
v 2.503363 0.583427 0.300890
v 2.358073 0.521794 0.392032
v 2.533963 0.607042 0.353703
v 2.610874 0.653373 0.398267
v 2.553048 0.634886 0.475466
v 2.601194 0.664755 0.509220
v 2.505714 0.630223 0.609555
v 2.667419 0.714936 0.617249
v 2.712639 0.744483 0.659074
v 2.644482 0.718556 0.722044
v 2.722663 0.769702 0.794762
v 2.179343 0.373830 0.015595
v 2.228244 0.410402 0.092105
v 2.564726 0.654543 0.567701
v 2.271915 0.460019 0.275257
v 1.417016 0.037332 0.221900
v 0.576027 0.242074 1.562514
v 1.450606 0.049730 0.229576
v 1.232733 0.109708 0.583310
v 1.373108 0.371861 0.808261
v 1.374098 0.452357 0.933481
v 1.271802 0.358267 0.909587
v 1.260214 0.495816 1.139638
v 1.186763 0.520643 1.267573
v 1.088786 0.434194 1.250450
v 1.041498 0.315171 1.120788
v 1.038383 0.420425 1.289860
v 0.985616 0.433375 1.374097
v 0.932490 0.363932 1.329369
v 0.894549 0.368880 1.383085
v 0.829573 0.268851 1.304672
v 0.790722 0.342463 1.467325
v 0.746600 0.341651 1.519477
v 0.707471 0.274913 1.462049
v 0.630849 0.273291 1.552285
v 1.392863 0.432247 0.879173
v 1.318930 0.414498 0.940828
v 0.852833 0.319803 1.356524
v 1.201514 0.090260 0.566666
v 0.657054 0.222407 1.433510
v 0.765946 0.195978 1.260142
v 0.940173 0.153691 0.982751
v 1.123111 0.109289 0.691492
v 0.853059 0.174834 1.121446
v 1.156649 0.336719 1.015188
v 1.031642 0.131490 0.837121
v 1.396340 0.023615 0.208957
v 1.170295 0.070811 0.550022
v 0.804047 0.017358 0.504880
v 0.664041 0.010020 0.554931
v 0.769422 0.045304 0.641756
v 0.522534 0.036270 0.746362
v 0.436859 0.053482 0.867780
v 0.531384 0.086954 0.953284
v 0.711998 0.109905 0.945123
v 0.526392 0.101474 1.016904
v 0.473374 0.114268 1.101007
v 0.564040 0.134402 1.132938
v 0.533540 0.143985 1.190621
v 0.670793 0.169937 1.220021
v 0.519855 0.173724 1.322919
v 0.495854 0.185446 1.385799
v 0.589859 0.201645 1.399347
v 0.548548 0.222020 1.508409
v 0.709974 0.006832 0.515107
v 0.698373 0.027915 0.609993
v 0.595214 0.159316 1.219180
v 0.740710 0.077605 0.793440
v 1.491525 0.062124 0.219968
v 1.646998 0.641936 -2.195206
v 1.485569 0.267836 -1.080929
v 1.160792 0.321260 -1.256136
v 1.078693 0.356729 -1.375143
v 1.219463 0.363159 -1.380705
v 1.085057 0.430052 -1.603051
v 1.092410 0.475914 -1.745253
v 1.223514 0.483710 -1.756068
v 1.365209 0.452964 -1.645649
v 1.259812 0.501428 -1.807563
v 1.270051 0.532194 -1.902414
v 1.364034 0.526345 -1.874516
v 1.375823 0.546520 -1.936188
v 1.506083 0.532628 -1.879485
v 1.448618 0.583886 -2.045178
v 1.468988 0.604415 -2.107074
v 1.554025 0.593147 -2.063202
v 1.589616 0.628702 -2.170372
v 1.090781 0.338865 -1.318215
v 1.141540 0.365948 -1.397415
v 1.444090 0.544361 -1.922438
v 1.523913 0.278002 -1.073423
v 1.631053 0.594791 -2.049888
v 1.609625 0.531433 -1.854595
v 1.575340 0.430061 -1.542126
v 1.539341 0.323620 -1.214034
v 1.592483 0.480747 -1.698361
v 1.292337 0.408061 -1.513178
v 1.557340 0.376841 -1.378080
v 1.562257 0.288169 -1.065918
v 1.859708 0.506575 -1.119328
v 1.950779 0.587958 -1.204438
v 1.836482 0.526758 -1.259928
v 1.991070 0.670278 -1.425705
v 2.013437 0.720120 -1.564968
v 1.908112 0.665228 -1.622063
v 1.769898 0.560265 -1.566435
v 1.888636 0.668158 -1.684475
v 1.899182 0.699005 -1.779265
v 1.816561 0.646331 -1.785937
v 1.819211 0.664082 -1.849398
v 1.701097 0.584334 -1.841312
v 1.781294 0.672094 -1.980060
v 1.776953 0.686070 -2.046791
v 1.698476 0.631447 -2.034927
v 1.690697 0.655503 -2.150586
v 1.929502 0.561248 -1.154041
v 1.903703 0.568032 -1.248227
v 1.760497 0.628255 -1.860502
v 1.803190 0.543512 -1.413182
v 1.520075 0.076613 -0.370044
v 2.598736 0.781629 -1.185604
v 1.496992 0.075805 -0.398956
v 1.733877 0.239640 -0.580716
v 1.598289 0.438581 -0.865443
v 1.613221 0.526032 -0.984984
v 1.726409 0.485476 -0.911279
v 1.769077 0.643006 -1.124215
v 1.868953 0.714947 -1.209234
v 1.978100 0.680116 -1.144119
v 2.015213 0.578748 -0.997278
v 2.040433 0.695784 -1.156463
v 2.111200 0.742122 -1.210247
v 2.165838 0.698549 -1.141244
v 2.215843 0.727094 -1.173400
v 2.279628 0.657289 -1.066466
v 2.344636 0.761500 -1.201737
v 2.401464 0.787512 -1.229327
v 2.438566 0.738364 -1.155226
v 2.537213 0.783305 -1.202823
v 1.584932 0.492592 -0.942707
v 1.676857 0.518254 -0.964471
v 2.259843 0.698842 -1.127356
v 1.760223 0.234205 -0.550611
v 2.490114 0.710715 -1.103346
v 2.344136 0.615413 -0.992799
v 2.110571 0.462930 -0.815924
v 1.865328 0.302822 -0.630204
v 2.227353 0.539171 -0.904361
v 1.870811 0.532112 -0.954279
v 1.987949 0.382876 -0.723064
v 1.535143 0.071060 -0.345985
v 1.786569 0.228770 -0.520506
v 2.078512 0.339521 -0.316704
v 2.212429 0.402428 -0.300284
v 2.150361 0.398024 -0.426841
v 2.391595 0.514593 -0.412878
v 2.501787 0.584406 -0.486109
v 2.448484 0.583085 -0.606621
v 2.293274 0.521390 -0.679545
v 2.472495 0.606658 -0.662756
v 2.543474 0.652953 -0.716297
v 2.476768 0.634411 -0.785951
v 2.520494 0.664251 -0.825283
v 2.413620 0.629649 -0.913356
v 2.573217 0.714348 -0.940543
v 2.613065 0.743863 -0.987535
v 2.537818 0.717890 -1.041814
v 2.606665 0.768978 -1.123462
v 2.161214 0.373717 -0.284203
v 2.200537 0.410229 -0.366075
v 2.477245 0.653997 -0.878936
v 2.221817 0.459707 -0.553193
v 1.379597 0.037099 -0.396889
v 0.383179 0.240871 -1.626546
v 1.412017 0.049489 -0.408566
v 1.153103 0.109212 -0.733513
v 1.265335 0.371189 -0.973937
v 1.251225 0.451591 -1.098425
v 1.152557 0.357523 -1.062307
v 1.113326 0.494900 -1.289389
v 1.024993 0.519634 -1.407559
v 0.929797 0.433202 -1.378689
v 0.898484 0.314279 -1.244185
v 0.875013 0.419406 -1.411728
v 0.812479 0.432295 -1.489002
v 0.765133 0.362888 -1.438146
v 0.720995 0.367798 -1.486902
v 0.665946 0.267831 -1.401155
v 0.607775 0.341323 -1.557997
v 0.557690 0.340473 -1.604452
v 0.525770 0.273780 -1.542677
v 0.438832 0.272093 -1.623022
v 1.276399 0.431520 -1.046759
v 1.195575 0.413729 -1.099042
v 0.682787 0.318742 -1.455470
v 1.124117 0.089777 -0.713214
v 0.479161 0.221298 -1.508231
v 0.608152 0.194994 -1.349228
v 0.814538 0.152907 -1.094822
v 1.031243 0.108716 -0.827696
v 0.711345 0.173950 -1.222025
v 1.025520 0.335901 -1.153246
v 0.922891 0.130812 -0.961259
v 1.360632 0.023393 -0.381538
v 1.095132 0.070342 -0.692914
v 0.736996 0.016940 -0.603927
v 0.591979 0.009570 -0.636737
v 0.686128 0.044785 -0.735654
v 0.428434 0.035683 -0.809741
v 0.328751 0.052807 -0.919963
v 0.412282 0.086211 -1.016259
v 0.592562 0.109161 -1.029940
v 0.399660 0.100684 -1.078826
v 0.336893 0.113417 -1.155936
v 0.423050 0.133523 -1.198575
v 0.385820 0.143064 -1.252170
v 0.518528 0.168988 -1.297914
v 0.356291 0.172704 -1.381876
v 0.324887 0.184380 -1.441414
v 0.416574 0.200565 -1.466204
v 0.362421 0.220860 -1.569508
v 0.642376 0.006411 -0.602735
v 0.619425 0.027423 -0.695548
v 0.443602 0.158370 -1.287963
v 0.639345 0.076972 -0.882797
v 1.453796 0.061889 -0.403968
v 1.464733 0.052628 -0.085410
v -2.687024 0.011156 0.164380
v 1.485626 0.061755 0.129523
v 1.440207 0.030392 0.133147
v 1.455203 0.061620 -0.289500
v 1.418742 0.030258 -0.310211
v 1.471851 0.057171 -0.032980
v 1.405238 0.033425 -0.021404
v 1.463296 0.057145 -0.132419
v 1.400228 0.033394 -0.148456
v 2.165543 0.056153 -0.132066
v 2.186067 0.063875 -0.134173
v 2.026445 0.057806 -0.164713
v 2.037615 0.055673 -0.122139
v 2.041908 0.056948 -0.077548
v -2.686635 0.009533 0.201381
v -2.689884 0.009513 0.125543
vt 0.537957 0.227477
vt 0.518513 0.214101
vt 0.534189 0.204893
vt 0.544938 0.206353
vt 0.545111 0.217548
vt 0.481668 0.282325
vt 0.482124 0.274962
vt 0.507718 0.283321
vt 0.358600 0.274404
vt 0.358682 0.265989
vt 0.562107 0.238755
vt 0.538928 0.284450
vt 0.533762 0.341205
vt 0.513371 0.353120
vt 0.481337 0.289715
vt 0.356062 0.273720
vt 0.352607 0.264481
vt 0.359002 0.283248
vt 0.597148 0.197105
vt 0.572605 0.200076
vt 0.588231 0.246111
vt 0.570866 0.285621
vt 0.558674 0.331720
vt 0.540151 0.351658
vt 0.539137 0.362812
vt 0.528311 0.363459
vt 0.352879 0.283076
vt 0.327915 0.197025
vt 0.334791 0.193726
vt 0.603526 0.218146
vt 0.628958 0.247241
vt 0.599072 0.286667
vt 0.585258 0.326304
vt 0.590550 0.375841
vt 0.566292 0.371062
vt 0.330937 0.354357
vt 0.324486 0.350380
vt 0.316507 0.173599
vt 0.357742 0.121359
vt 0.375726 0.135130
vt 0.621816 0.228362
vt 0.638616 0.235729
vt 0.631925 0.269325
vt 0.628177 0.287756
vt 0.625938 0.328216
vt 0.598465 0.355327
vt 0.367249 0.415131
vt 0.346223 0.425614
vt 0.311263 0.372708
vt 0.303093 0.145245
vt 0.336495 0.103660
vt 0.361299 0.112417
vt 0.371433 0.107772
vt 0.377398 0.116872
vt 0.640272 0.247722
vt 0.638946 0.259375
vt 0.665054 0.276533
vt 0.662821 0.289065
vt 0.630534 0.306415
vt 0.634706 0.340425
vt 0.617403 0.346510
vt 0.367605 0.433417
vt 0.360956 0.442045
vt 0.351201 0.436650
vt 0.325101 0.441586
vt 0.295546 0.399780
vt 0.288889 0.117929
vt 0.315474 0.087235
vt 0.665178 0.259005
vt 0.675446 0.266321
vt 0.684574 0.280773
vt 0.689924 0.290095
vt 0.664102 0.301731
vt 0.636800 0.316860
vt 0.637253 0.328581
vt 0.345882 0.491854
vt 0.354563 0.468802
vt 0.306646 0.461295
vt 0.279652 0.427562
vt 0.275277 0.092953
vt 0.299092 0.050023
vt 0.322609 0.058468
vt 0.342721 0.045276
vt 0.683882 0.298983
vt 0.673691 0.312703
vt 0.662898 0.319219
vt 0.324329 0.487814
vt 0.287034 0.496757
vt 0.265708 0.452110
vt 0.262579 0.066809
vt 0.277910 0.056084
vt 0.305520 0.036679
vt 0.319104 0.049153
vt 0.306956 0.499326
vt 0.292429 0.510633
vt 0.266184 0.489215
vt 0.251481 0.477524
vt 0.247600 0.035538
vt 0.258261 0.028597
vt 0.283953 0.045782
vt 0.293969 0.039837
vt 0.281217 0.506565
vt 0.271612 0.499947
vt 0.244891 0.515402
vt 0.234676 0.507825
vt 0.236127 0.010971
vt 0.246796 0.012277
vt 0.263247 0.015053
vt 0.274190 0.021407
vt 0.260312 0.523596
vt 0.248977 0.529226
vt 0.232506 0.531007
vt 0.221785 0.531690
vt 0.359390 0.069412
vt 0.247701 0.368882
vt 0.235452 0.369615
vt 0.226079 0.363494
vt 0.230586 0.353632
vt 0.246704 0.345278
vt 0.318001 0.346422
vt 0.244438 0.395411
vt 0.348462 0.282031
vt 0.236947 0.421591
vt 0.190559 0.403420
vt 0.206004 0.384041
vt 0.352097 0.273500
vt 0.216510 0.457027
vt 0.205153 0.419906
vt 0.327513 0.279978
vt 0.919407 0.945969
vt 0.348188 0.265097
vt 0.233775 0.471164
vt 0.201594 0.459131
vt 0.204207 0.440992
vt 0.911678 0.846887
vt 0.919849 0.846644
vt 0.927156 0.946254
vt 0.321077 0.200222
vt 0.222778 0.503336
vt 0.221570 0.471890
vt 0.210956 0.466870
vt 0.906468 0.836093
vt 0.913531 0.126867
vt 0.920273 0.126981
vt 0.929011 0.847341
vt 0.250387 0.197018
vt 0.253187 0.173665
vt 0.216479 0.522340
vt 0.208578 0.506858
vt 0.207736 0.494300
vt 0.884884 0.851713
vt 0.719509 0.526624
vt 0.933107 0.835639
vt 0.926673 0.126640
vt 0.234972 0.187515
vt 0.231192 0.177393
vt 0.240999 0.171986
vt 0.251451 0.147390
vt 0.709553 0.538211
vt 0.708827 0.523247
vt 0.958593 0.845756
vt 0.179080 0.745988
vt 0.198092 0.136890
vt 0.212528 0.156888
vt 0.245386 0.121330
vt 0.705433 0.539367
vt 0.704588 0.522696
vt 0.189712 0.749990
vt 0.185108 0.748419
vt 0.183841 0.734282
vt 0.188470 0.732890
vt 0.213389 0.121143
vt 0.226644 0.085072
vt 0.727288 0.453876
vt 0.734659 0.456892
vt 0.743021 0.585436
vt 0.736259 0.589984
vt 0.164902 0.803222
vt 0.158080 0.799543
vt 0.154545 0.669872
vt 0.161352 0.666448
vt 0.213561 0.100425
vt 0.211935 0.082137
vt 0.244583 0.072066
vt 0.737295 0.429991
vt 0.801574 0.423506
vt 0.807251 0.446313
vt 0.817122 0.584181
vt 0.815379 0.607659
vt 0.750785 0.611315
vt 0.152304 0.826039
vt 0.088649 0.825607
vt 0.086386 0.802055
vt 0.083455 0.668221
vt 0.085681 0.644729
vt 0.149256 0.643333
vt 0.221652 0.074951
vt 0.232533 0.070552
vt 0.235458 0.039341
vt 0.748952 0.399909
vt 0.800364 0.397365
vt 0.814289 0.420729
vt 0.824521 0.425286
vt 0.821293 0.435403
vt 0.832747 0.592697
vt 0.837708 0.601969
vt 0.828375 0.608328
vt 0.818452 0.634101
vt 0.768066 0.638845
vt 0.137680 0.854169
vt 0.086797 0.852321
vt 0.076134 0.826735
vt 0.066530 0.820820
vt 0.070832 0.811022
vt 0.067851 0.659359
vt 0.063590 0.649474
vt 0.073166 0.643648
vt 0.083481 0.618451
vt 0.135075 0.615187
vt 0.219922 0.047506
vt 0.221490 0.035013
vt 0.230280 0.019997
vt 0.761547 0.370904
vt 0.806537 0.371106
vt 0.853499 0.384462
vt 0.840804 0.404495
vt 0.828253 0.659529
vt 0.784570 0.666924
vt 0.123711 0.882626
vt 0.080447 0.878698
vt 0.029754 0.609599
vt 0.044646 0.629051
vt 0.076381 0.592536
vt 0.120131 0.588116
vt 0.773842 0.345145
vt 0.821300 0.333279
vt 0.838208 0.369698
vt 0.044418 0.593430
vt 0.057188 0.556421
vt 0.105895 0.563516
vt 0.784742 0.317806
vt 0.803700 0.321611
vt 0.835559 0.327903
vt 0.836357 0.345990
vt 0.044182 0.571731
vt 0.042404 0.553519
vt 0.074653 0.543067
vt 0.092729 0.537540
vt 0.797134 0.286172
vt 0.809402 0.288077
vt 0.814879 0.319157
vt 0.825702 0.322448
vt 0.051988 0.546281
vt 0.062710 0.541784
vt 0.065284 0.510347
vt 0.077366 0.506683
vt 0.806636 0.260205
vt 0.813104 0.268650
vt 0.822450 0.281296
vt 0.825869 0.293406
vt 0.049732 0.518329
vt 0.051367 0.505848
vt 0.059988 0.491056
vt 0.065781 0.482035
vt 0.082504 0.964710
vt 0.070259 0.989029
vt 0.064709 0.979840
vt 0.070418 0.960781
vt 0.098057 0.933816
vt 0.079958 0.928245
vt 0.056275 0.964978
vt 0.054950 0.952497
vt 0.111134 0.907736
vt 0.062183 0.915020
vt 0.067839 0.929598
vt 0.057024 0.925077
vt 0.047182 0.917853
vt 0.048956 0.899751
vt 0.033271 0.862265
vt 0.047917 0.842406
vt 0.048358 0.878241
vt 0.832492 0.745216
vt 0.844242 0.740918
vt 0.851624 0.759181
vt 0.846954 0.768771
vt 0.814631 0.716107
vt 0.832676 0.709016
vt 0.799244 0.690957
vt 0.848359 0.694540
vt 0.859451 0.732497
vt 0.858497 0.745012
vt 0.854533 0.704335
vt 0.844330 0.709536
vt 0.861201 0.679399
vt 0.863597 0.697219
vt 0.872962 0.638826
vt 0.857126 0.620793
vt 0.859924 0.655894
vt 0.378532 0.699644
vt 0.360057 0.684763
vt 0.376087 0.676667
vt 0.386678 0.678529
vt 0.386311 0.689775
vt 0.317631 0.750222
vt 0.318336 0.742816
vt 0.343539 0.753041
vt 0.194145 0.741910
vt 0.193925 0.734229
vt 0.401715 0.713029
vt 0.374703 0.756561
vt 0.365254 0.812780
vt 0.344205 0.823382
vt 0.316972 0.757635
vt 0.194808 0.750314
vt 0.439929 0.674136
vt 0.415330 0.675156
vt 0.427428 0.722269
vt 0.406709 0.760382
vt 0.390666 0.805109
vt 0.370954 0.823806
vt 0.369121 0.834883
vt 0.358342 0.834652
vt 0.171733 0.807011
vt 0.168186 0.662925
vt 0.444713 0.695511
vt 0.468033 0.727308
vt 0.434722 0.763828
vt 0.417643 0.802420
vt 0.418370 0.852011
vt 0.394872 0.845185
vt 0.209426 0.867640
vt 0.188538 0.876535
vt 0.189173 0.589819
vt 0.207483 0.602803
vt 0.462748 0.707838
vt 0.478766 0.716544
vt 0.469219 0.749462
vt 0.463681 0.767592
vt 0.457851 0.807576
vt 0.428087 0.832484
vt 0.208693 0.885996
vt 0.201853 0.894260
vt 0.192425 0.888344
vt 0.170488 0.894984
vt 0.167516 0.572624
vt 0.192149 0.580731
vt 0.201964 0.575608
vt 0.208390 0.584458
vt 0.479313 0.728691
vt 0.477025 0.740146
vt 0.501562 0.760061
vt 0.497921 0.772197
vt 0.464313 0.786506
vt 0.465876 0.820280
vt 0.448226 0.825176
vt 0.152617 0.914363
vt 0.146143 0.556721
vt 0.503571 0.742660
vt 0.513057 0.750903
vt 0.520521 0.766270
vt 0.524877 0.776075
vt 0.498066 0.784866
vt 0.469658 0.797152
vt 0.469278 0.808747
vt 0.134650 0.951042
vt 0.128743 0.520208
vt 0.152163 0.527848
vt 0.171768 0.513707
vt 0.517945 0.784256
vt 0.506935 0.796287
vt 0.495722 0.802137
vt 0.154643 0.952736
vt 0.140892 0.964770
vt 0.113406 0.944890
vt 0.107972 0.526464
vt 0.134080 0.506544
vt 0.148429 0.518174
vt 0.129358 0.961241
vt 0.119429 0.955205
vt 0.092875 0.972000
vt 0.087781 0.499548
vt 0.113537 0.516263
vt 0.123136 0.510045
vt 0.108570 0.979683
vt 0.097526 0.985791
vt 0.080952 0.988026
vt 0.076409 0.483329
vt 0.091751 0.485875
vt 0.103133 0.491533
vt 0.189353 0.537473
vt 0.191549 0.943266
vt 0.199609 0.919595
vt 0.169886 0.939266
vt 0.509778 0.507120
vt 0.500482 0.498047
vt 0.498720 0.486940
vt 0.508937 0.484130
vt 0.525831 0.489817
vt 0.576977 0.552069
vt 0.551594 0.557004
vt 0.575558 0.544509
vt 0.578310 0.559649
vt 0.553855 0.628987
vt 0.532686 0.618923
vt 0.520257 0.563244
vt 0.488520 0.523140
vt 0.700100 0.531998
vt 0.699384 0.524274
vt 0.700329 0.540497
vt 0.540123 0.640541
vt 0.529550 0.641544
vt 0.527220 0.630534
vt 0.507139 0.612460
vt 0.487556 0.570025
vt 0.462937 0.533369
vt 0.447314 0.486979
vt 0.471220 0.485905
vt 0.484037 0.662080
vt 0.506150 0.653597
vt 0.479834 0.613587
vt 0.459797 0.575907
vt 0.423357 0.542960
vt 0.444029 0.508115
vt 0.719915 0.450704
vt 0.729561 0.594721
vt 0.472644 0.644159
vt 0.440250 0.621033
vt 0.430979 0.582271
vt 0.423577 0.564342
vt 0.410903 0.533924
vt 0.425443 0.523252
vt 0.675974 0.391550
vt 0.694317 0.376267
vt 0.721158 0.666466
vt 0.698784 0.660912
vt 0.449838 0.638220
vt 0.432208 0.633897
vt 0.431880 0.601619
vt 0.397714 0.589725
vt 0.392551 0.578376
vt 0.415245 0.556251
vt 0.411948 0.545343
vt 0.674613 0.373380
vt 0.680381 0.364250
vt 0.690376 0.369013
vt 0.712311 0.358335
vt 0.739219 0.683232
vt 0.718353 0.678865
vt 0.709733 0.686007
vt 0.702316 0.678616
vt 0.428614 0.623162
vt 0.427462 0.611937
vt 0.398063 0.602182
vt 0.370787 0.595992
vt 0.374323 0.585943
vt 0.379656 0.571151
vt 0.387891 0.561661
vt 0.732784 0.341366
vt 0.757366 0.701152
vt 0.400565 0.619240
vt 0.389205 0.613624
vt 0.378385 0.603454
vt 0.705355 0.302941
vt 0.725543 0.313134
vt 0.747905 0.304120
vt 0.779942 0.735956
vt 0.728649 0.302165
vt 0.742629 0.290326
vt 0.768272 0.307800
vt 0.800009 0.728805
vt 0.775938 0.750677
vt 0.760819 0.740737
vt 0.752937 0.293214
vt 0.762554 0.298619
vt 0.786625 0.279591
vt 0.823301 0.753654
vt 0.795383 0.739104
vt 0.786318 0.745913
vt 0.771403 0.271787
vt 0.782711 0.265921
vt 0.796254 0.262480
vt 0.836284 0.768608
vt 0.820965 0.768050
vt 0.809139 0.763588
vt 0.691270 0.328415
vt 0.721741 0.729318
vt 0.713168 0.707571
vt 0.741792 0.724624
vt 0.722386 0.532961
vt 0.879544 0.844394
vt 0.956175 0.855016
vt 0.176090 0.739703
vt 0.328574 0.273744
vt 0.328706 0.267296
vt 0.911929 0.944481
vn -0.238110 0.940826 -0.241144
vn -0.254011 0.938557 -0.233645
vn -0.226056 0.940479 -0.253768
vn -0.226056 0.940479 -0.253768
vn -0.226056 0.940479 -0.253768
vn -0.217003 0.975925 0.021922
vn -0.217847 0.975853 0.015941
vn -0.250306 0.952536 -0.173268
vn -0.239294 0.970791 0.017432
vn -0.214870 0.976561 0.012626
vn -0.224124 0.947173 -0.229417
vn -0.221541 0.953147 -0.205989
vn -0.213510 0.976861 0.012543
vn -0.226056 0.940478 -0.253770
vn -0.224924 0.942375 -0.247668
vn -0.226056 0.940478 -0.253770
vn -0.219324 0.946467 -0.236849
vn -0.224795 0.942864 -0.245918
vn -0.226060 0.940477 -0.253772
vn -0.226060 0.940477 -0.253772
vn -0.225777 0.942967 -0.244618
vn -0.226056 0.940479 -0.253770
vn -0.226056 0.940479 -0.253770
vn -0.238763 0.970976 0.014073
vn -0.226057 0.940478 -0.253771
vn -0.226057 0.940478 -0.253771
vn -0.216903 0.976110 0.012748
vn -0.216698 0.976156 0.012736
vn -0.215929 0.976327 0.012689
vn -0.210930 0.977423 0.012387
vn -0.226056 0.940479 -0.253769
vn -0.207359 0.941018 0.267373
vn -0.193871 0.940679 0.278455
vn -0.193871 0.940679 0.278455
vn -0.193871 0.940679 0.278455
vn -0.224047 0.938743 0.261847
vn -0.195148 0.953311 0.230468
vn -0.194888 0.947355 0.254041
vn -0.193872 0.940679 0.278455
vn -0.193872 0.940679 0.278454
vn -0.193483 0.942571 0.272259
vn -0.189228 0.946655 0.260841
vn -0.193873 0.940679 0.278454
vn -0.193873 0.940679 0.278454
vn -0.193566 0.943058 0.270506
vn -0.193871 0.940679 0.278454
vn -0.193871 0.940679 0.278454
vn -0.194698 0.943161 0.269333
vn -0.226908 0.952152 0.204743
vn -0.193870 0.940679 0.278455
vn -0.193870 0.940679 0.278455
vn -0.193872 0.940679 0.278455
vn -0.540189 0.833411 -0.116715
vn -0.544421 0.832889 -0.099509
vn -0.541602 0.829924 -0.133764
vn -0.541602 0.829924 -0.133764
vn -0.541602 0.829924 -0.133764
vn -0.262286 0.964024 -0.043173
vn -0.238218 0.971055 -0.017444
vn -0.506411 0.858177 -0.084140
vn -0.344667 0.938267 0.029324
vn -0.347426 0.937530 0.018259
vn -0.524024 0.843051 -0.121099
vn -0.506546 0.855245 -0.109393
vn -0.346678 0.937828 0.017121
vn -0.541601 0.829925 -0.133763
vn -0.536829 0.833440 -0.131121
vn -0.541601 0.829925 -0.133765
vn -0.526219 0.840462 -0.129297
vn -0.535573 0.834391 -0.130206
vn -0.541600 0.829925 -0.133766
vn -0.541600 0.829925 -0.133766
vn -0.535277 0.834821 -0.128657
vn -0.541599 0.829926 -0.133766
vn -0.541599 0.829926 -0.133766
vn -0.360489 0.931976 0.038327
vn -0.541602 0.829924 -0.133767
vn -0.541602 0.829924 -0.133767
vn -0.348542 0.937080 0.019963
vn -0.348430 0.937126 0.019790
vn -0.348008 0.937296 0.019147
vn -0.345259 0.938388 0.014960
vn -0.541601 0.829925 -0.133761
vn -0.148123 0.972979 0.177122
vn -0.131257 0.976000 0.173771
vn -0.131257 0.976000 0.173771
vn -0.131257 0.976000 0.173771
vn -0.162397 0.968882 0.186803
vn -0.184602 0.970610 0.154396
vn -0.288188 0.954922 -0.071214
vn -0.170036 0.975035 0.142808
vn -0.151279 0.975740 0.158259
vn -0.131256 0.976000 0.173772
vn -0.131256 0.976000 0.173772
vn -0.135965 0.976139 0.169309
vn -0.142502 0.977057 0.158282
vn -0.131255 0.975999 0.173776
vn -0.131255 0.975999 0.173776
vn -0.137411 0.976128 0.168202
vn -0.131255 0.976000 0.173773
vn -0.131255 0.976000 0.173773
vn -0.139021 0.975880 0.168319
vn -0.131255 0.976000 0.173773
vn -0.131255 0.976000 0.173773
vn -0.131256 0.976000 0.173772
vn -0.503207 0.840120 0.202441
vn -0.500669 0.837350 0.219490
vn -0.500669 0.837350 0.219490
vn -0.500669 0.837350 0.219490
vn -0.511257 0.838905 0.186695
vn -0.334077 0.942545 -0.001383
vn -0.365164 0.930942 -0.001728
vn -0.488929 0.858557 0.154364
vn -0.321640 0.946662 -0.019454
vn -0.346902 0.937625 0.022782
vn -0.345915 0.937966 0.023706
vn -0.472233 0.861470 0.186725
vn -0.486515 0.849854 0.202611
vn -0.500668 0.837350 0.219491
vn -0.500668 0.837350 0.219491
vn -0.496643 0.840730 0.215684
vn -0.486765 0.847618 0.211195
vn -0.500663 0.837352 0.219494
vn -0.500663 0.837352 0.219494
vn -0.495636 0.841635 0.214466
vn -0.500667 0.837351 0.219490
vn -0.500667 0.837351 0.219490
vn -0.495702 0.842000 0.212875
vn -0.364179 0.931307 0.006479
vn -0.500669 0.837349 0.219494
vn -0.500669 0.837349 0.219494
vn -0.348377 0.937110 0.021399
vn -0.348228 0.937162 0.021537
vn -0.347670 0.937357 0.022061
vn -0.344042 0.938609 0.025460
vn -0.500668 0.837350 0.219491
vn -0.189360 0.965498 -0.178762
vn -0.205448 0.961073 -0.184744
vn -0.172188 0.968575 -0.179484
vn -0.172188 0.968575 -0.179484
vn -0.172188 0.968575 -0.179484
vn -0.349459 0.936709 0.021312
vn -0.228877 0.960178 -0.160228
vn -0.188134 0.969055 -0.159806
vn -0.202861 0.969081 -0.140460
vn -0.172189 0.968575 -0.179483
vn -0.175754 0.968922 -0.174072
vn -0.172188 0.968575 -0.179483
vn -0.179602 0.970327 -0.161890
vn -0.176909 0.968964 -0.172664
vn -0.172190 0.968574 -0.179485
vn -0.172190 0.968574 -0.179485
vn -0.178501 0.968719 -0.172400
vn -0.172187 0.968575 -0.179484
vn -0.172187 0.968575 -0.179484
vn -0.172188 0.968575 -0.179483
vn -0.172188 0.968575 -0.179483
vn -0.172189 0.968575 -0.179483
vn -0.152449 0.987836 0.030640
vn -0.152449 0.987836 0.030640
vn -0.139343 0.989898 0.026180
vn -0.140966 0.989654 0.026732
vn -0.352532 0.935273 0.031394
vn -0.352532 0.935273 0.031394
vn -0.349079 0.936574 0.031195
vn -0.349266 0.936504 0.031206
vn -0.216071 0.975963 0.028458
vn -0.082654 0.947567 -0.308684
vn -0.092663 0.942106 -0.322258
vn -0.068013 0.951504 -0.300025
vn -0.068013 0.951504 -0.300025
vn -0.068013 0.951504 -0.300025
vn -0.333510 0.915377 -0.225515
vn -0.328088 0.916775 -0.227774
vn -0.152098 0.940323 -0.304398
vn -0.332974 0.909706 -0.248121
vn -0.324497 0.918565 -0.225699
vn -0.092173 0.951838 -0.292417
vn -0.115123 0.951772 -0.284388
vn -0.324193 0.918989 -0.224405
vn -0.068014 0.951504 -0.300024
vn -0.073979 0.951853 -0.297494
vn -0.068013 0.951504 -0.300024
vn -0.083940 0.953479 -0.289539
vn -0.075719 0.951884 -0.296958
vn -0.068017 0.951503 -0.300027
vn -0.068017 0.951503 -0.300027
vn -0.077187 0.951566 -0.297599
vn -0.068012 0.951504 -0.300025
vn -0.068012 0.951504 -0.300025
vn -0.329760 0.910795 -0.248418
vn -0.068016 0.951504 -0.300024
vn -0.068016 0.951504 -0.300024
vn -0.324952 0.917927 -0.227633
vn -0.324907 0.917991 -0.227438
vn -0.324735 0.918233 -0.226707
vn -0.323615 0.919788 -0.221954
vn -0.068014 0.951504 -0.300024
vn -0.551556 0.819371 -0.156262
vn -0.558776 0.817331 -0.140499
vn -0.558776 0.817331 -0.140499
vn -0.558776 0.817331 -0.140499
vn -0.549554 0.817193 -0.173741
vn -0.517575 0.841744 -0.153567
vn -0.537966 0.829960 -0.147506
vn -0.558777 0.817330 -0.140498
vn -0.558778 0.817330 -0.140497
vn -0.553402 0.820780 -0.141653
vn -0.542857 0.828012 -0.140363
vn -0.558774 0.817333 -0.140497
vn -0.558774 0.817333 -0.140497
vn -0.551912 0.821694 -0.142167
vn -0.558776 0.817331 -0.140498
vn -0.558776 0.817331 -0.140498
vn -0.551099 0.822000 -0.143550
vn -0.500393 0.844567 -0.190561
vn -0.558778 0.817331 -0.140493
vn -0.558778 0.817331 -0.140493
vn -0.558776 0.817331 -0.140499
vn -0.174872 0.807338 -0.563583
vn -0.191533 0.801808 -0.566055
vn -0.157742 0.808726 -0.566638
vn -0.157742 0.808726 -0.566638
vn -0.157742 0.808726 -0.566638
vn -0.347417 0.877940 -0.329429
vn -0.369106 0.878415 -0.303558
vn -0.218612 0.814358 -0.537616
vn -0.345046 0.863489 -0.367873
vn -0.315656 0.877900 -0.360073
vn -0.171951 0.818540 -0.548111
vn -0.184987 0.827727 -0.529761
vn -0.314584 0.878541 -0.359449
vn -0.157738 0.808726 -0.566641
vn -0.160823 0.811568 -0.561688
vn -0.157738 0.808726 -0.566640
vn -0.163589 0.818264 -0.551074
vn -0.161854 0.812278 -0.560364
vn -0.157740 0.808728 -0.566637
vn -0.157740 0.808728 -0.566637
vn -0.163425 0.812269 -0.559921
vn -0.157739 0.808725 -0.566641
vn -0.157739 0.808725 -0.566641
vn -0.334424 0.866345 -0.370954
vn -0.157740 0.808726 -0.566640
vn -0.157740 0.808726 -0.566640
vn -0.317256 0.876941 -0.361003
vn -0.317095 0.877038 -0.360908
vn -0.316490 0.877401 -0.360557
vn -0.312553 0.879749 -0.358263
vn -0.157738 0.808725 -0.566641
vn -0.459124 0.876216 -0.146460
vn -0.455242 0.880815 -0.130072
vn -0.455242 0.880815 -0.130072
vn -0.455242 0.880815 -0.130072
vn -0.468504 0.868923 -0.159616
vn -0.456271 0.870348 -0.185235
vn -0.324666 0.876404 -0.355680
vn -0.428959 0.886847 -0.171747
vn -0.442194 0.884024 -0.151545
vn -0.455244 0.880814 -0.130072
vn -0.455243 0.880815 -0.130070
vn -0.451455 0.881991 -0.135207
vn -0.441789 0.885676 -0.142834
vn -0.455246 0.880814 -0.130070
vn -0.455246 0.880814 -0.130070
vn -0.450527 0.882227 -0.136756
vn -0.455244 0.880815 -0.130071
vn -0.455244 0.880815 -0.130071
vn -0.450716 0.881883 -0.138342
vn -0.455245 0.880814 -0.130070
vn -0.455245 0.880814 -0.130070
vn -0.455245 0.880814 -0.130073
vn -0.530593 0.713955 -0.456880
vn -0.545226 0.707110 -0.450248
vn -0.545226 0.707110 -0.450248
vn -0.545226 0.707110 -0.450248
vn -0.517357 0.716161 -0.468461
vn -0.329220 0.879348 -0.344036
vn -0.332807 0.865640 -0.374042
vn -0.487355 0.745293 -0.454998
vn -0.310603 0.889018 -0.336411
vn -0.353408 0.867304 -0.350553
vn -0.354142 0.867477 -0.349380
vn -0.514636 0.741173 -0.431060
vn -0.529597 0.724694 -0.440845
vn -0.545223 0.707112 -0.450249
vn -0.545223 0.707112 -0.450250
vn -0.541661 0.711686 -0.447332
vn -0.537083 0.720309 -0.438973
vn -0.545220 0.707112 -0.450252
vn -0.545220 0.707112 -0.450253
vn -0.540539 0.712956 -0.446666
vn -0.545226 0.707111 -0.450248
vn -0.545226 0.707111 -0.450248
vn -0.539164 0.713712 -0.447121
vn -0.340362 0.863960 -0.371115
vn -0.545221 0.707114 -0.450248
vn -0.545221 0.707115 -0.450248
vn -0.352309 0.867041 -0.352305
vn -0.352420 0.867067 -0.352128
vn -0.352835 0.867167 -0.351466
vn -0.355532 0.867803 -0.347153
vn -0.545223 0.707112 -0.450249
vn -0.136644 0.959370 -0.246857
vn -0.133497 0.955290 -0.263818
vn -0.132907 0.963969 -0.230434
vn -0.132907 0.963969 -0.230434
vn -0.132907 0.963969 -0.230434
vn -0.352366 0.866584 -0.353369
vn -0.161506 0.946133 -0.280621
vn -0.155064 0.958014 -0.241171
vn -0.176514 0.951811 -0.250797
vn -0.132909 0.963969 -0.230433
vn -0.138873 0.962608 -0.232595
vn -0.132909 0.963969 -0.230435
vn -0.151523 0.960498 -0.233421
vn -0.140463 0.962188 -0.233376
vn -0.132909 0.963969 -0.230432
vn -0.132909 0.963969 -0.230432
vn -0.141005 0.961750 -0.234852
vn -0.132907 0.963969 -0.230432
vn -0.132907 0.963969 -0.230432
vn -0.132907 0.963969 -0.230433
vn -0.132907 0.963969 -0.230433
vn -0.132908 0.963969 -0.230432
vn -0.323903 0.934148 -0.149850
vn -0.323903 0.934148 -0.149850
vn -0.323903 0.934148 -0.149850
vn -0.323903 0.934148 -0.149850
vn -0.323903 0.934148 -0.149850
vn -0.344876 0.935637 -0.075122
vn -0.344876 0.935637 -0.075122
vn -0.380746 0.924425 -0.021691
vn -0.386654 0.922138 -0.012641
vn -0.344876 0.935637 -0.075122
vn -0.344876 0.935637 -0.075122
vn -0.339422 0.913809 -0.223037
vn -0.044898 0.947802 0.315682
vn -0.031409 0.951732 0.305319
vn -0.031409 0.951732 0.305319
vn -0.031409 0.951732 0.305319
vn -0.053197 0.942352 0.330367
vn -0.303944 0.915562 0.263372
vn -0.300688 0.909908 0.285752
vn -0.114350 0.940559 0.319801
vn -0.298288 0.916963 0.264961
vn -0.294978 0.918748 0.262468
vn -0.294832 0.919172 0.261145
vn -0.080062 0.951991 0.295473
vn -0.056307 0.952062 0.300678
vn -0.031408 0.951732 0.305320
vn -0.031408 0.951732 0.305319
vn -0.037635 0.952080 0.303526
vn -0.048481 0.953700 0.296828
vn -0.031409 0.951731 0.305321
vn -0.031409 0.951731 0.305321
vn -0.039425 0.952110 0.303202
vn -0.031403 0.951733 0.305317
vn -0.031403 0.951733 0.305317
vn -0.040806 0.951793 0.304016
vn -0.297462 0.910996 0.285661
vn -0.031405 0.951732 0.305318
vn -0.031405 0.951732 0.305318
vn -0.295196 0.918112 0.264442
vn -0.295174 0.918177 0.264243
vn -0.295091 0.918417 0.263497
vn -0.294553 0.919969 0.258641
vn -0.031408 0.951732 0.305320
vn -0.528744 0.819513 0.220973
vn -0.524650 0.817349 0.238083
vn -0.537812 0.817461 0.206191
vn -0.537812 0.817461 0.206191
vn -0.537812 0.817461 0.206191
vn -0.516309 0.830095 0.210637
vn -0.495338 0.841882 0.214184
vn -0.537811 0.817461 0.206194
vn -0.532337 0.820912 0.206691
vn -0.537813 0.817461 0.206193
vn -0.522026 0.828142 0.204133
vn -0.530797 0.821825 0.207021
vn -0.537813 0.817460 0.206196
vn -0.537812 0.817460 0.206196
vn -0.529822 0.822132 0.208295
vn -0.537811 0.817461 0.206195
vn -0.537811 0.817461 0.206195
vn -0.473823 0.844732 0.248836
vn -0.537810 0.817462 0.206195
vn -0.537810 0.817462 0.206195
vn -0.537810 0.817462 0.206196
vn -0.105721 0.807769 0.579942
vn -0.088345 0.809158 0.580912
vn -0.088345 0.809158 0.580912
vn -0.088345 0.809158 0.580912
vn -0.121961 0.802243 0.584408
vn -0.305227 0.878202 0.368235
vn -0.298240 0.863781 0.406122
vn -0.152271 0.814772 0.559429
vn -0.329873 0.878660 0.345168
vn -0.270006 0.878185 0.394826
vn -0.269019 0.878825 0.394075
vn -0.119841 0.828136 0.547567
vn -0.104686 0.818959 0.564222
vn -0.088343 0.809159 0.580911
vn -0.088344 0.809159 0.580911
vn -0.092004 0.811997 0.576365
vn -0.096029 0.818686 0.566156
vn -0.088347 0.809159 0.580910
vn -0.088347 0.809159 0.580910
vn -0.093186 0.812706 0.575174
vn -0.088344 0.809159 0.580910
vn -0.088344 0.809160 0.580910
vn -0.094799 0.812697 0.574923
vn -0.287326 0.866639 0.407898
vn -0.088344 0.809157 0.580913
vn -0.088344 0.809157 0.580913
vn -0.271482 0.877226 0.395944
vn -0.271333 0.877323 0.395831
vn -0.270775 0.877686 0.395409
vn -0.267144 0.880032 0.392654
vn -0.088343 0.809158 0.580912
vn -0.438170 0.876346 0.200061
vn -0.445895 0.869064 0.214255
vn -0.436291 0.880934 0.183317
vn -0.436291 0.880934 0.183317
vn -0.436291 0.880934 0.183317
vn -0.279479 0.876686 0.391553
vn -0.430664 0.870508 0.238213
vn -0.420751 0.884158 0.203062
vn -0.405175 0.886995 0.221524
vn -0.436293 0.880933 0.183318
vn -0.431912 0.882113 0.187960
vn -0.436293 0.880933 0.183320
vn -0.421398 0.885803 0.194364
vn -0.430805 0.882349 0.189386
vn -0.436292 0.880933 0.183320
vn -0.436292 0.880933 0.183320
vn -0.430801 0.882007 0.190982
vn -0.436294 0.880933 0.183319
vn -0.436294 0.880933 0.183319
vn -0.436295 0.880932 0.183316
vn -0.436295 0.880932 0.183316
vn -0.436292 0.880933 0.183318
vn -0.471703 0.714322 0.516952
vn -0.457168 0.716536 0.526852
vn -0.487025 0.707477 0.512136
vn -0.487025 0.707477 0.512136
vn -0.487025 0.707477 0.512136
vn -0.285402 0.879623 0.380539
vn -0.267839 0.889287 0.370718
vn -0.429008 0.745657 0.509850
vn -0.285349 0.865935 0.410770
vn -0.308630 0.867583 0.389932
vn -0.472650 0.725049 0.500906
vn -0.458976 0.741520 0.489375
vn -0.309499 0.867756 0.388856
vn -0.487025 0.707476 0.512137
vn -0.483842 0.712047 0.508808
vn -0.487024 0.707477 0.512137
vn -0.480304 0.720663 0.499954
vn -0.482807 0.713316 0.508013
vn -0.487024 0.707475 0.512140
vn -0.487024 0.707475 0.512139
vn -0.481388 0.714072 0.508297
vn -0.487029 0.707472 0.512138
vn -0.487029 0.707472 0.512138
vn -0.293201 0.864254 0.408777
vn -0.487025 0.707476 0.512136
vn -0.487025 0.707476 0.512136
vn -0.307328 0.867321 0.391540
vn -0.307458 0.867348 0.391379
vn -0.307951 0.867447 0.390771
vn -0.311147 0.868080 0.386814
vn -0.487026 0.707475 0.512137
vn -0.105945 0.959561 0.260802
vn -0.104215 0.964148 0.244045
vn -0.104215 0.964148 0.244045
vn -0.104215 0.964148 0.244045
vn -0.100776 0.955494 0.277264
vn -0.126556 0.946351 0.297327
vn -0.307256 0.866865 0.392604
vn -0.145047 0.952008 0.269523
vn -0.124915 0.958203 0.257379
vn -0.104216 0.964148 0.244045
vn -0.104215 0.964148 0.244044
vn -0.109877 0.962789 0.246911
vn -0.122334 0.960680 0.249257
vn -0.104216 0.964148 0.244045
vn -0.104216 0.964148 0.244045
vn -0.111361 0.962369 0.247879
vn -0.104216 0.964148 0.244046
vn -0.104216 0.964148 0.244046
vn -0.111721 0.961932 0.249410
vn -0.104216 0.964148 0.244045
vn -0.104216 0.964148 0.244045
vn -0.104216 0.964148 0.244046
vn -0.303527 0.934276 0.187083
vn -0.303527 0.934276 0.187083
vn -0.303527 0.934276 0.187083
vn -0.303527 0.934276 0.187083
vn -0.303527 0.934276 0.187083
vn -0.316650 0.864186 0.391045
vn -0.316650 0.864186 0.391045
vn -0.316650 0.864185 0.391045
vn -0.316650 0.864185 0.391045
vn -0.310114 0.913992 0.261625
vn -0.035549 0.982674 -0.181901
vn -0.033996 0.982634 -0.182413
vn -0.022270 0.982249 -0.186257
vn -0.022270 0.982249 -0.186257
vn -0.022270 0.982249 -0.186257
vn -0.018494 0.980261 0.196840
vn -0.010540 0.979937 0.199029
vn -0.341293 0.939132 -0.039375
vn -0.341293 0.939132 -0.039375
vn -0.395346 0.918071 -0.029102
vn -0.419657 0.907356 -0.024360
vn 0.000778 0.979360 0.202120
vn 0.000778 0.979360 0.202121
vn 0.000778 0.979360 0.202120
vn -0.345605 0.937868 0.030995
vn -0.345605 0.937868 0.030995
vn -0.124117 0.992045 0.021003
vn -0.124117 0.992045 0.021003
vn 0.004343 0.999979 -0.004732
vn 0.004343 0.999979 -0.004732
vn -0.004114 0.998911 -0.046484
vn -0.003573 0.999033 -0.043813
vn 0.007209 0.999775 0.019932
vn 0.007209 0.999775 0.019932
vn 0.002769 0.998193 0.060026
vn 0.003083 0.998358 0.057201
vn 0.001234 0.997268 0.073857
vn 0.001234 0.997268 0.073857
vn -0.006665 0.998232 -0.059067
vn -0.006665 0.998232 -0.059067
s 1
g group1 pPlane7
usemtl initialShadingGroup
f 493/496/536 491/497/537 507/498/538 492/499/539 508/500/540
f 645/504/541 594/505/542 490/502/543 510/501/544
f 511/553/545 505/552/546 506/566/547 489/567/548
f 495/514/549 516/506/550 493/496/536 494/515/551
f 502/538/552 500/526/553 501/550/554 509/551/555
f 500/526/553 497/516/556 498/536/557 499/537/558
f 510/501/544 490/502/543 491/497/537 493/496/536 514/503/559
f 505/552/546 502/538/552 503/564/560 504/565/561
f 513/517/562 497/516/556 500/526/553 515/527/563
f 514/503/559 493/496/536 516/506/550 517/507/564
f 512/539/565 502/538/552 505/552/546 511/553/545
f 515/527/563 500/526/553 502/538/552 512/539/565
f 497/516/556 516/506/550 495/514/549 496/525/566
f 517/507/564 516/506/550 497/516/556 513/517/562
f 521/508/567 536/519/568 520/520/569 535/521/570 519/509/571
f 511/553/545 489/567/548 534/579/572 533/568/573
f 523/529/574 522/530/575 521/508/567 538/518/576
f 530/554/577 537/569/578 529/570/579 528/540/580
f 528/540/580 527/555/581 526/556/582 525/528/583
f 510/501/544 514/503/559 521/508/567 519/509/571 518/510/584
f 533/568/573 532/580/585 531/581/586 530/554/577
f 513/517/562 515/527/563 528/540/580 525/528/583
f 514/503/559 517/507/564 538/518/576 521/508/567
f 512/539/565 511/553/545 533/568/573 530/554/577
f 515/527/563 512/539/565 530/554/577 528/540/580
f 525/528/583 524/541/587 523/529/574 538/518/576
f 517/507/564 513/517/562 525/528/583 538/518/576
s 6
f 545/543/588 543/542/589 559/557/590 544/558/591 560/559/592
f 539/522/593 541/513/594 542/531/595 562/532/596
f 563/600/597 557/599/598 558/607/599 540/608/600
f 547/571/601 568/560/602 545/543/588 546/572/603
f 554/591/604 552/583/605 553/597/606 561/598/607
f 552/583/605 549/573/608 550/589/609 551/590/610
f 562/532/596 542/531/595 543/542/589 545/543/588 566/544/611
f 557/599/598 554/591/604 555/605/612 556/606/613
f 565/574/614 549/573/608 552/583/605 567/584/615
f 566/544/611 545/543/588 568/560/602 569/561/616
f 564/592/617 554/591/604 557/599/598 563/600/597
f 567/584/615 552/583/605 554/591/604 564/592/617
f 549/573/608 568/560/602 547/571/601 548/582/618
f 569/561/616 568/560/602 549/573/608 565/574/614
f 574/610/619 589/611/620 573/612/621 588/613/622 572/614/623
f 539/522/593 562/532/596 571/615/624 570/617/625
f 563/600/597 540/608/600 587/643/626 586/634/627
f 576/619/628 575/620/629 574/610/619 591/616/630
f 583/627/631 590/635/632 582/636/633 581/622/634
f 581/622/634 580/628/635 579/629/636 578/618/637
f 562/532/596 566/544/611 574/610/619 572/614/623 571/615/624
f 586/634/627 585/644/638 584/645/639 583/627/631
f 565/574/614 567/584/615 581/622/634 578/618/637
f 566/544/611 569/561/616 591/616/630 574/610/619
f 564/592/617 563/600/597 586/634/627 583/627/631
f 567/584/615 564/592/617 583/627/631 581/622/634
f 578/618/637 577/623/640 576/619/628 591/616/630
f 569/561/616 565/574/614 578/618/637 591/616/630
s 11
f 598/534/641 613/547/642 597/548/643 612/549/644 596/535/645
f 592/512/646 615/523/647 595/524/648 594/505/649
f 616/593/650 593/601/651 611/602/652 610/594/653
f 600/578/654 599/609/655 598/534/641 621/546/656
f 607/586/657 614/595/658 606/596/659 605/576/660
f 605/576/660 604/587/661 603/588/662 602/563/663
f 615/523/647 619/533/664 598/534/641 596/535/645 595/524/648
f 610/594/653 609/603/665 608/604/666 607/586/657
f 618/562/667 620/575/668 605/576/660 602/563/663
f 619/533/664 622/545/669 621/546/656 598/534/641
f 617/585/670 616/593/650 610/594/653 607/586/657
f 620/575/668 617/585/670 607/586/657 605/576/660
f 602/563/663 601/577/671 600/578/654 621/546/656
f 622/545/669 618/562/667 602/563/663 621/546/656
f 627/642/672 625/641/673 641/650/674 626/651/675 642/652/676
f 592/512/646 623/626/677 624/633/678 615/523/647
f 616/593/650 639/694/679 640/717/680 593/601/651
f 629/658/681 644/653/682 627/642/672 628/659/683
f 636/679/684 634/668/685 635/692/686 643/693/687
f 634/668/685 631/660/688 632/677/689 633/678/690
f 615/523/647 624/633/678 625/641/673 627/642/672 619/533/664
f 639/694/679 636/679/684 637/715/691 638/716/692
f 618/562/667 631/660/688 634/668/685 620/575/668
f 619/533/664 627/642/672 644/653/682 622/545/669
f 617/585/670 636/679/684 639/694/679 616/593/650
f 620/575/668 634/668/685 636/679/684 617/585/670
f 631/660/688 644/653/682 629/658/681 630/667/693
f 622/545/669 644/653/682 631/660/688 618/562/667
s 18
f 541/513/694 539/522/695 971/511/696 645/504/697
s 19
f 539/522/698 570/617/699 970/621/700 971/511/701
s 1
f 645/504/541 510/501/544 518/510/584 541/513/702
s 20
f 650/794/703 648/795/704 664/796/705 649/797/706 665/798/707
f 802/802/708 751/803/709 647/800/710 667/799/711
f 668/847/712 662/846/713 663/855/714 646/856/715
f 652/810/716 673/804/717 650/794/703 651/811/718
f 659/832/719 657/821/720 658/844/721 666/845/722
f 657/821/720 654/812/723 655/830/724 656/831/725
f 667/799/711 647/800/710 648/795/704 650/794/703 671/801/726
f 662/846/713 659/832/719 660/853/727 661/854/728
f 670/813/729 654/812/723 657/821/720 672/822/730
f 671/801/726 650/794/703 673/804/717 674/805/731
f 669/833/732 659/832/719 662/846/713 668/847/712
f 672/822/730 657/821/720 659/832/719 669/833/732
f 654/812/723 673/804/717 652/810/716 653/820/733
f 674/805/731 673/804/717 654/812/723 670/813/729
f 678/806/734 693/815/735 677/816/736 692/817/737 676/807/738
f 668/847/712 646/856/715 691/864/739 690/857/740
f 680/824/741 679/825/742 678/806/734 695/814/743
f 687/848/744 694/858/745 686/859/746 685/834/747
f 685/834/747 684/849/748 683/850/749 682/823/750
f 667/799/711 671/801/726 678/806/734 676/807/738 675/808/751
f 690/857/740 689/865/752 688/866/753 687/848/744
f 670/813/729 672/822/730 685/834/747 682/823/750
f 671/801/726 674/805/731 695/814/743 678/806/734
f 669/833/732 668/847/712 690/857/740 687/848/744
f 672/822/730 669/833/732 687/848/744 685/834/747
f 682/823/750 681/835/754 680/824/741 695/814/743
f 674/805/731 670/813/729 682/823/750 695/814/743
s 25
f 702/827/755 700/826/756 716/836/757 701/837/758 717/838/759
f 696/663/760 698/809/761 699/818/762 719/673/763
f 720/760/764 714/875/765 715/881/766 697/761/767
f 704/886/768 725/839/769 702/827/755 703/887/770
f 711/869/771 709/860/772 710/873/773 718/874/774
f 709/860/772 706/851/775 707/867/776 708/868/777
f 719/673/763 699/818/762 700/826/756 702/827/755 723/686/778
f 714/875/765 711/869/771 712/879/779 713/880/780
f 722/724/781 706/851/775 709/860/772 724/768/782
f 723/686/778 702/827/755 725/839/769 726/705/783
f 721/764/784 711/869/771 714/875/765 720/760/764
f 724/768/782 709/860/772 711/869/771 721/764/784
f 706/851/775 725/839/769 704/886/768 705/888/785
f 726/705/783 725/839/769 706/851/775 722/724/781
f 731/687/786 746/707/787 730/708/788 745/709/789 729/688/790
f 696/663/760 719/673/763 728/674/791 727/664/792
f 720/760/764 697/761/767 744/762/793 743/763/794
f 733/774/795 732/775/796 731/687/786 748/706/797
f 740/765/798 747/770/799 739/771/800 738/769/801
f 738/769/801 737/772/802 736/773/803 735/725/804
f 719/673/763 723/686/778 731/687/786 729/688/790 728/674/791
f 743/763/794 742/766/805 741/767/806 740/765/798
f 722/724/781 724/768/782 738/769/801 735/725/804
f 723/686/778 726/705/783 748/706/797 731/687/786
f 721/764/784 720/760/764 743/763/794 740/765/798
f 724/768/782 721/764/784 740/765/798 738/769/801
f 735/725/804 734/776/807 733/774/795 748/706/797
f 726/705/783 722/724/781 735/725/804 748/706/797
s 30
f 755/828/808 770/841/809 754/842/810 769/843/811 753/829/812
f 749/666/813 772/676/814 752/819/815 751/803/816
f 773/751/817 750/759/818 768/882/819 767/876/820
f 757/863/821 756/885/822 755/828/808 778/840/823
f 764/870/824 771/877/825 763/878/826 762/861/827
f 762/861/827 761/871/828 760/872/829 759/852/830
f 772/676/814 776/691/831 755/828/808 753/829/812 752/819/815
f 767/876/820 766/883/832 765/884/833 764/870/824
f 775/729/834 777/735/835 762/861/827 759/852/830
f 776/691/831 779/714/836 778/840/823 755/828/808
f 774/743/837 773/751/817 767/876/820 764/870/824
f 777/735/835 774/743/837 764/870/824 762/861/827
f 759/852/830 758/862/838 757/863/821 778/840/823
f 779/714/836 775/729/834 759/852/830 778/840/823
f 784/690/839 782/689/840 798/710/841 783/711/842 799/712/843
f 749/666/813 780/665/844 781/675/845 772/676/814
f 773/751/817 796/750/846 797/758/847 750/759/818
f 786/726/848 801/713/849 784/690/839 785/727/850
f 793/742/851 791/734/852 792/748/853 800/749/854
f 791/734/852 788/728/855 789/740/856 790/741/857
f 772/676/814 781/675/845 782/689/840 784/690/839 776/691/831
f 796/750/846 793/742/851 794/756/858 795/757/859
f 775/729/834 788/728/855 791/734/852 777/735/835
f 776/691/831 784/690/839 801/713/849 779/714/836
f 774/743/837 793/742/851 796/750/846 773/751/817
f 777/735/835 791/734/852 793/742/851 774/743/837
f 788/728/855 801/713/849 786/726/848 787/733/860
f 779/714/836 801/713/849 788/728/855 775/729/834
s off
f 698/809/861 696/663/862 749/666/863 751/803/864 802/802/865
s 37
f 696/663/866 727/664/867 962/657/868 963/987/869 780/665/870 749/666/871
s 20
f 802/802/708 667/799/711 675/808/751 698/809/872
s 38
f 807/889/873 822/890/874 806/891/875 821/892/876 805/893/877
f 959/902/878 824/894/879 804/896/880 908/903/881
f 825/934/882 803/949/883 820/950/884 819/935/885
f 809/911/886 808/912/887 807/889/873 830/901/888
f 816/924/889 823/936/890 815/937/891 814/917/892
f 814/917/892 813/925/893 812/926/894 811/910/895
f 824/894/879 828/895/896 807/889/873 805/893/877 804/896/880
f 819/935/885 818/951/897 817/952/898 816/924/889
f 827/909/899 829/916/900 814/917/892 811/910/895
f 828/895/896 831/900/901 830/901/888 807/889/873
f 826/923/902 825/934/882 819/935/885 816/924/889
f 829/916/900 826/923/902 816/924/889 814/917/892
f 811/910/895 810/918/903 809/911/886 830/901/888
f 831/900/901 827/909/899 811/910/895 830/901/888
f 835/899/904 833/898/905 849/905/906 834/906/907 850/907/908
f 825/934/882 847/948/909 848/957/910 803/949/883
f 837/913/911 852/908/912 835/899/904 836/914/913
f 844/933/914 842/922/915 843/946/916 851/947/917
f 842/922/915 839/915/918 840/931/919 841/932/920
f 824/894/879 832/897/921 833/898/905 835/899/904 828/895/896
f 847/948/909 844/933/914 845/955/922 846/956/923
f 827/909/899 839/915/918 842/922/915 829/916/900
f 828/895/896 835/899/904 852/908/912 831/900/901
f 826/923/902 844/933/914 847/948/909 825/934/882
f 829/916/900 842/922/915 844/933/914 826/923/902
f 839/915/918 852/908/912 837/913/911 838/921/924
f 831/900/901 852/908/912 839/915/918 827/909/899
s 45
f 859/929/925 874/943/926 858/944/927 873/945/928 857/930/929
f 853/661/930 876/672/931 856/920/932 855/904/933
f 877/777/934 854/780/935 872/977/936 871/971/937
f 861/981/938 860/982/939 859/929/925 882/942/940
f 868/965/941 875/972/942 867/973/943 866/961/944
f 866/961/944 865/966/945 864/967/946 863/954/947
f 876/672/931 880/685/948 859/929/925 857/930/929 856/920/932
f 871/971/937 870/978/949 869/979/950 868/965/941
f 879/723/951 881/783/952 866/961/944 863/954/947
f 880/685/948 883/704/953 882/942/940 859/929/925
f 878/781/954 877/777/934 871/971/937 868/965/941
f 881/783/952 878/781/954 868/965/941 866/961/944
f 863/954/947 862/983/955 861/981/938 882/942/940
f 883/704/953 879/723/951 863/954/947 882/942/940
f 888/684/956 886/683/957 902/700/958 887/701/959 903/702/960
f 853/661/930 884/654/961 885/671/962 876/672/931
f 877/777/934 900/778/963 901/779/964 854/780/935
f 890/791/965 905/703/966 888/684/956 889/792/967
f 897/782/968 895/784/969 896/787/970 904/788/971
f 895/784/969 892/722/972 893/789/973 894/790/974
f 876/672/931 885/671/962 886/683/957 888/684/956 880/685/948
f 900/778/963 897/782/968 898/785/975 899/786/976
f 879/723/951 892/722/972 895/784/969 881/783/952
f 880/685/948 888/684/956 905/703/966 883/704/953
f 878/781/954 897/782/968 900/778/963 877/777/934
f 881/783/952 895/784/969 897/782/968 878/781/954
f 892/722/972 905/703/966 890/791/965 891/793/977
f 883/704/953 905/703/966 892/722/972 879/723/951
s 52
f 912/928/978 910/927/979 926/938/980 911/939/981 927/940/982
f 906/662/983 908/903/984 909/919/985 929/669/986
f 930/744/987 924/970/988 925/976/989 907/752/990
f 914/958/991 935/941/992 912/928/978 913/980/993
f 921/964/994 919/960/995 920/968/996 928/969/997
f 919/960/995 916/953/998 917/962/999 918/963/1000
f 929/669/986 909/919/985 910/927/979 912/928/978 933/680/1001
f 924/970/988 921/964/994 922/974/1002 923/975/1003
f 932/718/1004 916/953/998 919/960/995 934/730/1005
f 933/680/1001 912/928/978 935/941/992 936/695/1006
f 931/736/1007 921/964/994 924/970/988 930/744/987
f 934/730/1005 919/960/995 921/964/994 931/736/1007
f 916/953/998 935/941/992 914/958/991 915/959/1008
f 936/695/1006 935/941/992 916/953/998 932/718/1004
f 941/681/1009 956/697/1010 940/698/1011 955/699/1012 939/682/1013
f 906/662/983 929/669/986 938/670/1014 937/655/1015
f 930/744/987 907/752/990 954/753/1016 953/745/1017
f 943/720/1018 942/721/1019 941/681/1009 958/696/1020
f 950/737/1021 957/746/1022 949/747/1023 948/731/1024
f 948/731/1024 947/738/1025 946/739/1026 945/719/1027
f 929/669/986 933/680/1001 941/681/1009 939/682/1013 938/670/1014
f 953/745/1017 952/754/1028 951/755/1029 950/737/1021
f 932/718/1004 934/730/1005 948/731/1024 945/719/1027
f 933/680/1001 936/695/1006 958/696/1020 941/681/1009
f 931/736/1007 930/744/987 953/745/1017 950/737/1021
f 934/730/1005 931/736/1007 950/737/1021 948/731/1024
f 945/719/1027 944/732/1030 943/720/1018 958/696/1020
f 936/695/1006 932/718/1004 945/719/1027 958/696/1020
s off
f 855/904/1031 959/902/1032 908/903/1033 906/662/1034 853/661/1035
f 853/661/1036 906/662/1037 937/655/1038 884/654/1039
s 38
f 959/902/878 855/904/1040 832/897/921 824/894/879
s 57
f 968/630/1041 969/637/1042 976/638/1043 961/639/1044 960/631/1045
s 37
f 963/656/869 962/986/868 966/640/1046 967/648/1047
s 57
f 884/654/1048 937/655/1049 965/647/1050 964/984/1051
s 37
f 967/648/1047 966/640/1046 960/631/1052 961/639/1053 975/649/1054
s 57
f 964/646/1051 965/985/1050 969/637/1042 968/630/1041
s 19
f 971/511/701 970/621/700 623/626/1055 592/512/1056
s 18
f 645/504/697 971/511/696 592/512/1057 594/505/1058
s 58
f 623/626/1059 970/621/1060 973/988/1061 974/989/1062
s 59
f 970/621/1063 570/617/1064 972/624/1065 973/988/1066
f 973/625/1066 972/990/1065 968/630/1067 960/631/1068
s 58
f 974/632/1062 973/625/1061 960/631/1069 966/640/1070
